game_pk,pitcher_id,game_date,pitcher_name,home_away,team_id,team_name,opponent_id,opponent_name,strikeouts,swinging_strikes,total_pitches,avg_velocity,avg_spin_rate,swstr_pct,opponent_k_rate,rolling_k,rolling_swstr,rolling_velocity,rolling_pitches
822804,453286,2026-06-10,"Scherzer, Max",home,141,Toronto Blue Jays,143,Philadelphia Phillies,4,11,82,87.93780487804878,2250.3048780487807,0.13414634146341464,0.2285140562248996,1.8,0.06921657444206752,87.79194789757865,68.6
822705,453286,2026-07-27,"Scherzer, Max",away,141,Toronto Blue Jays,120,Washington Nationals,4,6,75,88.03066666666668,2128.48,0.08,0.21253339810541658,1.8,0.07676873430101551,87.7493883912607,68.4
822783,453286,2026-08-02,"Scherzer, Max",home,141,Toronto Blue Jays,138,St. Louis Cardinals,5,8,84,87.65119047619048,2358.9523809523807,0.09523809523809523,0.20336538461538461,2.2,0.07054651207879328,87.79496616903847,76.2
823426,453286,2026-08-08,"Scherzer, Max",away,141,Toronto Blue Jays,143,Philadelphia Phillies,4,8,84,87.94285714285714,2308.2976190476193,0.09523809523809523,0.23144306131858,2.6,0.07782942524405939,87.79285132310011,79.4
822776,453286,2026-08-13,"Scherzer, Max",home,141,Toronto Blue Jays,111,Boston Red Sox,4,12,92,86.43152173913043,2252.413043478261,0.13043478260869565,0.21569920844327176,3.4,0.08336353077816493,87.72250383275261,81.4
822937,453286,2026-08-19,"Scherzer, Max",away,141,Toronto Blue Jays,139,Tampa Bay Rays,1,3,73,87.44383561643835,2298.5205479452056,0.0410958904109589,0.18652631578947368,4.2,0.10701146290966015,87.5988081805787,83.4
824362,500779,2026-05-07,"Quintana, Jose",home,115,Colorado Rockies,121,New York Mets,2,7,74,84.88243243243244,2024.8648648648648,0.0945945945945946,0.21017202692595363,2.4,0.0951194827364458,86.0236564313024,82.8
823386,500779,2026-05-13,"Quintana, Jose",away,115,Colorado Rockies,134,Pittsburgh Pirates,2,8,73,86.32328767123288,2080.4246575342468,0.1095890410958904,0.2311377245508982,2.4,0.09096147857844165,85.50501471266068,82.0
824357,500779,2026-05-18,"Quintana, Jose",home,115,Colorado Rockies,140,Texas Rangers,4,7,94,84.86276595744681,1952.1489361702127,0.07446808510638298,0.2336448598130841,2.6,0.09421262013095306,85.46620558024058,81.6
825081,500779,2026-05-24,"Quintana, Jose",away,115,Colorado Rockies,109,Arizona Diamondbacks,0,5,33,86.03939393939395,1998.6666666666667,0.15151515151515152,0.20380147835269272,3.2,0.10021734826334076,85.20875877172995,82.4
824360,518876,2026-05-15,"Kelly, Merrill",away,109,Arizona Diamondbacks,115,Colorado Rockies,3,6,100,88.329,2273.19,0.06,0.25405405405405407,4.0,0.12786406533046552,89.1126297977614,95.8
825084,518876,2026-05-20,"Kelly, Merrill",home,109,Arizona Diamondbacks,137,San Francisco Giants,4,8,85,89.2835294117647,2287.035294117647,0.09411764705882353,0.2136137244050913,4.0,0.11660825137697717,89.00122049543583,98.6
823219,518876,2026-05-25,"Kelly, Merrill",away,109,Arizona Diamondbacks,137,San Francisco Giants,4,8,96,88.77187500000001,2322.375,0.08333333333333333,0.21173469387755103,3.8,0.11166940455111811,88.98743132828382,95.4
823133,518876,2026-05-31,"Kelly, Merrill",away,109,Arizona Diamondbacks,136,Seattle Mariners,2,7,97,89.57938144329897,2285.6494845360826,0.07216494845360824,0.23087248322147652,4.4,0.10718222506393862,88.95949863597613,93.8
825073,518876,2026-06-05,"Kelly, Merrill",home,109,Arizona Diamondbacks,120,Washington Nationals,4,10,85,89.54705882352941,2319.3411764705884,0.11764705882352941,0.21396488362596977,3.8,0.08900651910248635,89.0975488376794,94.8
823855,518876,2026-06-11,"Kelly, Merrill",away,109,Arizona Diamondbacks,146,Miami Marlins,1,1,74,88.56756756756756,2346.7432432432433,0.013513513513513514,0.21843137254901962,3.4,0.08545259753385889,89.10216893571861,92.6
825070,518876,2026-06-16,"Kelly, Merrill",home,109,Arizona Diamondbacks,108,Los Angeles Angels,4,7,88,89.84772727272728,2303.5,0.07954545454545454,0.2475710687297589,3.0,0.07615530023656161,89.14988244923214,87.4
823040,518876,2026-06-22,"Kelly, Merrill",away,109,Arizona Diamondbacks,138,St. Louis Cardinals,2,6,96,89.79062499999999,2379.71875,0.0625,0.20273588214661523,3.0,0.07324086173388782,89.26272202142465,88.0
822959,518876,2026-06-28,"Kelly, Merrill",away,109,Arizona Diamondbacks,139,Tampa Bay Rays,3,3,93,89.66666666666667,2350.94623655914,0.03225806451612903,0.1883393383557157,2.6,0.06907419506722115,89.46647202142465,88.0
825063,518876,2026-07-04,"Kelly, Merrill",home,109,Arizona Diamondbacks,158,Milwaukee Brewers,6,12,92,90.87826086956521,2350.5760869565215,0.13043478260869565,0.21022896223609872,2.8,0.061092818279725306,89.48392906609818,87.2
823277,518876,2026-07-09,"Kelly, Merrill",away,109,Arizona Diamondbacks,135,San Diego Padres,6,12,94,89.92446808510638,2309.6170212765956,0.1276595744680851,0.2280908822661552,3.2,0.06365036303675856,89.75016947530534,88.6
825060,518876,2026-07-17,"Kelly, Merrill",home,109,Arizona Diamondbacks,138,St. Louis Cardinals,3,9,87,89.40574712643678,2364.103448275862,0.10344827586206896,0.20410458251335395,4.2,0.08647957522767287,90.02154957881311,92.6
825055,518876,2026-07-22,"Kelly, Merrill",home,109,Arizona Diamondbacks,133,Athletics,3,6,87,89.62528735632183,2308.402298850575,0.06896551724137931,0.22693395014135184,4.0,0.09126013949099573,89.933153549555,92.4
823353,518876,2026-07-27,"Kelly, Merrill",away,109,Arizona Diamondbacks,134,Pittsburgh Pirates,6,11,93,88.3537634408602,2282.6021505376343,0.11827956989247312,0.2416526543358155,4.2,0.09255324293927161,89.90008602081937,90.6
824404,518876,2026-08-02,"Kelly, Merrill",away,109,Arizona Diamondbacks,114,Cleveland Guardians,5,11,96,87.58749999999999,2317.7291666666665,0.11458333333333333,0.22116301239275502,4.8,0.10975754401454044,89.6375053756581,90.6
825051,518876,2026-08-07,"Kelly, Merrill",home,109,Arizona Diamondbacks,119,Los Angeles Dodgers,4,10,80,90.20375,2375.6,0.125,0.20457634798368826,4.6,0.10658725415946795,88.97935320174504,91.4
825047,518876,2026-08-12,"Kelly, Merrill",home,109,Arizona Diamondbacks,115,Colorado Rockies,2,5,71,87.84929577464789,2270.2535211267605,0.07042253521126761,0.22572178477690288,4.2,0.10605533926585094,89.03520958472377,88.6
824723,518876,2026-08-18,"Kelly, Merrill",away,109,Arizona Diamondbacks,111,Boston Red Sox,2,7,86,90.05813953488372,2269.8837209302324,0.08139534883720931,0.21512852928782134,4.0,0.09945019113569067,88.72391931436599,85.4
824934,519242,2026-04-26,"Sale, Chris",home,144,Atlanta Braves,143,Philadelphia Phillies,9,12,100,88.054,2301.51,0.12,0.21262135922330097,5.8,0.11862580438801137,86.77230321272279,88.4
824365,519242,2026-05-02,"Sale, Chris",away,144,Atlanta Braves,115,Colorado Rockies,11,19,102,89.53823529411764,2275.098039215686,0.18627450980392157,0.24641148325358853,6.4,0.12217125893346589,86.66673957635916,90.8
823957,519242,2026-05-08,"Sale, Chris",away,144,Atlanta Braves,119,Los Angeles Dodgers,7,16,102,89.24117647058824,2251.7450980392155,0.1568627450980392,0.20473537604456823,8.0,0.13664135076766795,87.68552587568902,95.4
824926,519242,2026-05-14,"Sale, Chris",home,144,Atlanta Braves,112,Chicago Cubs,8,14,100,88.04700000000001,2270.72,0.14,0.205204021289178,8.0,0.13684506861844462,88.19869623474173,100.4
823866,519242,2026-05-20,"Sale, Chris",away,144,Atlanta Braves,146,Miami Marlins,8,17,96,87.21458333333334,2374.4375,0.17708333333333334,0.21513513513513513,8.4,0.14835022325761987,88.12974571927782,101.0
824757,519242,2026-05-28,"Sale, Chris",away,144,Atlanta Braves,111,Boston Red Sox,8,16,96,89.22812499999999,2266.4270833333335,0.16666666666666666,0.2192251103482099,8.6,0.15604411764705883,88.41899901960785,100.0
824919,519242,2026-06-04,"Sale, Chris",home,144,Atlanta Braves,141,Toronto Blue Jays,6,13,108,88.85277777777777,2384.0,0.12037037037037036,0.192573402417962,8.4,0.16537745098039217,88.65382401960785,99.2
824590,519242,2026-06-10,"Sale, Chris",away,144,Atlanta Braves,145,Chicago White Sox,6,10,103,90.38155339805824,2471.27397260274,0.0970873786407767,0.23796369376479873,7.4,0.15219662309368193,88.51673251633987,100.4
824909,519242,2026-06-20,"Sale, Chris",home,144,Atlanta Braves,158,Milwaukee Brewers,7,11,101,89.64455445544554,2402.4356435643563,0.10891089108910891,0.20671563483735572,7.2,0.14024154980222941,88.74480790183387,100.6
823204,519242,2026-06-28,"Sale, Chris",away,144,Atlanta Braves,137,San Francisco Giants,10,16,94,90.92234042553193,2251.968085106383,0.1702127659574468,0.20753491393309517,7.0,0.1340237280200512,89.06431879292298,100.8
824903,519242,2026-07-04,"Sale, Chris",home,144,Atlanta Braves,121,New York Mets,3,10,98,90.22755102040816,2352.8673469387754,0.10204081632653061,0.22266219920804142,7.4,0.1326496145448739,89.8058702113627,100.4
823033,519242,2026-07-10,"Sale, Chris",away,144,Atlanta Braves,138,St. Louis Cardinals,5,7,43,88.20697674418605,2452.0,0.16279069767441862,0.20225368390638543,6.4,0.11972444447684669,90.00575541544433,100.8
824901,519242,2026-07-17,"Sale, Chris",home,144,Atlanta Braves,140,Texas Rangers,6,13,89,89.7370786516854,2388.932584269663,0.14606741573033707,0.22323904603438713,6.2,0.12820850993765634,89.87659520872599,87.8
824893,519242,2026-07-23,"Sale, Chris",home,144,Atlanta Braves,135,San Diego Padres,11,23,98,88.81020408163265,2461.8367346938776,0.23469387755102042,0.22336769759450173,6.2,0.13800451735556843,89.74770025945142,85.0
823598,519242,2026-07-29,"Sale, Chris",away,144,Atlanta Braves,121,New York Mets,9,12,94,89.87978723404257,2421.3936170212764,0.1276595744680851,0.22296626984126985,7.0,0.16316111464795072,89.58083018468884,84.4
823514,519242,2026-08-08,"Sale, Chris",away,144,Atlanta Braves,147,New York Yankees,8,12,103,88.95242718446602,2427.7961165048546,0.11650485436893204,0.2436280137772675,6.8,0.15465047635007836,89.37231954639097,84.4
824882,519242,2026-08-14,"Sale, Chris",home,144,Atlanta Braves,109,Arizona Diamondbacks,9,10,108,88.56851851851852,2421.3518518518517,0.09259259259259259,0.19125919515361314,7.8,0.15754328395855866,89.11729477920252,85.4
823746,519242,2026-08-21,"Sale, Chris",away,144,Atlanta Braves,158,Milwaukee Brewers,6,15,94,88.2159574468085,2374.31914893617,0.1595744680851064,0.21573349387918925,8.6,0.14350366294219344,89.18960313406903,98.4
823865,527048,2026-05-19,"Pérez, Martín",away,144,Atlanta Braves,146,Miami Marlins,10,11,78,85.04102564102564,2029.8333333333333,0.14102564102564102,0.212707182320442,3.4,0.08530131784758208,85.67305960528009,86.0
824921,527048,2026-05-24,"Pérez, Martín",home,144,Atlanta Braves,120,Washington Nationals,2,2,86,84.93837209302325,1951.8837209302326,0.023255813953488372,0.21613832853025935,5.2,0.1028397793860436,85.46686473348521,86.6
824513,527048,2026-05-30,"Pérez, Martín",away,144,Atlanta Braves,113,Cincinnati Reds,2,6,81,85.85061728395061,2035.9259259259259,0.07407407407407407,0.24266418258034467,5.2,0.09353745380464826,85.27151589627591,86.6
824914,527048,2026-06-05,"Pérez, Martín",home,144,Atlanta Braves,134,Pittsburgh Pirates,5,11,85,83.72823529411764,1946.5058823529412,0.12941176470588237,0.2344439983942192,4.8,0.09345865159818648,85.15483084242774,84.0
823616,527048,2026-06-13,"Pérez, Martín",away,144,Atlanta Braves,121,New York Mets,4,8,71,84.83239436619719,1939.5492957746478,0.11267605633802817,0.22043852779953016,4.8,0.09736298256134099,84.8578405386139,82.8
824910,527048,2026-06-19,"Pérez, Martín",home,144,Atlanta Braves,158,Milwaukee Brewers,5,10,82,84.62926829268294,1937.1707317073171,0.12195121951219512,0.20716566158212132,4.6,0.09608867001942281,84.87812893566287,80.2
823284,527048,2026-06-24,"Pérez, Martín",away,144,Atlanta Braves,135,San Diego Padres,4,4,82,84.49634146341464,1952.4268292682927,0.04878048780487805,0.23163051084674596,3.6,0.09227378571673363,84.79577746599432,81.0
824907,527048,2026-06-30,"Pérez, Martín",home,144,Atlanta Braves,138,St. Louis Cardinals,1,5,85,83.64,1968.4823529411765,0.058823529411764705,0.2017026850032744,4.0,0.09737872048701156,84.7073713400726,80.2
824902,527048,2026-07-05,"Pérez, Martín",home,144,Atlanta Braves,121,New York Mets,1,6,77,85.03116883116883,1976.8051948051948,0.07792207792207792,0.22292418772563177,3.8,0.09432861155454969,84.26524788328247,81.0
824896,527048,2026-07-22,"Pérez, Martín",home,144,Atlanta Braves,135,San Diego Padres,3,7,75,84.93733333333334,1939.52,0.09333333333333334,0.22308308843173924,3.0,0.08403067419778878,84.52583459069271,79.4
823597,527048,2026-07-27,"Pérez, Martín",away,144,Atlanta Braves,121,New York Mets,4,3,87,86.12528735632183,2068.287356321839,0.034482758620689655,0.22395179512929952,2.8,0.08016212959684983,84.54682238411995,80.2
824890,527048,2026-08-01,"Pérez, Martín",home,144,Atlanta Braves,120,Washington Nationals,6,10,78,85.62051282051281,1894.6538461538462,0.1282051282051282,0.21173469387755103,2.6,0.06266843741854873,84.84602619684773,81.2
824885,527048,2026-08-06,"Pérez, Martín",home,144,Atlanta Braves,146,Miami Marlins,3,4,35,86.38857142857142,1983.9714285714285,0.11428571428571428,0.21506121506121506,3.0,0.07855336549859876,85.07086046826737,80.4
824886,527048,2026-08-11,"Pérez, Martín",home,144,Atlanta Braves,121,New York Mets,2,7,82,84.23902439024391,1989.0975609756097,0.08536585365853659,0.22582781456953643,3.4,0.08964580247338867,85.62057475398166,70.4
823668,527048,2026-08-17,"Pérez, Martín",away,144,Atlanta Braves,142,Minnesota Twins,3,3,82,85.13414634146342,2036.780487804878,0.036585365853658534,0.21485690235690236,3.6,0.09113455762068041,85.46214586579667,71.4
823743,527048,2026-08-22,"Pérez, Martín",away,144,Atlanta Braves,158,Milwaukee Brewers,2,9,97,85.69381443298968,1984.9381443298969,0.09278350515463918,0.21610845295055822,3.6,0.07978496412474544,85.50150846742268,72.8
824261,543037,2026-06-22,"Cole, Gerrit",away,147,New York Yankees,116,Detroit Tigers,5,11,89,91.34719101123595,2430.1348314606744,0.12359550561797752,0.2297723292469352,4.8,0.07530352798153277,91.78673941990913,75.8
824745,543037,2026-06-27,"Cole, Gerrit",away,147,New York Yankees,111,Boston Red Sox,5,6,89,90.81348314606741,2420.044943820225,0.06741573033707865,0.21770972037283623,5.4,0.08891151799401717,91.52784428882298,79.2
823527,543037,2026-07-03,"Cole, Gerrit",home,147,New York Yankees,142,Minnesota Twins,7,7,88,92.62272727272727,2349.875,0.07954545454545454,0.21437090041741205,4.4,0.07201491722598986,91.61256623449216,81.2
822957,543037,2026-07-08,"Cole, Gerrit",away,147,New York Yankees,139,Tampa Bay Rays,6,9,97,92.88041237113401,2349.6494845360826,0.09278350515463918,0.18835008870490832,5.4,0.08310473102664703,91.7125333757846,82.2
823524,543037,2026-07-17,"Cole, Gerrit",home,147,New York Yankees,119,Los Angeles Dodgers,8,12,103,92.24466019417477,2351.902912621359,0.11650485436893204,0.20235231221598504,5.8,0.0920228778407074,91.78018211507164,85.0
823518,543037,2026-07-22,"Cole, Gerrit",home,147,New York Yankees,134,Pittsburgh Pirates,11,21,93,91.76989247311829,2358.8924731182797,0.22580645161290322,0.24008036162732296,6.2,0.09596901000481638,91.9816947990679,93.2
824569,543037,2026-07-28,"Cole, Gerrit",away,147,New York Yankees,145,Chicago White Sox,7,14,99,92.1969696969697,2408.717171717172,0.1414141414141414,0.23557451078775715,7.4,0.11641119920380154,92.06623509144436,94.0
824648,543037,2026-08-02,"Cole, Gerrit",away,147,New York Yankees,112,Chicago Cubs,5,6,99,93.06262626262627,2255.2323232323233,0.06060606060606061,0.2168373151308305,7.8,0.13121088141921408,92.34293240162481,96.0
823514,543037,2026-08-08,"Cole, Gerrit",home,147,New York Yankees,144,Atlanta Braves,9,8,82,92.25121951219512,2358.5365853658536,0.0975609756097561,0.2122803013010728,7.4,0.1274230026313353,92.4309121996046,98.2
822777,543037,2026-08-14,"Cole, Gerrit",away,147,New York Yankees,141,Toronto Blue Jays,5,8,87,93.11609195402299,2346.080459770115,0.09195402298850575,0.1951538965291421,8.0,0.12837849672235868,92.30507362781682,95.2
824802,543037,2026-08-20,"Cole, Gerrit",away,147,New York Yankees,110,Baltimore Orioles,8,14,93,91.88602150537633,2386.7204301075267,0.15053763440860216,0.2423421546155449,7.4,0.12346833044627341,92.47935997978648,92.0
822909,543135,2026-04-24,"Eovaldi, Nathan",home,140,Texas Rangers,133,Athletics,3,9,86,87.98837209302326,1934.546511627907,0.10465116279069768,0.23958333333333334,5.8,0.14790736004233457,87.97754642838768,88.0
822907,543135,2026-04-29,"Eovaldi, Nathan",home,140,Texas Rangers,147,New York Yankees,7,19,102,87.89117647058823,1932.1274509803923,0.18627450980392157,0.2373029772329247,5.0,0.13633759260047412,87.70522084699232,89.2
823550,543135,2026-05-06,"Eovaldi, Nathan",away,140,Texas Rangers,147,New York Yankees,8,16,101,86.37920792079207,1900.2970297029703,0.15841584158415842,0.22489082969432314,5.4,0.1508652218339857,87.86050159565545,92.0
824192,543135,2026-05-17,"Eovaldi, Nathan",away,140,Texas Rangers,117,Houston Astros,7,17,94,87.49361702127659,1855.1489361702127,0.18085106382978725,0.20791527313266445,5.6,0.13738709982823674,87.65763350239449,93.6
824030,543135,2026-05-23,"Eovaldi, Nathan",away,140,Texas Rangers,108,Los Angeles Angels,6,17,97,87.14742268041236,1821.0721649484535,0.17525773195876287,0.2533062054933876,5.6,0.1449858840227656,87.52373785903076,95.6
822896,543135,2026-05-28,"Eovaldi, Nathan",home,140,Texas Rangers,117,Houston Astros,6,11,90,87.24666666666667,1958.1555555555556,0.12222222222222222,0.21052631578947367,6.2,0.16109006199346557,87.3799592372185,96.0
823052,543135,2026-06-02,"Eovaldi, Nathan",away,140,Texas Rangers,138,St. Louis Cardinals,7,13,93,87.08602150537635,1924.4516129032259,0.13978494623655913,0.21188392445877477,6.8,0.16460427387977047,87.23161815194719,96.8
824105,543135,2026-06-09,"Eovaldi, Nathan",away,140,Texas Rangers,118,Kansas City Royals,2,6,88,87.35227272727273,1943.840909090909,0.06818181818181818,0.2146575891069283,6.8,0.15530636116629798,87.0705871589048,95.0
824751,543135,2026-06-14,"Eovaldi, Nathan",away,140,Texas Rangers,111,Boston Red Sox,6,11,94,88.01170212765958,1932.8617021276596,0.11702127659574468,0.21883548261039468,5.6,0.13725955648582994,87.26520012020094,92.4
822883,543135,2026-06-21,"Eovaldi, Nathan",home,140,Texas Rangers,135,San Diego Padres,9,16,94,86.71702127659574,1844.2553191489362,0.1702127659574468,0.23034934497816595,5.4,0.12449359903902142,87.36881714147754,92.4
822796,543135,2026-06-26,"Eovaldi, Nathan",away,140,Texas Rangers,141,Toronto Blue Jays,9,14,92,87.58260869565218,1919.858695652174,0.15217391304347827,0.19597492576707357,6.0,0.1234846058387582,87.28273686071421,91.8
822884,543135,2026-07-02,"Eovaldi, Nathan",home,140,Texas Rangers,116,Detroit Tigers,9,18,85,87.20705882352942,1918.5176470588235,0.21176470588235294,0.2285890326555761,6.6,0.1294749440030094,87.34992526651132,92.2
822877,543135,2026-07-09,"Eovaldi, Nathan",home,140,Texas Rangers,108,Los Angeles Angels,10,22,99,86.38888888888889,1822.989898989899,0.2222222222222222,0.24978687127024723,7.0,0.14387089593216817,87.37413273014194,90.6
824897,543135,2026-07-19,"Eovaldi, Nathan",away,140,Texas Rangers,144,Atlanta Braves,2,11,81,86.15185185185186,1787.148148148148,0.13580246913580246,0.2115123540591909,8.6,0.174678976740249,87.18145596246517,92.8
822869,543135,2026-07-25,"Eovaldi, Nathan",home,140,Texas Rangers,136,Seattle Mariners,8,11,91,87.37802197802198,1801.967032967033,0.12087912087912088,0.2288135593220339,7.8,0.17843521524826053,86.80948590730362,90.2
824164,543135,2026-07-31,"Eovaldi, Nathan",away,140,Texas Rangers,117,Houston Astros,5,13,94,85.39468085106384,1909.3829787234042,0.13829787234042554,0.21726618705035972,7.6,0.16856848623259535,86.94168604758886,89.6
822863,543135,2026-08-07,"Eovaldi, Nathan",home,140,Texas Rangers,110,Baltimore Orioles,2,8,86,87.31627906976745,1931.5232558139535,0.09302325581395349,0.2429000230893558,6.8,0.1657932780919848,86.50410047867119,90.0
824282,543243,2026-05-06,"Gray, Sonny",away,111,Boston Red Sox,116,Detroit Tigers,2,4,70,87.03142857142856,2598.8142857142857,0.05714285714285714,0.22304283604135894,2.6,0.07335403534791744,87.5648177604746,78.0
824763,543243,2026-05-13,"Gray, Sonny",home,111,Boston Red Sox,143,Philadelphia Phillies,6,9,78,86.3025641025641,2595.7051282051284,0.11538461538461539,0.21019509125235997,2.0,0.07228260677648887,87.31260347476031,76.0
824114,543243,2026-05-18,"Gray, Sonny",away,111,Boston Red Sox,118,Kansas City Royals,9,12,80,87.99125000000001,2534.0,0.15,0.21271806415306696,2.6,0.08156642640513609,86.81702434125015,74.2
824759,543243,2026-05-24,"Gray, Sonny",home,111,Boston Red Sox,142,Minnesota Twins,4,6,75,86.57733333333334,2462.9733333333334,0.08,0.22596879718168092,4.0,0.09601087084958052,87.1279410079168,72.2
824431,543243,2026-05-30,"Gray, Sonny",away,111,Boston Red Sox,114,Cleveland Guardians,7,13,92,87.3141304347826,2519.641304347826,0.14130434782608695,0.1983695652173913,4.6,0.09050549450549451,87.0735152014652,68.6
823538,543243,2026-06-05,"Gray, Sonny",away,111,Boston Red Sox,147,New York Yankees,3,6,79,87.72784810126582,2427.9113924050635,0.0759493670886076,0.2301148447469162,5.6,0.1087663640707119,87.04334128842171,79.0
824752,543243,2026-06-12,"Gray, Sonny",home,111,Boston Red Sox,140,Texas Rangers,7,10,88,87.98636363636363,2462.8522727272725,0.11363636363636363,0.22554027504911592,5.8,0.11252766605986197,87.18262519438917,80.8
824748,543243,2026-06-18,"Gray, Sonny",home,111,Boston Red Sox,141,Toronto Blue Jays,4,5,89,87.74943820224719,2487.741573033708,0.056179775280898875,0.19617052023121387,6.0,0.11217801571021162,87.51938510114908,82.8
824340,543243,2026-06-23,"Gray, Sonny",away,111,Boston Red Sox,115,Colorado Rockies,11,16,93,88.35806451612902,2463.2795698924733,0.17204301075268819,0.23176823176823177,5.0,0.09341397076639141,87.47102274159852,84.6
824744,543243,2026-06-28,"Gray, Sonny",home,111,Boston Red Sox,147,New York Yankees,9,14,97,88.43092783505153,2511.443298969072,0.14432989690721648,0.231016731016731,6.4,0.11182257291692906,87.82716897815766,88.2
824012,543243,2026-07-04,"Gray, Sonny",away,111,Boston Red Sox,108,Los Angeles Angels,7,7,70,86.71285714285713,2552.1285714285714,0.1,0.2483679525222552,6.8,0.11242768273315495,88.05052845821145,89.2
823604,543243,2026-07-10,"Gray, Sonny",away,111,Boston Red Sox,121,New York Mets,3,1,91,87.50989010989011,2445.3076923076924,0.01098901098901099,0.21869688385269123,7.6,0.11723780931543344,87.8475302665297,87.4
824739,543243,2026-07-19,"Gray, Sonny",home,111,Boston Red Sox,139,Tampa Bay Rays,5,8,91,87.37032967032967,2358.868131868132,0.08791208791208792,0.18823208934895125,6.8,0.0967083387859629,87.752235561235,88.0
824734,543243,2026-07-25,"Gray, Sonny",home,111,Boston Red Sox,141,Toronto Blue Jays,3,11,75,87.66133333333333,2455.68,0.14666666666666667,0.19584954604409857,7.0,0.10305480131220071,87.67641385485149,88.4
824974,543243,2026-07-30,"Gray, Sonny",away,111,Boston Red Sox,133,Athletics,5,9,97,86.9020618556701,2541.7319587628867,0.09278350515463918,0.2270205066344994,5.4,0.09797953249499641,87.53706761829235,84.8
824728,543243,2026-08-05,"Gray, Sonny",home,111,Boston Red Sox,145,Chicago White Sox,8,15,83,86.41084337349398,2533.6987951807228,0.18072289156626506,0.23742360131640808,4.6,0.08767025414448096,87.23129442241607,84.8
822780,543243,2026-08-10,"Gray, Sonny",away,111,Boston Red Sox,141,Toronto Blue Jays,4,4,99,87.8858585858586,2582.7272727272725,0.04040404040404041,0.1965330932012607,4.8,0.10381483245773397,87.17089166854343,87.4
823347,543243,2026-08-15,"Gray, Sonny",away,111,Boston Red Sox,134,Pittsburgh Pirates,7,9,86,87.83023255813953,2526.0232558139537,0.10465116279069768,0.24091659785301403,5.0,0.10969783834073983,87.24608536373714,89.0
824721,543243,2026-08-21,"Gray, Sonny",home,111,Boston Red Sox,137,San Francisco Giants,6,8,97,87.08247422680412,2465.1649484536083,0.08247422680412371,0.212,5.4,0.1130456533164618,87.3380659412991,88.0
823638,547179,2026-04-24,"Lorenzen, Michael",away,115,Colorado Rockies,121,New York Mets,3,5,90,87.92,2351.6111111111113,0.05555555555555555,0.21757770632368703,3.2,0.09664732284223425,87.71714479447556,85.8
824524,547179,2026-04-30,"Lorenzen, Michael",away,115,Colorado Rockies,113,Cincinnati Reds,5,9,85,87.56235294117647,2290.6117647058823,0.10588235294117647,0.2451669595782074,3.0,0.09055413287807654,87.69942436436803,85.2
824361,547179,2026-05-06,"Lorenzen, Michael",home,115,Colorado Rockies,121,New York Mets,2,8,87,87.84827586206897,2281.7816091954023,0.09195402298850575,0.21500386697602475,3.6,0.09354878528449365,87.91085599156436,86.8
823385,547179,2026-05-12,"Lorenzen, Michael",away,115,Colorado Rockies,134,Pittsburgh Pirates,5,5,85,89.5635294117647,2295.070588235294,0.058823529411764705,0.23194614443084455,3.2,0.09193958988219479,87.98551116397816,84.2
824358,547179,2026-05-17,"Lorenzen, Michael",home,115,Colorado Rockies,109,Arizona Diamondbacks,5,9,101,89.62574257425743,2360.089108910891,0.0891089108910891,0.2078720787207872,3.6,0.07835218308849141,88.34610437027476,87.0
825080,547179,2026-05-23,"Lorenzen, Michael",away,115,Colorado Rockies,109,Arizona Diamondbacks,5,7,94,90.34042553191489,2436.404255319149,0.07446808510638298,0.2036637931034483,4.0,0.08026487435761831,88.50398015785352,89.6
824353,547179,2026-05-29,"Lorenzen, Michael",home,115,Colorado Rockies,137,San Francisco Giants,2,5,70,90.04714285714286,2431.3142857142857,0.07142857142857142,0.21075581395348839,4.4,0.0840473802677838,88.9880652642365,90.4
824024,547179,2026-06-03,"Lorenzen, Michael",away,115,Colorado Rockies,108,Los Angeles Angels,5,8,85,89.21176470588236,2400.9529411764706,0.09411764705882353,0.24765957446808512,3.8,0.0771566239652628,89.48502324742978,87.4
824348,547179,2026-06-10,"Lorenzen, Michael",home,115,Colorado Rockies,112,Chicago Cubs,7,10,84,88.43452380952381,2448.2619047619046,0.11904761904761904,0.21140684410646388,4.4,0.07758934877932636,89.75772101619245,87.0
824666,547179,2026-06-15,"Lorenzen, Michael",away,115,Colorado Rockies,112,Chicago Cubs,5,6,89,87.27078651685393,2388.2134831460676,0.06741573033707865,0.21398154719659332,4.8,0.08963416670649721,89.53191989574427,86.8
824343,547179,2026-06-21,"Lorenzen, Michael",home,115,Colorado Rockies,134,Pittsburgh Pirates,5,4,90,89.55555555555556,2408.4555555555557,0.044444444444444446,0.23634558093346575,4.8,0.08529553059569513,89.06092868426357,84.4
823689,547179,2026-06-27,"Lorenzen, Michael",away,115,Colorado Rockies,142,Minnesota Twins,1,7,92,89.95434782608694,2246.1521739130435,0.07608695652173914,0.21636133922931144,4.8,0.07929080246330741,88.90395468899172,83.6
824335,547179,2026-07-02,"Lorenzen, Michael",home,115,Colorado Rockies,146,Miami Marlins,1,5,95,88.84631578947368,2293.294736842105,0.05263157894736842,0.2178036096665647,4.6,0.08022247948194096,88.88539568278051,88.0
823929,547179,2026-07-07,"Lorenzen, Michael",away,115,Colorado Rockies,119,Los Angeles Dodgers,5,8,95,88.59473684210526,2322.315789473684,0.08421052631578947,0.20190689848569826,3.8,0.07192526585964994,88.8123058994988,90.0
823199,547179,2026-07-12,"Lorenzen, Michael",away,115,Colorado Rockies,137,San Francisco Giants,1,2,79,89.79620253164556,2368.1645569620255,0.02531645569620253,0.2072349971957375,3.4,0.06495784731328402,88.84434850601508,92.2
824329,547179,2026-07-21,"Lorenzen, Michael",home,115,Colorado Rockies,120,Washington Nationals,5,5,80,89.80499999999999,2377.85,0.0625,0.21428571428571427,2.6,0.0565379923851088,89.34943170897341,90.2
823275,547179,2026-07-28,"Lorenzen, Michael",away,115,Colorado Rockies,135,San Diego Padres,2,9,93,88.26666666666667,2362.1720430107525,0.0967741935483871,0.22315308453922314,2.6,0.060149103496219915,89.39932059786229,88.2
824324,547179,2026-08-03,"Lorenzen, Michael",home,115,Colorado Rockies,139,Tampa Bay Rays,0,3,75,87.39333333333333,2401.9733333333334,0.04,0.19170860292355618,2.8,0.0642865509015495,89.06178436597824,88.4
823020,547179,2026-08-09,"Lorenzen, Michael",away,115,Colorado Rockies,138,St. Louis Cardinals,1,5,97,89.33917525773195,2319.8041237113403,0.05154639175257732,0.20318543799772468,2.6,0.061760235112075824,88.77118787475015,84.4
823184,547179,2026-08-15,"Lorenzen, Michael",away,115,Colorado Rockies,137,San Francisco Giants,1,5,82,88.95365853658537,2422.2195121951218,0.06097560975609756,0.20924627519719544,1.8,0.05522740819943339,88.92007555787549,84.8
823458,554430,2026-05-23,"Wheeler, Zack",home,143,Philadelphia Phillies,114,Cleveland Guardians,6,13,99,90.45858585858585,2263.4141414141413,0.13131313131313133,0.19740129935032483,6.0,0.11169189612748989,90.3655181647127,92.2
823946,554430,2026-05-29,"Wheeler, Zack",away,143,Philadelphia Phillies,119,Los Angeles Dodgers,4,8,90,90.37333333333333,2442.0222222222224,0.08888888888888889,0.20241411327762301,6.0,0.10462118905678282,90.48223533642985,95.2
823457,554430,2026-06-04,"Wheeler, Zack",home,143,Philadelphia Phillies,135,San Diego Padres,8,11,104,91.95673076923077,2437.7403846153848,0.10576923076923077,0.23478260869565218,5.2,0.09686705194094357,90.82754030096888,94.4
822805,554430,2026-06-09,"Wheeler, Zack",away,143,Philadelphia Phillies,141,Toronto Blue Jays,5,11,96,90.80833333333334,2446.3020833333335,0.11458333333333333,0.19249201277955272,6.0,0.0976127348294836,91.31358033236604,95.6
823452,554430,2026-06-15,"Wheeler, Zack",home,143,Philadelphia Phillies,146,Miami Marlins,9,11,97,90.69278350515465,2325.4845360824743,0.1134020618556701,0.21851851851851853,6.2,0.10443744747316175,91.24858033236606,97.4
823449,554430,2026-06-21,"Wheeler, Zack",home,143,Philadelphia Phillies,121,New York Mets,7,16,104,89.63749999999999,2416.153846153846,0.15384615384615385,0.22049469964664312,6.4,0.11079132923205089,90.85795335992759,97.2
823610,554430,2026-06-26,"Wheeler, Zack",away,143,Philadelphia Phillies,121,New York Mets,5,14,98,89.23979591836735,2381.918367346939,0.14285714285714285,0.22262652993714852,6.6,0.1152979337386554,90.69373618821042,98.2
823446,554430,2026-07-01,"Wheeler, Zack",home,143,Philadelphia Phillies,134,Pittsburgh Pirates,10,17,104,90.22115384615384,2424.826923076923,0.16346153846153846,0.23956174119040569,6.8,0.12609158453230618,90.46702870521722,99.8
824495,554430,2026-07-07,"Wheeler, Zack",away,143,Philadelphia Phillies,113,Cincinnati Reds,14,20,104,89.59903846153846,2366.7403846153848,0.19230769230769232,0.2468916518650089,7.2,0.13763004607076773,90.11991332060184,99.8
824250,554430,2026-07-12,"Wheeler, Zack",away,143,Philadelphia Phillies,116,Detroit Tigers,10,18,96,89.55208333333333,2215.0625,0.1875,0.23011844331641285,9.0,0.1531749178656395,89.87805434624286,101.4
823437,554430,2026-07-21,"Wheeler, Zack",home,143,Philadelphia Phillies,119,Los Angeles Dodgers,9,19,93,89.84408602150538,2316.0967741935483,0.20430107526881722,0.20482546201232033,9.2,0.16799450549450548,89.64991431187859,101.2
823839,554430,2026-07-27,"Wheeler, Zack",away,143,Philadelphia Phillies,146,Miami Marlins,6,14,68,87.43529411764706,2286.779411764706,0.20588235294117646,0.2173043260815204,9.6,0.17808548977903818,89.69123151617967,99.0
823428,554430,2026-08-07,"Wheeler, Zack",home,143,Philadelphia Phillies,141,Toronto Blue Jays,6,16,116,89.78620689655173,2366.456896551724,0.13793103448275862,0.19461216906641896,9.8,0.1906905317958449,89.33033115603561,93.0
823017,554430,2026-08-12,"Wheeler, Zack",away,143,Philadelphia Phillies,138,St. Louis Cardinals,5,8,84,90.05,2341.345238095238,0.09523809523809523,0.203243003109729,9.0,0.18558443100008892,89.2433417661152,95.4
823423,554430,2026-08-18,"Wheeler, Zack",home,143,Philadelphia Phillies,146,Miami Marlins,7,9,98,90.21836734693878,2431.622448979592,0.09183673469387756,0.2155915108216012,7.2,0.16617051158616952,89.3335340738075,91.4
823612,571510,2026-06-25,"Boyd, Matthew",away,112,Chicago Cubs,121,New York Mets,4,12,76,86.22500000000001,2324.4868421052633,0.15789473684210525,0.22337924084648975,6.2,0.15044980348931716,86.37519478495162,86.0
824661,571510,2026-06-30,"Boyd, Matthew",home,112,Chicago Cubs,135,San Diego Padres,2,6,76,86.10000000000001,2163.1973684210525,0.07894736842105263,0.2287495897604201,5.6,0.12488589371488108,85.83733764209448,88.6
824820,571510,2026-07-07,"Boyd, Matthew",away,112,Chicago Cubs,110,Baltimore Orioles,7,14,93,85.83010752688172,2288.1397849462364,0.15053763440860216,0.24115942028985507,4.0,0.10802230617460182,85.8050927441353,84.2
824491,571510,2026-07-12,"Boyd, Matthew",away,112,Chicago Cubs,113,Cincinnati Reds,3,8,92,82.96195652173913,2196.9239130434785,0.08695652173913043,0.250280583613917,4.4,0.11193935686584604,85.7034952018926,86.0
824657,571510,2026-07-18,"Boyd, Matthew",home,112,Chicago Cubs,142,Minnesota Twins,4,5,91,83.65714285714286,2225.6923076923076,0.054945054945054944,0.21596998928188638,4.2,0.11614384802685895,85.0517106820646,86.2
823352,571510,2026-07-24,"Boyd, Matthew",away,112,Chicago Cubs,134,Pittsburgh Pirates,4,6,97,84.53814432989691,2116.5257731958764,0.061855670103092786,0.24296990626541687,4.0,0.10585626327118906,84.95484138115275,85.6
823022,571510,2026-07-29,"Boyd, Matthew",away,112,Chicago Cubs,138,St. Louis Cardinals,5,5,89,83.71460674157304,2212.7078651685392,0.056179775280898875,0.20219670494258613,4.0,0.08664844992338659,84.61747024713212,89.8
824647,571510,2026-08-03,"Boyd, Matthew",home,112,Chicago Cubs,119,Los Angeles Dodgers,3,4,92,84.14347826086956,2277.4239130434785,0.043478260869565216,0.20534262485481997,4.6,0.08209493129535583,84.14039159544673,92.4
824078,571510,2026-08-09,"Boyd, Matthew",away,112,Chicago Cubs,118,Kansas City Royals,3,8,98,85.5265306122449,2233.7448979591836,0.08163265306122448,0.2091606498194946,3.8,0.06068305658754845,83.8030657422443,92.2
824644,571510,2026-08-15,"Boyd, Matthew",home,112,Chicago Cubs,138,St. Louis Cardinals,2,6,97,84.23917525773196,2267.463917525773,0.061855670103092786,0.20341207349081364,3.8,0.05961828285196726,84.31598056034545,93.4
823101,571510,2026-08-21,"Boyd, Matthew",away,112,Chicago Cubs,136,Seattle Mariners,3,9,86,83.62558139534885,2310.686046511628,0.10465116279069768,0.23003128258602712,3.4,0.061000405883574825,84.43238704046328,94.6
822985,571578,2026-05-06,"Corbin, Patrick",away,141,Toronto Blue Jays,139,Tampa Bay Rays,1,2,61,85.21803278688525,1963.6065573770493,0.03278688524590164,0.18815592203898052,4.0,0.08700547404940553,85.0949014780206,78.4
822817,571578,2026-05-12,"Corbin, Patrick",home,141,Toronto Blue Jays,139,Tampa Bay Rays,1,4,86,84.14767441860465,1954.2790697674418,0.046511627906976744,0.1852340145023072,3.6,0.07473932168682117,85.36603744716237,73.6
823549,571578,2026-05-18,"Corbin, Patrick",away,141,Toronto Blue Jays,147,New York Yankees,3,9,79,83.22278481012658,1951.6962025316457,0.11392405063291139,0.2340782122905028,2.6,0.061256837141634234,84.9489900524023,75.0
822814,571578,2026-05-23,"Corbin, Patrick",home,141,Toronto Blue Jays,134,Pittsburgh Pirates,7,12,84,84.43928571428572,1928.952380952381,0.14285714285714285,0.2330193356470005,2.6,0.07481087803744728,84.38831624519683,77.8
824834,571578,2026-05-28,"Corbin, Patrick",away,141,Toronto Blue Jays,110,Baltimore Orioles,4,6,80,83.95125,1891.25,0.075,0.24150943396226415,3.2,0.07481087803744728,84.29593529281587,77.8
824917,571578,2026-06-03,"Corbin, Patrick",away,141,Toronto Blue Jays,144,Atlanta Braves,1,4,85,84.28941176470589,1980.6235294117646,0.047058823529411764,0.20731182795698924,3.2,0.08221594132858653,84.19580554598045,78.0
822806,571578,2026-06-08,"Corbin, Patrick",home,141,Toronto Blue Jays,143,Philadelphia Phillies,3,9,79,84.8746835443038,1995.859375,0.11392405063291139,0.22580645161290322,3.2,0.08507032898528855,84.01008134154458,82.8
822801,571578,2026-06-14,"Corbin, Patrick",home,141,Toronto Blue Jays,147,New York Yankees,3,7,76,83.5421052631579,1925.3684210526317,0.09210526315789473,0.22827743902439024,3.6,0.09855281353047549,84.15548316668439,81.4
824665,571578,2026-06-20,"Corbin, Patrick",away,141,Toronto Blue Jays,112,Chicago Cubs,4,10,101,83.14653465346534,1810.2970297029703,0.09900990099009901,0.2101570330771801,3.6,0.09418905603547215,84.21934725729065,80.8
822796,571578,2026-06-26,"Corbin, Patrick",home,141,Toronto Blue Jays,140,Texas Rangers,5,5,94,85.66170212765957,2075.0425531914893,0.05319148936170213,0.22317314022383147,3.0,0.08541960766206338,83.96079704512658,84.2
824446,571927,2026-04-27,"Matz, Steven",away,139,Tampa Bay Rays,114,Cleveland Guardians,2,6,95,88.35157894736842,2176.7473684210527,0.06315789473684211,0.211306765523633,5.0,0.10473660387749735,86.96673972003869,83.4
822987,571927,2026-05-03,"Matz, Steven",home,139,Tampa Bay Rays,137,San Francisco Giants,1,12,89,88.40112359550561,2220.6516853932585,0.1348314606741573,0.2200836820083682,5.0,0.09761509640511268,87.09557402803088,86.2
822977,571927,2026-05-20,"Matz, Steven",home,139,Tampa Bay Rays,110,Baltimore Orioles,5,6,67,87.75223880597014,2267.268656716418,0.08955223880597014,0.24741707449700925,3.6,0.10602468750901631,87.49105647909077,84.6
824836,571927,2026-05-27,"Matz, Steven",away,139,Tampa Bay Rays,110,Baltimore Orioles,2,3,62,86.59354838709677,2285.3064516129034,0.04838709677419355,0.24386724386724387,3.2,0.09211695345202853,87.75150424028479,80.4
822971,571927,2026-06-02,"Matz, Steven",home,139,Tampa Bay Rays,116,Detroit Tigers,2,4,53,85.88867924528303,2260.4150943396226,0.07547169811320754,0.22828014184397163,2.8,0.08017275118524561,87.58697067446091,78.0
822942,571927,2026-08-14,"Matz, Steven",home,139,Tampa Bay Rays,110,Baltimore Orioles,1,2,21,86.33333333333333,2258.4285714285716,0.09523809523809523,0.24237771441105505,2.4,0.08228007782087413,87.3974337962448,73.2
824521,571945,2026-05-12,"Mikolas, Miles",away,120,Washington Nationals,113,Cincinnati Reds,2,4,71,88.6112676056338,2242.0140845070423,0.056338028169014086,0.2445019404915912,3.4,0.07594076022205817,87.39021222973682,78.4
824741,571945,2026-06-29,"Mikolas, Miles",away,120,Washington Nationals,111,Boston Red Sox,3,6,97,88.84948453608247,2202.5520833333335,0.061855670103092786,0.21828236824983735,3.0,0.06865166482493315,87.80236265808007,73.2
822712,571945,2026-07-06,"Mikolas, Miles",home,120,Washington Nationals,117,Houston Astros,3,5,99,88.39696969696969,2232.3838383838383,0.050505050505050504,0.21704087507196315,2.8,0.06722969539727586,88.37547795610115,75.2
822706,571945,2026-07-26,"Mikolas, Miles",home,120,Washington Nationals,109,Arizona Diamondbacks,1,1,63,90.13809523809523,2198.3809523809523,0.015873015873015872,0.19406392694063926,2.8,0.06278525095283141,88.62032644094965,84.0
824890,571945,2026-08-01,"Mikolas, Miles",away,120,Washington Nationals,144,Atlanta Braves,3,8,94,85.34787234042552,2139.2127659574467,0.0851063829787234,0.21306749939947153,2.4,0.05583327184895357,89.145920172113,80.8
823430,571945,2026-08-06,"Mikolas, Miles",away,120,Washington Nationals,143,Philadelphia Phillies,1,4,93,86.06881720430107,2142.3978494623657,0.043010752688172046,0.23367778299671207,2.4,0.05393562952577933,88.26873788344135,84.8
824124,579328,2026-04-24,"Kikuchi, Yusei",away,108,Los Angeles Angels,118,Kansas City Royals,5,7,90,91.60222222222222,2191.9444444444443,0.07777777777777778,0.22952586206896552,5.4,0.1149337479158368,88.97768987805617,88.4
824608,579328,2026-04-29,"Kikuchi, Yusei",away,108,Los Angeles Angels,145,Chicago White Sox,1,0,35,88.88571428571429,2143.4857142857145,0.0,0.24521739130434783,5.8,0.10490790812255513,89.53162269459364,89.2
822826,592332,2026-04-25,"Gausman, Kevin",home,141,Toronto Blue Jays,114,Cleveland Guardians,3,11,91,89.35164835164835,1934.3956043956043,0.12087912087912088,0.21036889332003988,7.0,0.1478244666584096,88.93782396913487,87.8
823714,592332,2026-04-30,"Gausman, Kevin",away,141,Toronto Blue Jays,142,Minnesota Twins,2,7,94,88.70531914893617,2039.8297872340424,0.07446808510638298,0.2273105745212323,5.4,0.13344607396676392,88.93225002500671,89.4
822986,592332,2026-05-05,"Gausman, Kevin",away,141,Toronto Blue Jays,139,Tampa Bay Rays,3,10,96,90.31770833333333,2036.5833333333333,0.10416666666666667,0.18937644341801385,3.8,0.10564306177455736,89.04859475367036,90.4
822818,592332,2026-05-11,"Gausman, Kevin",home,141,Toronto Blue Jays,139,Tampa Bay Rays,5,9,100,90.382,2078.74,0.09,0.1855111712931618,3.4,0.10504782367931927,89.30856499176558,92.8
824279,592332,2026-05-17,"Gausman, Kevin",away,141,Toronto Blue Jays,116,Detroit Tigers,5,8,97,88.61237113402062,2028.9896907216496,0.08247422680412371,0.22732626619552415,3.4,0.09418184429787597,89.44970725980683,93.4
822816,592332,2026-05-22,"Gausman, Kevin",home,141,Toronto Blue Jays,134,Pittsburgh Pirates,8,17,94,88.31063829787234,1936.627659574468,0.18085106382978725,0.23170116102978294,3.6,0.09439761989125885,89.47380939358769,95.6
822809,592332,2026-05-27,"Gausman, Kevin",home,141,Toronto Blue Jays,146,Miami Marlins,5,4,95,90.86000000000001,2005.4105263157894,0.042105263157894736,0.21626794258373205,4.6,0.10639200848139212,89.2656073828325,96.2
824918,592332,2026-06-02,"Gausman, Kevin",away,141,Toronto Blue Jays,144,Atlanta Braves,8,17,96,88.95625,2048.8645833333335,0.17708333333333334,0.206279982555604,5.2,0.09991944409169448,89.69654355304526,96.4
822807,592332,2026-06-07,"Gausman, Kevin",home,141,Toronto Blue Jays,110,Baltimore Orioles,5,10,93,88.8989247311828,1984.8709677419354,0.10752688172043011,0.23584142394822005,6.2,0.11450277742502779,89.4242518863786,96.4
822802,592332,2026-06-13,"Gausman, Kevin",home,141,Toronto Blue Jays,147,New York Yankees,7,18,105,89.34571428571428,1950.2285714285715,0.17142857142857143,0.22788721514098106,6.2,0.11800815376911382,89.12763683261515,95.0
824663,592332,2026-06-19,"Gausman, Kevin",away,141,Toronto Blue Jays,112,Chicago Cubs,3,10,68,87.23382352941177,1978.9117647058824,0.14705882352941177,0.2127297481279782,6.6,0.13579902269400337,89.27430546295389,96.6
822797,592332,2026-06-25,"Gausman, Kevin",home,141,Toronto Blue Jays,140,Texas Rangers,4,11,99,88.70202020202021,1959.828282828283,0.1111111111111111,0.22440813604534846,5.6,0.1290405746339283,89.05894250926177,91.4
822793,592332,2026-06-30,"Gausman, Kevin",home,141,Toronto Blue Jays,121,New York Mets,7,14,96,89.92604166666666,2077.2395833333335,0.14583333333333334,0.22187204538291838,5.4,0.14284174422457155,88.62734654966582,92.2
823205,592332,2026-07-06,"Gausman, Kevin",away,141,Toronto Blue Jays,137,San Francisco Giants,8,14,92,86.24021739130436,1960.1847826086957,0.15217391304347827,0.20717488789237667,5.2,0.13659174422457154,88.82130488299914,92.2
823274,592332,2026-07-12,"Gausman, Kevin",away,141,Toronto Blue Jays,135,San Diego Padres,8,12,103,90.53106796116505,2062.0388349514565,0.11650485436893204,0.22758423757852655,5.8,0.14552115048918118,88.28956341502345,92.0
822787,592332,2026-07-21,"Gausman, Kevin",home,141,Toronto Blue Jays,139,Tampa Bay Rays,1,4,90,89.53222222222222,2112.3,0.044444444444444446,0.1888,6.0,0.1345364070772533,88.52663415011361,91.6
824730,592332,2026-07-26,"Gausman, Kevin",away,141,Toronto Blue Jays,111,Boston Red Sox,6,12,98,89.85204081632654,2066.8673469387754,0.12244897959183673,0.21920289855072464,5.6,0.11401353126025984,88.9863138886757,96.0
822781,592332,2026-08-01,"Gausman, Kevin",home,141,Toronto Blue Jays,138,St. Louis Cardinals,4,11,94,89.55531914893618,1986.095744680851,0.11702127659574468,0.20383402086872118,6.0,0.11628110495640498,89.21631801153697,95.8
824081,592332,2026-08-07,"Gausman, Kevin",away,112,Chicago Cubs,118,Kansas City Royals,4,11,96,89.89791666666667,1979.3854166666667,0.11458333333333333,0.21077981651376146,5.4,0.11051869360888725,89.14217350799086,95.4
822696,592332,2026-08-13,"Gausman, Kevin",away,112,Chicago Cubs,120,Washington Nationals,7,11,93,89.30645161290323,1958.2043010752689,0.11827956989247312,0.21401435204727734,4.6,0.10300057766685825,89.87371336306333,96.2
824639,592332,2026-08-18,"Gausman, Kevin",home,112,Chicago Cubs,145,Chicago White Sox,5,16,86,87.71976744186045,1915.3255813953488,0.18604651162790697,0.23919915700737618,4.4,0.10335552077156647,89.62879009341097,94.2
823229,592662,2026-04-25,"Ray, Robbie",home,137,San Francisco Giants,146,Miami Marlins,4,12,97,89.23505154639174,2173.680412371134,0.12371134020618557,0.2032355915065723,6.2,0.12704087001740982,88.35720189516168,96.2
822990,592662,2026-05-01,"Ray, Robbie",away,137,San Francisco Giants,139,Tampa Bay Rays,5,6,102,89.05,2155.762376237624,0.058823529411764705,0.1901893287435456,6.2,0.12706403693505144,88.3516279347771,97.8
823225,592662,2026-05-08,"Ray, Robbie",home,137,San Francisco Giants,134,Pittsburgh Pirates,7,14,93,89.10860215053764,2173.2043010752686,0.15053763440860216,0.23493975903614459,5.8,0.1034120761507377,88.37683626811044,99.0
823952,592662,2026-05-13,"Ray, Robbie",away,137,San Francisco Giants,119,Los Angeles Dodgers,2,10,95,87.25157894736842,2069.2,0.10526315789473684,0.20781637717121587,5.8,0.11150125440860492,88.58589614775924,95.8
825087,592662,2026-05-18,"Ray, Robbie",away,137,San Francisco Giants,109,Arizona Diamondbacks,1,4,84,88.05714285714286,2120.0119047619046,0.047619047619047616,0.2089820359281437,5.0,0.10702197109393527,88.50259491595634,96.0
823220,592662,2026-05-24,"Ray, Robbie",home,137,San Francisco Giants,145,Chicago White Sox,3,7,92,88.33369565217392,2171.4565217391305,0.07608695652173914,0.24549665465774576,3.8,0.09719094190806737,88.54047510028813,94.2
824354,592662,2026-05-31,"Ray, Robbie",away,137,San Francisco Giants,115,Colorado Rockies,6,10,96,90.65625,2232.6458333333335,0.10416666666666667,0.2395128552097429,3.6,0.08766606517117809,88.36020392144457,93.2
824673,592662,2026-06-05,"Ray, Robbie",away,137,San Francisco Giants,112,Chicago Cubs,4,14,97,89.68247422680413,2111.041237113402,0.14432989690721648,0.2122069523039612,3.8,0.09673469262215847,88.68145392144456,92.0
823215,592662,2026-06-10,"Ray, Robbie",home,137,San Francisco Giants,120,Washington Nationals,3,6,93,90.17204301075269,2157.989247311828,0.06451612903225806,0.213449187759728,3.2,0.09549314512188135,88.79622833669785,92.8
823210,592662,2026-06-23,"Ray, Robbie",home,137,San Francisco Giants,133,Athletics,6,8,102,89.28627450980393,2130.5882352941176,0.0784313725490196,0.22163588390501318,3.4,0.0873437393493856,89.38032114937472,92.4
823204,592662,2026-06-28,"Ray, Robbie",home,137,San Francisco Giants,144,Atlanta Braves,2,8,95,88.58526315789474,2051.5052631578947,0.08421052631578947,0.21173385775155687,4.4,0.09350620433538,89.62614747990693,96.0
824334,592662,2026-07-04,"Ray, Robbie",away,137,San Francisco Giants,115,Colorado Rockies,4,10,88,87.09431818181818,2140.4204545454545,0.11363636363636363,0.2281524926686217,4.2,0.09513091829419006,89.67646098105111,96.6
823200,592662,2026-07-10,"Ray, Robbie",home,137,San Francisco Giants,115,Colorado Rockies,4,9,100,88.064,2122.76,0.09,0.22842221000549753,3.8,0.09702485768812945,88.96407461741474,95.0
823113,592662,2026-07-19,"Ray, Robbie",away,137,San Francisco Giants,136,Seattle Mariners,6,9,86,87.10232558139535,2066.267441860465,0.10465116279069768,0.2302915766738661,3.8,0.08615887830668616,88.64037977205392,95.6
823197,592662,2026-07-25,"Ray, Robbie",home,137,San Francisco Giants,108,Los Angeles Angels,5,9,80,88.245,2165.55,0.1125,0.25120895902265206,4.4,0.09418588505837408,88.02643628618243,94.2
823271,592662,2026-07-30,"Ray, Robbie",away,137,San Francisco Giants,135,San Diego Padres,6,9,86,88.38023255813954,2093.8720930232557,0.10465116279069768,0.22092154420921545,4.2,0.10099961054857017,87.81818138422166,89.8
823266,592662,2026-08-07,"Ray, Robbie",home,135,San Diego Padres,117,Houston Astros,2,6,92,87.85978260869565,2043.4347826086957,0.06521739130434782,0.21488351051798235,5.0,0.10508773784355181,87.77717526427061,88.0
823263,592662,2026-08-12,"Ray, Robbie",home,135,San Diego Padres,158,Milwaukee Brewers,4,12,84,88.56547619047619,2014.1666666666667,0.14285714285714285,0.21376344086021506,4.6,0.09540394337714864,87.93026814964611,88.8
823586,592662,2026-08-18,"Ray, Robbie",away,135,San Diego Padres,121,New York Mets,4,10,91,87.81428571428572,2083.8241758241757,0.10989010989010989,0.22665821715251372,4.6,0.1059753719485772,88.03056338774134,85.6
823312,592791,2026-04-29,"Taillon, Jameson",away,112,Chicago Cubs,135,San Diego Padres,6,7,95,85.30105263157895,2456.8526315789472,0.07368421052631578,0.21998166819431714,5.0,0.11071060713442002,85.95341077250177,91.0
824682,592791,2026-05-05,"Taillon, Jameson",home,112,Chicago Cubs,113,Cincinnati Reds,5,8,100,86.54799999999999,2382.64,0.08,0.24848024316109424,5.6,0.09956509629850671,85.89809188705286,93.0
822902,592791,2026-05-10,"Taillon, Jameson",away,112,Chicago Cubs,140,Texas Rangers,4,14,90,86.37444444444444,2312.8,0.15555555555555556,0.23444976076555024,5.8,0.09869762641898863,85.95323405572756,96.4
824600,592791,2026-05-16,"Taillon, Jameson",away,112,Chicago Cubs,145,Chicago White Sox,2,9,90,86.7388888888889,2320.4777777777776,0.1,0.24135876042908225,4.6,0.10431854145166838,86.05459353285173,94.0
824679,592791,2026-05-22,"Taillon, Jameson",home,112,Chicago Cubs,117,Houston Astros,5,12,90,87.04333333333332,2409.511111111111,0.13333333333333333,0.21284308648368722,4.2,0.09831854145166838,86.2717713106295,92.0
823376,592791,2026-05-27,"Taillon, Jameson",away,112,Chicago Cubs,134,Pittsburgh Pirates,4,9,75,87.036,2339.346666666667,0.12,0.23580987540378404,4.4,0.10851461988304094,86.40114385964912,93.0
824675,592791,2026-06-02,"Taillon, Jameson",home,112,Chicago Cubs,133,Athletics,6,16,99,85.92727272727272,2415.4848484848485,0.16161616161616163,0.21964050854888206,4.0,0.11777777777777776,86.74813333333333,89.0
824670,592791,2026-06-07,"Taillon, Jameson",home,112,Chicago Cubs,137,San Francisco Giants,2,3,35,86.61142857142858,2450.714285714286,0.08571428571428572,0.21005312627707398,4.2,0.1341010101010101,86.62398787878787,88.8
824654,592791,2026-07-20,"Taillon, Jameson",home,112,Chicago Cubs,116,Detroit Tigers,6,7,75,85.14933333333333,2305.266666666667,0.09333333333333334,0.23216707350149174,3.8,0.12013275613275613,86.6713847041847,77.8
823354,592791,2026-07-26,"Taillon, Jameson",away,112,Chicago Cubs,134,Pittsburgh Pirates,3,5,69,86.65797101449274,2353.1159420289855,0.07246376811594203,0.24182214683789677,4.6,0.11879942279942282,86.35347359307359,74.8
824158,592791,2026-08-05,"Taillon, Jameson",away,141,Toronto Blue Jays,117,Houston Astros,4,14,80,87.425,2404.7,0.175,0.21484018264840182,4.2,0.10662550975594454,86.27640112930547,70.6
822780,592791,2026-08-10,"Taillon, Jameson",home,141,Toronto Blue Jays,111,Boston Red Sox,3,6,61,85.99344262295082,2401.311475409836,0.09836065573770492,0.21668545659526495,4.2,0.11762550975594455,86.35420112930547,71.6
823796,593958,2026-04-29,"Rodriguez, Eduardo",away,109,Arizona Diamondbacks,158,Milwaukee Brewers,4,3,87,87.70459770114942,2194.1609195402298,0.034482758620689655,0.20825688073394497,3.6,0.06468103697175073,87.94962772471858,93.0
825092,593958,2026-05-05,"Rodriguez, Eduardo",home,109,Arizona Diamondbacks,134,Pittsburgh Pirates,7,13,103,88.06699029126213,2195.5145631067962,0.1262135922330097,0.2355907780979827,3.4,0.05891936084778739,87.7323194168472,94.6
825085,593958,2026-05-10,"Rodriguez, Eduardo",home,109,Arizona Diamondbacks,121,New York Mets,4,5,100,88.796,2202.65,0.05,0.21165857043719638,4.2,0.06416207929438933,87.99393969732185,97.2
824359,593958,2026-05-16,"Rodriguez, Eduardo",away,109,Arizona Diamondbacks,115,Colorado Rockies,6,12,91,89.03406593406594,2231.1428571428573,0.13186813186813187,0.2511792452830189,4.4,0.054554236157134436,88.28294361889047,96.8
825083,593958,2026-05-21,"Rodriguez, Eduardo",home,109,Arizona Diamondbacks,115,Colorado Rockies,4,5,99,90.22828282828283,2226.818181818182,0.050505050505050504,0.24813631522896698,5.0,0.07684622987769958,88.3322057852955,95.4
823216,593958,2026-05-26,"Rodriguez, Eduardo",away,109,Arizona Diamondbacks,137,San Francisco Giants,6,11,94,86.93829787234043,2189.1063829787236,0.11702127659574468,0.2107375815353738,5.0,0.07861390664537635,88.76598735095207,96.0
825078,593958,2026-06-01,"Rodriguez, Eduardo",home,109,Arizona Diamondbacks,119,Los Angeles Dodgers,3,5,96,90.50208333333335,2207.4166666666665,0.052083333333333336,0.20203359858532272,5.4,0.09512161024038736,88.61272738519025,97.4
825075,593958,2026-06-06,"Rodriguez, Eduardo",home,109,Arizona Diamondbacks,120,Washington Nationals,5,10,92,87.67826086956521,2113.032608695652,0.10869565217391304,0.21231507397041183,4.6,0.08029555846045208,89.0997459936045,96.0
824507,593958,2026-06-12,"Rodriguez, Eduardo",away,109,Arizona Diamondbacks,113,Cincinnati Reds,3,4,85,88.64117647058823,2230.823529411765,0.047058823529411764,0.24367458154924096,4.8,0.0920346888952347,88.87619816751756,94.4
825072,593958,2026-06-17,"Rodriguez, Eduardo",home,109,Arizona Diamondbacks,108,Los Angeles Angels,5,9,100,87.77600000000001,2167.4,0.09,0.2475177304964539,4.2,0.07507282722749067,88.79762027482201,93.2
823043,593958,2026-06-23,"Rodriguez, Eduardo",away,109,Arizona Diamondbacks,138,St. Louis Cardinals,5,8,95,88.02315789473685,2201.778947368421,0.08421052631578947,0.20180305131761442,4.4,0.08297181712648057,88.30716370916545,93.4
825065,593958,2026-06-29,"Rodriguez, Eduardo",home,109,Arizona Diamondbacks,137,San Francisco Giants,1,11,91,88.49450549450549,2155.164835164835,0.12087912087912088,0.20905587668593448,4.2,0.07640966707048952,88.52413571364472,93.6
825061,593958,2026-07-05,"Rodriguez, Eduardo",home,109,Arizona Diamondbacks,158,Milwaukee Brewers,3,7,102,86.42941176470588,2172.8333333333335,0.06862745098039216,0.21069644431384074,3.8,0.09016882457964703,88.12262014587915,92.6
823927,593958,2026-07-10,"Rodriguez, Eduardo",away,109,Arizona Diamondbacks,119,Los Angeles Dodgers,5,8,87,89.8712643678161,2200.770114942529,0.09195402298850575,0.2023089609675646,3.4,0.08215518434094285,87.87285032490729,94.6
825057,593958,2026-07-19,"Rodriguez, Eduardo",home,109,Arizona Diamondbacks,138,St. Louis Cardinals,3,4,68,88.7279411764706,2174.6029411764707,0.058823529411764705,0.2030261348005502,3.8,0.09113422423276166,88.11886790435287,95.0
822707,593958,2026-07-24,"Rodriguez, Eduardo",away,109,Arizona Diamondbacks,120,Washington Nationals,4,12,98,87.77448979591837,2139.938775510204,0.12244897959183673,0.21444638840289929,3.4,0.0848989301151146,88.30925613964698,88.6
823351,593958,2026-07-29,"Rodriguez, Eduardo",away,109,Arizona Diamondbacks,134,Pittsburgh Pirates,2,15,105,88.19428571428571,2166.247619047619,0.14285714285714285,0.2408930669800235,3.2,0.09254662077032405,88.25952251988329,89.2
825054,593958,2026-08-04,"Rodriguez, Eduardo",home,109,Arizona Diamondbacks,135,San Diego Padres,4,11,102,88.55098039215687,2178.598039215686,0.10784313725490197,0.22129585516912817,3.4,0.09694222516592844,88.19947856383934,92.0
825050,593958,2026-08-09,"Rodriguez, Eduardo",home,109,Arizona Diamondbacks,119,Los Angeles Dodgers,9,17,115,88.37913043478261,2172.8521739130433,0.14782608695652175,0.2038770053475936,3.6,0.1047853624208304,88.62379228932953,92.0
824884,593958,2026-08-15,"Rodriguez, Eduardo",away,109,Arizona Diamondbacks,144,Atlanta Braves,5,10,96,88.33437500000001,2191.8958333333335,0.10416666666666667,0.21459694989106753,4.4,0.1159597752144336,88.32536550272283,97.6
825045,593958,2026-08-21,"Rodriguez, Eduardo",home,109,Arizona Diamondbacks,113,Cincinnati Reds,4,7,99,87.0969696969697,2166.090909090909,0.0707070707070707,0.2545378677237638,4.8,0.12502840266541398,88.24665226742871,103.2
822908,594798,2026-04-28,"deGrom, Jacob",home,140,Texas Rangers,147,New York Yankees,5,12,93,92.5752688172043,2299.3655913978496,0.12903225806451613,0.23805229936880073,7.0,0.16160289239957162,93.41744138506783,85.4
823553,594798,2026-05-05,"deGrom, Jacob",away,140,Texas Rangers,147,New York Yankees,7,15,94,93.13404255319149,2414.31914893617,0.1595744680851064,0.2257100149476831,6.6,0.15449795160741156,93.09983692066058,88.2
822902,594798,2026-05-10,"deGrom, Jacob",home,140,Texas Rangers,112,Chicago Cubs,10,23,94,93.6436170212766,2487.936170212766,0.24468085106382978,0.1989956057752668,6.8,0.15307951189109953,93.03023517488863,91.4
824193,594798,2026-05-16,"deGrom, Jacob",away,140,Texas Rangers,117,Houston Astros,4,17,94,92.5468085106383,2508.095744680851,0.18085106382978725,0.2084985835694051,7.0,0.16975761758773641,93.0071306221547,91.6
824029,594798,2026-05-22,"deGrom, Jacob",away,140,Texas Rangers,108,Los Angeles Angels,3,11,65,90.89692307692307,2486.246153846154,0.16923076923076924,0.2571428571428571,7.2,0.19001873944460296,93.12399232428237,92.8
822897,594798,2026-05-27,"deGrom, Jacob",home,140,Texas Rangers,117,Houston Astros,6,20,97,92.1061855670103,2583.855670103093,0.20618556701030927,0.21062529384109074,5.8,0.17667388205480178,92.55933199584675,88.0
823050,594798,2026-06-01,"deGrom, Jacob",away,140,Texas Rangers,138,St. Louis Cardinals,8,18,91,92.46593406593406,2419.087912087912,0.1978021978021978,0.2087037903603182,6.0,0.1921045438439604,92.46551534580796,88.8
822890,594798,2026-06-07,"deGrom, Jacob",home,140,Texas Rangers,114,Cleveland Guardians,6,10,87,91.55747126436782,2333.229885057471,0.11494252873563218,0.20452708164915118,6.2,0.19975008978737865,92.33189364835647,88.2
824749,594798,2026-06-13,"deGrom, Jacob",away,140,Texas Rangers,111,Boston Red Sox,5,13,90,93.14333333333333,2501.0222222222224,0.14444444444444443,0.21870047543581617,5.4,0.17380242532173912,91.91466449697471,86.8
822886,594798,2026-06-19,"deGrom, Jacob",home,140,Texas Rangers,135,San Diego Padres,9,14,106,93.93301886792453,2414.311320754717,0.1320754716981132,0.23039399624765478,5.6,0.16652110144467058,92.03396946151372,86.0
823850,594798,2026-06-24,"deGrom, Jacob",away,140,Texas Rangers,146,Miami Marlins,8,22,91,93.05164835164835,2497.5164835164837,0.24175824175824176,0.22007335778592865,6.8,0.15909004193813936,92.64118861971401,94.2
824418,594798,2026-06-30,"deGrom, Jacob",away,140,Texas Rangers,114,Cleveland Guardians,9,16,96,94.425,2404.4895833333335,0.16666666666666666,0.21680302076777846,7.2,0.16620457688772589,92.83028117664162,93.0
822881,594798,2026-07-07,"deGrom, Jacob",home,140,Texas Rangers,108,Los Angeles Angels,7,10,80,91.99875,2525.15,0.125,0.24978191334690317,7.4,0.15997747066061965,93.22209436345481,94.0
822874,594798,2026-07-20,"deGrom, Jacob",home,140,Texas Rangers,145,Chicago White Sox,6,13,97,92.5979381443299,2365.5670103092784,0.13402061855670103,0.2377490576198169,7.6,0.1619889649134932,93.31035011058125,92.6
822870,594798,2026-07-26,"deGrom, Jacob",home,140,Texas Rangers,136,Seattle Mariners,4,11,90,93.32777777777778,2441.688888888889,0.12222222222222222,0.22924095771777891,7.8,0.15990419973594455,93.20127107278056,94.0
824162,594798,2026-08-01,"deGrom, Jacob",away,140,Texas Rangers,117,Houston Astros,3,9,91,94.11428571428571,2546.021978021978,0.0989010989010989,0.2167417595447,6.8,0.15793354984076632,93.08022285475121,90.8
822864,594798,2026-08-08,"deGrom, Jacob",home,140,Texas Rangers,110,Baltimore Orioles,9,12,88,93.64545454545454,2446.625,0.13636363636363635,0.24227158232196017,5.8,0.12936212126933774,93.29275032727868,90.8
823995,594798,2026-08-13,"deGrom, Jacob",away,140,Texas Rangers,108,Los Angeles Angels,3,9,53,93.66415094339622,2334.943396226415,0.16981132075471697,0.25198237885462554,5.8,0.1233015152087317,93.13684123636958,89.2
822861,594798,2026-08-20,"deGrom, Jacob",home,140,Texas Rangers,120,Washington Nationals,10,17,94,93.25638297872341,2422.372340425532,0.18085106382978725,0.21529459241323648,5.0,0.1322637793596751,93.46992142504884,83.8
824848,605135,2026-04-30,"Bassitt, Chris",home,110,Baltimore Orioles,117,Houston Astros,7,12,94,83.65425531914893,2150.6451612903224,0.1276595744680851,0.19880546075085323,2.0,0.07774292398431579,84.6045564400804,87.8
823873,605135,2026-05-05,"Bassitt, Chris",away,110,Baltimore Orioles,146,Miami Marlins,3,5,76,84.71315789473684,2140.8684210526317,0.06578947368421052,0.21986353297952996,2.8,0.08127483887793281,84.32560750391019,86.6
822737,605135,2026-05-16,"Bassitt, Chris",away,110,Baltimore Orioles,120,Washington Nationals,4,9,82,83.35853658536585,2163.7195121951218,0.10975609756097561,0.21898227558604916,3.4,0.0783037013567104,83.95049714737368,89.4
824834,605135,2026-05-28,"Bassitt, Chris",home,110,Baltimore Orioles,141,Toronto Blue Jays,2,6,80,88.5875,2214.8625,0.075,0.19435136428913355,3.8,0.08227739277901788,84.08108086894124,88.0
824755,605135,2026-06-03,"Bassitt, Chris",away,110,Baltimore Orioles,111,Boston Red Sox,1,2,56,84.48035714285713,2184.410714285714,0.03571428571428571,0.2208314707197139,3.8,0.08927739277901789,84.99678086894123,84.0
822942,605135,2026-08-14,"Bassitt, Chris",away,110,Baltimore Orioles,139,Tampa Bay Rays,3,2,88,86.21136363636364,2178.8295454545455,0.022727272727272728,0.18769230769230769,3.4,0.0827838862855114,84.95876138842175,77.6
824801,605135,2026-08-19,"Bassitt, Chris",home,110,Baltimore Orioles,147,New York Yankees,6,12,95,86.59157894736843,2178.2736842105264,0.12631578947368421,0.2460912400942386,2.6,0.06179742593734892,85.4701830518647,76.4
823636,605280,2026-04-28,"Holmes, Clay",home,121,New York Mets,120,Washington Nationals,6,5,94,88.47021276595746,2059.0106382978724,0.05319148936170213,0.2123585726718886,3.8,0.10061167227833893,89.46240067340067,87.4
824043,605280,2026-05-03,"Holmes, Clay",away,121,New York Mets,108,Los Angeles Angels,6,14,99,89.15555555555555,2365.626262626263,0.1414141414141414,0.2537764350453172,4.0,0.08236108126179047,89.26910989325883,88.2
825089,605280,2026-05-09,"Holmes, Clay",away,121,New York Mets,109,Arizona Diamondbacks,6,5,103,90.09126213592232,2244.4077669902913,0.04854368932038835,0.21723122238586157,4.4,0.09731057621128543,89.13244322659216,90.0
823629,605280,2026-05-15,"Holmes, Clay",home,121,New York Mets,147,New York Yankees,8,8,95,88.86210526315789,2190.842105263158,0.08421052631578947,0.2322503008423586,5.0,0.08726622765561001,89.3847697278507,94.4
824079,605280,2026-08-08,"Holmes, Clay",away,112,Chicago Cubs,118,Kansas City Royals,1,4,70,88.00714285714285,2126.0,0.05714285714285714,0.21064604185623295,5.8,0.07683560564604064,89.56423623502774,95.8
824643,605280,2026-08-14,"Holmes, Clay",home,112,Chicago Cubs,138,St. Louis Cardinals,3,2,80,89.035,2134.85,0.025,0.20352422907488987,5.4,0.0769005407109757,88.91725571554721,92.2
824640,605280,2026-08-19,"Holmes, Clay",home,112,Chicago Cubs,145,Chicago White Sox,0,6,86,88.53720930232558,2048.813953488372,0.06976744186046512,0.23876228308592934,4.8,0.07126224283863528,89.03021316235572,89.4
823471,605288,2026-04-30,"Houser, Adrian",away,137,San Francisco Giants,143,Philadelphia Phillies,2,5,68,92.47647058823529,2067.9411764705883,0.07352941176470588,0.21525885558583105,2.6,0.08698524496146655,90.46080471462167,85.6
823226,605288,2026-05-06,"Houser, Adrian",home,137,San Francisco Giants,135,San Diego Padres,3,8,74,93.14324324324325,2195.5810810810813,0.10810810810810811,0.22043010752688172,2.2,0.08076089475626819,90.62377325087338,82.0
823951,605288,2026-05-12,"Houser, Adrian",away,137,San Francisco Giants,119,Los Angeles Dodgers,4,4,91,91.18241758241759,2183.010989010989,0.04395604395604396,0.20761904761904762,2.2,0.08665217929923813,91.15287133772429,79.0
825006,605288,2026-05-17,"Houser, Adrian",away,137,San Francisco Giants,133,Athletics,3,2,93,91.35483870967742,2058.494623655914,0.021505376344086023,0.22504327755337564,2.6,0.08180702445408329,91.24185485420779,79.6
823222,605288,2026-05-23,"Houser, Adrian",home,137,San Francisco Giants,145,Chicago White Sox,5,7,79,91.95822784810126,2087.8860759493673,0.08860759493670886,0.2439664218258132,3.0,0.07019900881380958,91.5610044143251,80.6
824352,605288,2026-05-30,"Houser, Adrian",away,137,San Francisco Giants,115,Colorado Rockies,4,5,92,89.3836956521739,2021.7934782608695,0.05434782608695652,0.24103035878564857,3.4,0.06714130702193058,92.02303959433496,81.0
823779,605288,2026-06-04,"Houser, Adrian",away,137,San Francisco Giants,158,Milwaukee Brewers,5,6,82,92.86951219512196,2205.6585365853657,0.07317073170731707,0.20615384615384616,3.8,0.0633049898863807,91.40448460712268,85.8
823214,605288,2026-06-09,"Houser, Adrian",home,137,San Francisco Giants,120,Washington Nationals,6,11,77,91.07792207792208,2131.8311688311687,0.14285714285714285,0.2126679462571977,4.2,0.05631751460622249,91.34973839749844,87.4
824912,605288,2026-06-16,"Houser, Adrian",away,137,San Francisco Giants,144,Atlanta Braves,2,2,29,91.01379310344828,2161.4137931034484,0.06896551724137931,0.2066914498141264,4.6,0.07609773438644227,91.32883929659933,84.6
823187,605288,2026-08-12,"Houser, Adrian",home,137,San Francisco Giants,117,Houston Astros,5,8,73,93.46027397260275,2136.3698630136987,0.1095890410958904,0.2127659574468085,4.4,0.08558976256590092,91.2606301753535,71.8
824934,605400,2026-04-26,"Nola, Aaron",away,143,Philadelphia Phillies,144,Atlanta Braves,6,12,101,86.17326732673267,2312.3465346534654,0.1188118811881188,0.18951241950321987,5.8,0.10688354899788657,86.34194889049245,89.0
823874,605400,2026-05-04,"Nola, Aaron",away,143,Philadelphia Phillies,146,Miami Marlins,5,9,94,85.69680851063829,2304.063829787234,0.09574468085106383,0.22006220839813376,5.6,0.10207449666408175,86.25550345474008,91.0
823468,605400,2026-05-09,"Nola, Aaron",home,143,Philadelphia Phillies,115,Colorado Rockies,4,12,94,84.64468085106384,2281.2872340425533,0.1276595744680851,0.2546916890080429,4.8,0.09596027493955768,86.27381252528879,90.8
823384,605400,2026-05-15,"Nola, Aaron",away,143,Philadelphia Phillies,134,Pittsburgh Pirates,2,4,80,87.12625,2306.475,0.05,0.22834193918531268,5.0,0.1095874279284128,85.86703440978727,92.8
823462,605400,2026-05-20,"Nola, Aaron",home,143,Philadelphia Phillies,113,Cincinnati Reds,5,8,77,86.06233766233767,2310.12987012987,0.1038961038961039,0.23804406233207953,4.4,0.09889777275599901,85.8329740649597,91.4
823294,605400,2026-05-26,"Nola, Aaron",away,143,Philadelphia Phillies,135,San Diego Padres,5,12,80,84.89500000000001,2367.8,0.15,0.23096841015018124,4.4,0.09922244808067433,85.9406688701545,89.2
823460,605400,2026-06-02,"Nola, Aaron",home,143,Philadelphia Phillies,135,San Diego Padres,8,14,95,86.39578947368422,2406.9894736842107,0.14736842105263157,0.23167848699763594,4.2,0.10546007184305055,85.68501540480796,85.0
823453,605400,2026-06-07,"Nola, Aaron",home,143,Philadelphia Phillies,145,Chicago White Sox,4,10,98,84.48877551020408,2334.877551020408,0.10204081632653061,0.23959183673469386,4.8,0.11578481988336412,85.82481159741715,85.2
823776,605400,2026-06-13,"Nola, Aaron",away,143,Philadelphia Phillies,158,Milwaukee Brewers,3,3,85,85.8,2317.6588235294116,0.03529411764705882,0.207368021268515,4.8,0.11066106825505322,85.79363052924518,86.0
823448,605400,2026-06-18,"Nola, Aaron",home,143,Philadelphia Phillies,121,New York Mets,6,9,97,87.3618556701031,2320.360824742268,0.09278350515463918,0.22048674173628768,5.0,0.10771989178446498,85.5283805292452,87.0
822719,605400,2026-06-24,"Nola, Aaron",away,143,Philadelphia Phillies,120,Washington Nationals,5,7,86,85.62325581395349,2305.546511627907,0.08139534883720931,0.2127107652399481,5.2,0.10549737203617202,85.78828413079829,91.0
823444,605400,2026-06-29,"Nola, Aaron",home,143,Philadelphia Phillies,134,Pittsburgh Pirates,5,18,86,85.07558139534883,2308.3720930232557,0.20930232558139536,0.23734464989390724,5.2,0.0917764418036139,85.93393529358897,92.2
824091,605400,2026-07-05,"Nola, Aaron",away,143,Philadelphia Phillies,118,Kansas City Royals,7,19,98,85.22448979591837,2233.683673469388,0.19387755102040816,0.21366756192181438,4.6,0.10416322270936666,85.6698936779219,90.4
824252,605400,2026-07-10,"Nola, Aaron",away,143,Philadelphia Phillies,116,Detroit Tigers,8,13,84,85.25595238095238,2278.904761904762,0.15476190476190477,0.2304147465437788,5.2,0.12253056964814217,85.81703653506476,90.4
823440,605400,2026-07-16,"Nola, Aaron",home,143,Philadelphia Phillies,121,New York Mets,6,15,97,84.58144329896906,2280.092783505155,0.15463917525773196,0.21907641561297417,6.2,0.14642412707111135,85.70822701125523,90.2
823438,605400,2026-07-22,"Nola, Aaron",home,143,Philadelphia Phillies,119,Los Angeles Dodgers,4,7,85,86.16117647058823,2330.5529411764705,0.08235294117647059,0.2060096765979119,6.2,0.15879526109172992,85.15214453702842,90.2
823838,605400,2026-07-28,"Nola, Aaron",away,143,Philadelphia Phillies,146,Miami Marlins,4,7,93,86.12795698924731,2105.2150537634407,0.07526881720430108,0.21727295223954465,6.0,0.15898677955958218,85.25972866835536,90.0
823431,605400,2026-08-03,"Nola, Aaron",home,143,Philadelphia Phillies,120,Washington Nationals,5,10,97,87.59072164948452,2171.9896907216494,0.10309278350515463,0.21213503649635038,5.8,0.1321800778841633,85.47020378713508,91.4
823426,605400,2026-08-08,"Nola, Aaron",home,143,Philadelphia Phillies,141,Toronto Blue Jays,8,14,97,86.3618556701031,2241.443298969072,0.14432989690721648,0.1943869335173683,5.4,0.11402312438111259,85.94345015784829,91.2
823669,605400,2026-08-13,"Nola, Aaron",away,143,Philadelphia Phillies,142,Minnesota Twins,9,14,97,86.05876288659795,2369.1546391752577,0.14432989690721648,0.21263748113004097,5.4,0.11193672281017494,86.16463081567845,93.8
823424,605400,2026-08-19,"Nola, Aaron",home,143,Philadelphia Phillies,146,Miami Marlins,8,17,100,85.87299999999999,2309.78,0.17,0.21584984358706985,6.0,0.10987486714007186,86.46009473320422,93.8
822910,605488,2026-04-25,"Springs, Jeffrey",away,133,Athletics,140,Texas Rangers,4,8,91,86.73956043956044,2144.956043956044,0.08791208791208792,0.24720244150559512,5.4,0.09837285658172196,85.14323342810272,90.8
825016,605488,2026-04-30,"Springs, Jeffrey",home,133,Athletics,118,Kansas City Royals,4,10,67,85.344776119403,2051.805970149254,0.14925373134328357,0.22202643171806166,5.8,0.10631671994727207,85.2588563593883,92.4
823470,605488,2026-05-06,"Springs, Jeffrey",away,133,Athletics,143,Philadelphia Phillies,4,7,75,85.24,2002.5866666666666,0.09333333333333334,0.21203228173147468,5.2,0.1148082429149579,85.18567566093881,85.2
825011,605488,2026-05-12,"Springs, Jeffrey",home,133,Athletics,138,St. Louis Cardinals,5,10,98,86.66938775510205,2081.795918367347,0.10204081632653061,0.218812541694463,4.8,0.10766845796872135,85.25518103728288,81.6
825006,605488,2026-05-17,"Springs, Jeffrey",home,133,Athletics,137,San Francisco Giants,3,7,92,86.72826086956522,1936.8152173913043,0.07608695652173914,0.2183431952662722,4.8,0.11474328790069414,85.52839192163663,83.2
823298,605488,2026-05-22,"Springs, Jeffrey",away,133,Athletics,135,San Diego Padres,3,11,95,84.95684210526315,1893.5157894736842,0.11578947368421053,0.23128491620111732,4.0,0.10172538508739493,86.14439703672613,84.6
825003,605488,2026-05-27,"Springs, Jeffrey",home,133,Athletics,136,Seattle Mariners,7,12,84,86.32619047619048,2010.547619047619,0.14285714285714285,0.23382144544166272,3.8,0.10730086224181942,85.78785336986668,85.4
824671,605488,2026-06-03,"Springs, Jeffrey",away,133,Athletics,112,Chicago Cubs,3,2,86,86.19883720930233,2000.2209302325582,0.023255813953488372,0.21100917431192662,4.4,0.1060215445445913,85.98413624122418,88.8
824998,605488,2026-06-08,"Springs, Jeffrey",home,133,Athletics,158,Milwaukee Brewers,3,3,99,86.08484848484848,2034.2525252525252,0.030303030303030304,0.20374135827572185,4.2,0.09200604066862231,86.17590368308464,91.0
824994,605488,2026-06-14,"Springs, Jeffrey",home,133,Athletics,115,Colorado Rockies,5,9,77,86.32337662337662,2013.2727272727273,0.11688311688311688,0.236822568671121,3.8,0.07765848346392225,86.05899582903393,91.2
824990,605488,2026-06-19,"Springs, Jeffrey",home,133,Athletics,108,Los Angeles Angels,4,13,86,85.86744186046512,1928.2441860465117,0.1511627906976744,0.24792243767313019,4.2,0.0858177155361978,85.9780189797962,88.2
823209,605488,2026-06-25,"Springs, Jeffrey",away,133,Athletics,137,San Francisco Giants,6,15,87,85.61839080459771,1898.551724137931,0.1724137931034483,0.20705882352941177,4.4,0.09289237893889056,86.16013893083661,86.4
824984,605488,2026-06-30,"Springs, Jeffrey",home,133,Athletics,119,Los Angeles Dodgers,2,7,92,87.25760869565217,2029.2391304347825,0.07608695652173914,0.20504252733900363,4.2,0.09880370898815165,86.01857899651804,87.0
824253,605488,2026-07-08,"Springs, Jeffrey",away,133,Athletics,116,Detroit Tigers,4,7,92,85.66304347826087,1985.7608695652175,0.07608695652173914,0.23022640399882388,4.0,0.1093699375018018,86.23033329378802,88.2
825058,605488,2026-07-20,"Springs, Jeffrey",away,133,Athletics,109,Arizona Diamondbacks,2,6,78,85.47564102564102,1934.2564102564102,0.07692307692307693,0.19610494995942657,4.2,0.11852672274554359,86.14597229247049,86.8
823678,605488,2026-07-26,"Springs, Jeffrey",away,133,Athletics,142,Minnesota Twins,0,5,36,87.03055555555555,1946.8055555555557,0.1388888888888889,0.21626984126984128,3.6,0.11053471475353557,85.97642517292338,87.0
824975,605488,2026-07-31,"Springs, Jeffrey",home,133,Athletics,116,Detroit Tigers,2,6,86,86.91744186046512,1935.1046511627908,0.06976744186046512,0.22888616891064872,2.8,0.10807993439177847,86.20904791194147,77.0
824076,605488,2026-08-19,"Springs, Jeffrey",away,133,Athletics,118,Kansas City Royals,1,6,85,85.05764705882352,1901.2588235294118,0.07058823529411765,0.21116708648194793,2.0,0.08755066414318184,86.46885812311496,76.8
823795,605540,2026-04-30,"Woodruff, Brandon",home,158,Milwaukee Brewers,109,Arizona Diamondbacks,2,3,21,83.15714285714286,2084.0476190476193,0.14285714285714285,0.2119514472455649,4.6,0.10644645983512879,89.31698464027569,78.8
824502,605540,2026-06-22,"Woodruff, Brandon",away,158,Milwaukee Brewers,113,Cincinnati Reds,10,10,79,90.10632911392405,2252.0,0.12658227848101267,0.24568668046928915,3.8,0.11412236601849765,87.7499057490177,69.6
823769,605540,2026-06-28,"Woodruff, Brandon",home,158,Milwaukee Brewers,112,Chicago Cubs,6,5,84,89.84642857142858,2186.035714285714,0.05952380952380952,0.21365437366656506,5.0,0.11816222597001932,88.42180986967485,66.6
825063,605540,2026-07-04,"Woodruff, Brandon",away,158,Milwaukee Brewers,109,Arizona Diamondbacks,6,12,61,85.62622950819672,2104.2131147540986,0.19672131147540983,0.19310132429935326,5.0,0.11006698787478124,88.46280986967484,69.4
824927,607067,2026-05-12,"Rea, Colin",away,112,Chicago Cubs,144,Atlanta Braves,1,2,80,88.97125,1965.6625,0.025,0.20507936507936508,4.4,0.09503378676732113,88.98520104684692,92.6
824599,607067,2026-05-17,"Rea, Colin",away,112,Chicago Cubs,145,Chicago White Sox,4,4,83,90.57469879518072,2169.722891566265,0.04819277108433735,0.2402104032729398,4.2,0.08737555891921986,88.90932446456844,92.8
824674,607067,2026-05-23,"Rea, Colin",home,112,Chicago Cubs,117,Houston Astros,4,13,98,89.38265306122449,2051.183673469388,0.1326530612244898,0.21359715880263824,4.0,0.07527498270130473,89.36143813664806,91.0
823378,607067,2026-05-28,"Rea, Colin",away,112,Chicago Cubs,134,Pittsburgh Pirates,5,7,92,90.14673913043478,2081.217391304348,0.07608695652173914,0.23604176123468,4.0,0.09310994277228965,89.3640557054147,92.2
824671,607067,2026-06-03,"Rea, Colin",home,112,Chicago Cubs,133,Athletics,3,7,69,89.23768115942029,1964.8840579710145,0.10144927536231885,0.21987041036717062,3.8,0.08087635368448061,89.62261921777616,90.2
824347,607067,2026-06-09,"Rea, Colin",away,112,Chicago Cubs,115,Colorado Rockies,2,5,79,90.30379746835443,2207.5822784810125,0.06329113924050633,0.2375249500998004,3.4,0.07667641283857703,89.66260442925206,84.4
824665,607067,2026-06-20,"Rea, Colin",home,112,Chicago Cubs,141,Toronto Blue Jays,3,5,78,88.83846153846153,2139.8333333333335,0.0641025641025641,0.1959816707789919,3.6,0.0843346406866783,89.92911392292294,84.2
823773,607067,2026-06-26,"Rea, Colin",away,112,Chicago Cubs,158,Milwaukee Brewers,4,7,89,90.99775280898876,2118.4719101123596,0.07865168539325842,0.21068152031454784,3.4,0.08751659929032365,89.5818664715791,83.2
824660,607067,2026-07-01,"Rea, Colin",home,112,Chicago Cubs,135,San Diego Padres,5,8,81,88.60123456790123,2013.5925925925926,0.09876543209876543,0.2269342829394626,3.4,0.07671632412407736,89.90488642113196,81.4
824815,607067,2026-07-08,"Rea, Colin",away,112,Chicago Cubs,110,Baltimore Orioles,2,4,91,90.07692307692308,2042.043956043956,0.04395604395604396,0.24211130235226622,3.4,0.08125201923948262,89.59578550862526,79.2
824655,607067,2026-07-17,"Rea, Colin",home,112,Chicago Cubs,142,Minnesota Twins,6,11,91,88.80329670329671,1964.2857142857142,0.12087912087912088,0.21542625169147497,3.2,0.06975337295822764,89.76363389212581,83.6
824650,607067,2026-07-22,"Rea, Colin",home,112,Chicago Cubs,116,Detroit Tigers,5,5,86,88.70348837209302,2017.6046511627908,0.05813953488372093,0.2315035799522673,4.0,0.08127096928595055,89.46353373911425,86.0
823026,607067,2026-07-28,"Rea, Colin",away,112,Chicago Cubs,138,St. Louis Cardinals,2,3,94,89.71063829787234,1976.223404255319,0.031914893617021274,0.2035264483627204,4.4,0.08007836344218192,89.43653910584057,87.6
824648,607067,2026-08-02,"Rea, Colin",home,112,Chicago Cubs,147,New York Yankees,7,7,87,89.80919540229884,1992.183908045977,0.08045977011494253,0.24298392899976012,4.0,0.07073100508693449,89.17911620361727,88.6
824428,607074,2026-06-10,"Rodón, Carlos",away,147,New York Yankees,114,Cleveland Guardians,7,10,96,91.29791666666667,2243.0104166666665,0.10416666666666667,0.20608628659476116,5.4,0.11670925000296817,90.82914698621978,90.0
823536,607074,2026-06-17,"Rodón, Carlos",home,147,New York Yankees,145,Chicago White Sox,7,12,99,91.03232323232324,2308.4444444444443,0.12121212121212122,0.23816568047337278,6.0,0.11702976282348099,90.80514057596336,93.6
824262,607074,2026-06-23,"Rodón, Carlos",away,147,New York Yankees,116,Detroit Tigers,5,13,87,90.24022988505747,2321.3793103448274,0.14942528735632185,0.229253112033195,6.2,0.1185449143386325,90.64842340424619,95.8
824744,607074,2026-06-28,"Rodón, Carlos",away,147,New York Yankees,111,Boston Red Sox,6,17,96,89.59270833333333,2201.75,0.17708333333333334,0.21830754033585775,5.8,0.11474576128358108,90.77036411809979,94.2
824803,607074,2026-08-18,"Rodón, Carlos",away,147,New York Yankees,110,Baltimore Orioles,4,8,66,90.03636363636363,2464.8939393939395,0.12121212121212122,0.2418535759627592,6.4,0.14371081504702193,90.57492729014282,94.8
823958,607192,2026-04-29,"Glasnow, Tyler",home,119,Los Angeles Dodgers,146,Miami Marlins,9,13,92,89.26739130434783,2621.3260869565215,0.14130434782608695,0.20987654320987653,7.6,0.12167541971588465,90.44413873822165,97.6
824198,607192,2026-05-06,"Glasnow, Tyler",away,119,Los Angeles Dodgers,117,Houston Astros,2,0,19,91.64736842105263,2627.8947368421054,0.0,0.2027681660899654,8.2,0.1366029559477687,90.219394776869,98.0
824604,607200,2026-05-12,"Fedde, Erick",home,145,Chicago White Sox,118,Kansas City Royals,2,5,80,87.59,2229.1875,0.0625,0.2204928664072633,3.8,0.07569084332762231,87.51057206358271,83.6
824599,607200,2026-05-17,"Fedde, Erick",home,145,Chicago White Sox,112,Chicago Cubs,2,4,92,87.51521739130435,2257.804347826087,0.043478260869565216,0.20683949255377826,3.4,0.0681908433276223,87.2873220635827,83.6
823701,607200,2026-06-03,"Fedde, Erick",away,145,Chicago White Sox,142,Minnesota Twins,2,3,61,88.8688524590164,2268.9180327868853,0.04918032786885246,0.2296264855687606,3.0,0.05806296608977065,87.32165965949065,85.0
824819,607200,2026-06-30,"Fedde, Erick",away,145,Chicago White Sox,110,Baltimore Orioles,3,5,90,87.76777777777778,2310.5666666666666,0.05555555555555555,0.2425636307881018,2.8,0.054565698330207815,87.84076348462725,82.2
822874,607200,2026-07-20,"Fedde, Erick",away,145,Chicago White Sox,140,Texas Rangers,6,8,64,89.2921875,2139.90625,0.125,0.22240128928283642,2.2,0.05014282885879464,88.02596952561971,79.6
824572,607200,2026-07-26,"Fedde, Erick",home,145,Chicago White Sox,117,Houston Astros,2,2,68,88.5220588235294,2271.6911764705883,0.029411764705882353,0.2151235338158223,3.0,0.06714282885879465,88.2068070256197,77.4
822945,607200,2026-07-31,"Fedde, Erick",away,145,Chicago White Sox,139,Tampa Bay Rays,6,4,91,89.53186813186812,2215.087912087912,0.04395604395604396,0.1911078359125522,3.0,0.060525181799971114,88.39321879032559,75.0
824447,607259,2026-04-28,"Martinez, Nick",away,139,Tampa Bay Rays,114,Cleveland Guardians,4,7,78,86.05897435897437,2065.076923076923,0.08974358974358974,0.21024258760107817,4.0,0.07822130357823037,87.02950105613505,87.8
822984,607259,2026-05-04,"Martinez, Nick",home,139,Tampa Bay Rays,141,Toronto Blue Jays,4,5,71,86.38591549295774,2202.0845070422533,0.07042253521126761,0.1778996865203762,4.2,0.08253365789058469,86.68879592792993,85.8
824765,607259,2026-05-10,"Martinez, Nick",away,139,Tampa Bay Rays,111,Boston Red Sox,3,8,80,86.21375,2122.85,0.1,0.22388059701492538,4.2,0.07192680690814686,86.86844816232394,83.8
822981,607259,2026-05-16,"Martinez, Nick",home,139,Tampa Bay Rays,146,Miami Marlins,4,6,77,86.5909090909091,2228.7012987012986,0.07792207792207792,0.21509209744503863,4.0,0.07813370345987099,86.97234758761131,82.4
823546,607259,2026-05-22,"Martinez, Nick",away,139,Tampa Bay Rays,147,New York Yankees,1,8,94,87.10957446808511,2223.255319148936,0.0851063829787234,0.23898392949714878,4.2,0.08235448268065022,86.64212031488402,80.2
822978,607259,2026-05-29,"Martinez, Nick",home,139,Tampa Bay Rays,108,Los Angeles Angels,5,10,88,87.97727272727273,2273.2954545454545,0.11363636363636363,0.2547652254765225,3.2,0.08463891717113173,86.47182468218526,80.0
822973,607259,2026-06-03,"Martinez, Nick",home,139,Tampa Bay Rays,116,Detroit Tigers,1,2,58,86.31379310344828,2184.3793103448274,0.034482758620689655,0.22681758815846756,3.4,0.08941747194968651,86.85548435584494,82.0
822969,607259,2026-06-09,"Martinez, Nick",home,139,Tampa Bay Rays,111,Boston Red Sox,2,7,73,86.53972602739725,2191.1739130434785,0.0958904109589041,0.21996685998343,2.8,0.08222951663157094,86.84105987794304,79.4
823938,607259,2026-06-15,"Martinez, Nick",away,139,Tampa Bay Rays,119,Los Angeles Dodgers,6,10,96,87.73541666666667,2217.78125,0.10416666666666667,0.2030183255479698,2.6,0.08140759882335175,86.90625508342251,78.0
822968,607259,2026-06-21,"Martinez, Nick",home,139,Tampa Bay Rays,120,Washington Nationals,5,9,88,87.13522727272726,2182.2954545454545,0.10227272727272728,0.20935711881521374,3.0,0.0866565165722695,87.13515659857401,81.8
822962,607259,2026-06-26,"Martinez, Nick",home,139,Tampa Bay Rays,109,Arizona Diamondbacks,3,6,85,87.17529411764706,2229.7176470588233,0.07058823529411765,0.19424941491140088,3.8,0.09008978543107027,87.14028715950244,80.6
824173,607259,2026-07-03,"Martinez, Nick",away,139,Tampa Bay Rays,117,Houston Astros,3,6,85,87.7435294117647,2157.070588235294,0.07058823529411765,0.2176104358138156,3.4,0.08148015976262107,86.97989143757731,80.0
822955,607259,2026-07-10,"Martinez, Nick",home,139,Tampa Bay Rays,136,Seattle Mariners,1,5,70,86.10571428571428,2187.3,0.07142857142857142,0.23177304964539008,3.8,0.08870125509730667,87.26583869924059,85.4
822788,607259,2026-07-20,"Martinez, Nick",away,139,Tampa Bay Rays,141,Toronto Blue Jays,0,4,82,87.76951219512196,2188.4024390243903,0.04878048780487805,0.19619565217391305,3.6,0.08380888719124013,87.179036350904,84.8
822948,607259,2026-07-25,"Martinez, Nick",home,139,Tampa Bay Rays,114,Cleveland Guardians,5,8,84,87.3,2195.0476190476193,0.09523809523809523,0.22267412302999492,2.4,0.07273165141888241,87.18585545659505,82.0
822945,607259,2026-07-31,"Martinez, Nick",home,139,Tampa Bay Rays,145,Chicago White Sox,2,8,77,87.17142857142856,2165.4285714285716,0.1038961038961039,0.2365539060598686,2.4,0.071324725011956,87.2188100020496,81.2
824322,607259,2026-08-05,"Martinez, Nick",away,139,Tampa Bay Rays,115,Colorado Rockies,4,4,75,86.06666666666666,2210.92,0.05333333333333334,0.22693896282698486,2.2,0.07798629873235326,87.2180368928059,79.6
824970,607259,2026-08-11,"Martinez, Nick",away,139,Tampa Bay Rays,133,Athletics,5,8,101,86.49405940594059,2184.237623762376,0.07920792079207921,0.22794279427942793,2.4,0.07453531834019639,86.8826643437863,77.6
822938,607259,2026-08-18,"Martinez, Nick",home,139,Tampa Bay Rays,141,Toronto Blue Jays,5,6,82,87.09634146341463,2250.268292682927,0.07317073170731707,0.1952675335749307,3.2,0.07609118821289794,86.96033336783155,83.8
823468,607536,2026-05-09,"Freeland, Kyle",away,115,Colorado Rockies,143,Philadelphia Phillies,4,8,87,85.86666666666666,2196.712643678161,0.09195402298850575,0.21269412559081702,4.8,0.12038124289480527,87.01330556128175,85.4
824360,607536,2026-05-15,"Freeland, Kyle",home,115,Colorado Rockies,109,Arizona Diamondbacks,3,3,81,84.8604938271605,2291.9753086419755,0.037037037037037035,0.21322099805573558,5.2,0.12148809687522251,86.67923148720767,86.6
824355,607536,2026-05-20,"Freeland, Kyle",home,115,Colorado Rockies,140,Texas Rangers,4,11,89,85.72696629213483,2243.258426966292,0.12359550561797752,0.22987229317046085,4.6,0.10616823155535715,86.13246661627613,85.2
823949,607536,2026-05-26,"Freeland, Kyle",away,115,Colorado Rockies,119,Los Angeles Dodgers,4,7,81,85.16913580246913,2173.2345679012346,0.08641975308641975,0.20452358036573628,4.4,0.09631943144438478,85.85613147964139,86.8
824027,607536,2026-06-01,"Freeland, Kyle",away,115,Colorado Rockies,108,Los Angeles Angels,4,11,91,87.25164835164834,2231.2417582417584,0.12087912087912088,0.25044014084507044,4.4,0.0984135086439472,85.5699586401352,87.2
824349,607536,2026-06-07,"Freeland, Kyle",home,115,Colorado Rockies,158,Milwaukee Brewers,2,7,89,86.88426966292134,2307.078651685393,0.07865168539325842,0.2055532532117696,3.8,0.09197708792181218,85.77498218801588,85.8
824995,607536,2026-06-13,"Freeland, Kyle",away,115,Colorado Rockies,133,Athletics,4,8,95,88.7357894736842,2354.9052631578948,0.08421052631578947,0.22259633370744483,3.4,0.08931662040276273,85.97850278726682,86.2
824345,607536,2026-06-19,"Freeland, Kyle",home,115,Colorado Rockies,134,Pittsburgh Pirates,8,8,81,87.01975308641975,2336.5308641975307,0.09876543209876543,0.23543360433604335,3.6,0.09875131825851322,86.75356191657157,89.0
824341,607536,2026-06-24,"Freeland, Kyle",home,115,Colorado Rockies,111,Boston Red Sox,4,10,81,87.07283950617284,2215.3086419753085,0.12345679012345678,0.2193771626297578,4.4,0.09378530355467078,87.01211927542855,87.4
824337,607536,2026-07-01,"Freeland, Kyle",home,115,Colorado Rockies,146,Miami Marlins,7,13,85,88.25882352941177,2304.105882352941,0.15294117647058825,0.21675943104514533,4.4,0.1011927109620782,87.3928600161693,87.4
823930,607536,2026-07-06,"Freeland, Kyle",away,115,Colorado Rockies,119,Los Angeles Dodgers,2,6,72,87.80833333333334,2266.8888888888887,0.08333333333333333,0.20306731042317525,5.0,0.10760512208037168,87.59429505172197,86.2
823198,607536,2026-07-11,"Freeland, Kyle",away,115,Colorado Rockies,137,San Francisco Giants,9,11,92,87.92826086956521,2214.25,0.11956521739130435,0.20656479909451048,5.0,0.10854145166838665,87.77910778580437,82.8
824328,607536,2026-07-20,"Freeland, Kyle",home,115,Colorado Rockies,120,Washington Nationals,4,10,91,88.75494505494505,2327.747252747253,0.10989010989010989,0.21469072164948452,6.0,0.11561238988348962,87.61760206498059,82.2
823755,607536,2026-07-26,"Freeland, Kyle",away,115,Colorado Rockies,158,Milwaukee Brewers,2,7,87,87.27241379310344,2204.9540229885056,0.08045977011494253,0.21125370187561698,5.2,0.11783732544175851,87.96464045868564,84.2
824323,607536,2026-08-02,"Freeland, Kyle",home,115,Colorado Rockies,118,Kansas City Royals,8,19,115,88.1286956521739,2292.4434782608696,0.16521739130434782,0.21249408424041646,4.8,0.10923792144005566,88.00455531607176,85.4
823021,607536,2026-08-08,"Freeland, Kyle",away,115,Colorado Rockies,138,St. Louis Cardinals,3,8,101,86.51188118811882,2279.3069306930693,0.07920792079207921,0.20413793103448277,5.0,0.11169316440680759,87.97852974062418,91.4
823185,607536,2026-08-14,"Freeland, Kyle",away,115,Colorado Rockies,137,San Francisco Giants,2,9,95,86.55368421052631,2243.9684210526316,0.09473684210526316,0.21028243601059135,5.2,0.11086808189855676,87.71923931158128,97.2
824318,607536,2026-08-19,"Freeland, Kyle",home,115,Colorado Rockies,119,Los Angeles Dodgers,5,4,66,87.2530303030303,2333.257575757576,0.06060606060606061,0.20362737015663643,3.8,0.10590240684134851,87.4443239797735,97.8
824122,607625,2026-04-26,"Lugo, Seth",home,118,Kansas City Royals,108,Los Angeles Angels,3,6,97,84.5278350515464,2490.5670103092784,0.061855670103092786,0.25693160813308685,5.6,0.09714033657170137,86.0243237925353,91.4
823144,607625,2026-05-02,"Lugo, Seth",away,118,Kansas City Royals,136,Seattle Mariners,6,8,103,84.53203883495145,2542.4077669902913,0.07766990291262135,0.23926868044515104,5.6,0.08613484721569656,85.78989080284458,95.4
824117,607625,2026-05-07,"Lugo, Seth",home,118,Kansas City Royals,114,Cleveland Guardians,5,4,102,85.20980392156862,2479.1372549019607,0.0392156862745098,0.2019774011299435,5.4,0.08419309964288102,85.82853157954361,95.4
824603,607625,2026-05-13,"Lugo, Seth",away,118,Kansas City Royals,145,Chicago White Sox,4,4,92,84.50434782608696,2454.141304347826,0.043478260869565216,0.24569240587109126,5.6,0.0746449325499569,85.35223149429211,97.4
824114,607625,2026-05-18,"Lugo, Seth",home,118,Kansas City Royals,111,Boston Red Sox,5,6,93,88.28709677419356,2463.935483870968,0.06451612903225806,0.22273781902552203,5.0,0.06594928037604385,85.07157932037907,97.4
824108,607625,2026-05-24,"Lugo, Seth",home,118,Kansas City Royals,136,Seattle Mariners,3,3,86,85.30581395348837,2479.541176470588,0.03488372093023256,0.23647294589178355,4.6,0.057347129838409436,85.4122244816694,97.4
822893,607625,2026-05-30,"Lugo, Seth",away,118,Kansas City Royals,140,Texas Rangers,6,10,90,84.28333333333333,2607.133333333333,0.1111111111111111,0.230371415138693,4.6,0.05195274000383739,85.56782026205778,95.2
823698,607625,2026-06-04,"Lugo, Seth",away,118,Kansas City Royals,142,Minnesota Twins,4,10,92,85.75869565217391,2557.467391304348,0.10869565217391304,0.2297071129707113,4.6,0.05864098164353535,85.51807916173416,92.6
824103,607625,2026-06-10,"Lugo, Seth",home,118,Kansas City Royals,140,Texas Rangers,2,5,44,86.66818181818182,2520.7727272727275,0.11363636363636363,0.22732818218788126,4.4,0.07253697482341599,85.62785750785523,90.6
824097,607625,2026-06-19,"Lugo, Seth",home,118,Kansas City Royals,138,St. Louis Cardinals,0,2,85,86.5729411764706,2473.858823529412,0.023529411764705882,0.2059992771955186,4.0,0.08656859537677568,86.0606243062742,81.0
822961,607625,2026-06-25,"Lugo, Seth",away,118,Kansas City Royals,139,Tampa Bay Rays,3,7,90,85.67999999999999,2478.8,0.07777777777777778,0.19110658520027154,3.0,0.07837125192326524,85.71779318672961,79.4
824094,607625,2026-07-01,"Lugo, Seth",home,118,Kansas City Royals,139,Tampa Bay Rays,7,7,85,85.89647058823529,2524.5176470588235,0.08235294117647059,0.18582375478927204,3.0,0.08695006329277429,85.79263039603194,80.2
823607,607625,2026-07-07,"Lugo, Seth",away,118,Kansas City Royals,121,New York Mets,4,6,94,86.51702127659574,2517.5425531914893,0.06382978723404255,0.22147257260193606,3.2,0.08119842930584618,86.11525784701232,79.2
824814,607625,2026-07-12,"Lugo, Seth",away,118,Kansas City Royals,110,Baltimore Orioles,6,10,89,85.35730337078652,2506.5842696629215,0.11235955056179775,0.23986765922249792,3.2,0.07222525631787209,86.26692297189669,79.6
824090,607625,2026-07-17,"Lugo, Seth",home,118,Kansas City Royals,135,San Diego Padres,3,6,90,85.46444444444445,2515.4,0.06666666666666667,0.2278767316935256,4.0,0.0719698937029589,86.00474728241763,88.6
824083,607625,2026-07-22,"Lugo, Seth",home,118,Kansas City Royals,137,San Francisco Giants,5,9,94,84.64255319148936,2587.8936170212764,0.09574468085106383,0.21055408970976253,4.6,0.08059734468335107,85.7830479360124,89.6
823676,607625,2026-07-28,"Lugo, Seth",away,118,Kansas City Royals,142,Minnesota Twins,2,3,84,84.99761904761905,2606.2738095238096,0.03571428571428571,0.2155659219248711,5.0,0.08419072529800828,85.57555857431028,90.4
824323,607625,2026-08-02,"Lugo, Seth",away,118,Kansas City Royals,115,Colorado Rockies,3,8,99,85.01212121212122,2450.656565656566,0.08080808080808081,0.22844318450271675,4.0,0.0748629942055713,85.39578826618703,90.2
824079,607625,2026-08-08,"Lugo, Seth",home,118,Kansas City Royals,112,Chicago Cubs,5,6,90,86.02888888888889,2507.4333333333334,0.06666666666666667,0.21694036300777875,3.8,0.07825865292037895,85.09480825329211,91.2
823993,607625,2026-08-14,"Lugo, Seth",away,118,Kansas City Royals,108,Los Angeles Angels,4,6,86,86.25581395348837,2545.6744186046512,0.06976744186046512,0.25191006330495525,3.6,0.06912007614135274,85.22912535691259,91.4
824076,607625,2026-08-19,"Lugo, Seth",home,118,Kansas City Royals,133,Athletics,3,7,96,85.37708333333335,2504.5833333333335,0.07291666666666667,0.22386505622657227,3.8,0.06974023118011244,85.38739925872139,90.6
824774,608331,2026-04-22,"Fried, Max",away,147,New York Yankees,111,Boston Red Sox,9,18,100,86.031,2300.51,0.18,0.23325635103926096,4.6,0.08135371892962913,88.30850657200554,93.2
822906,608331,2026-04-27,"Fried, Max",away,147,New York Yankees,140,Texas Rangers,5,9,89,87.22022471910113,2253.370786516854,0.10112359550561797,0.24478178368121442,5.6,0.10340023055753611,87.82493913014507,96.0
823555,608331,2026-05-03,"Fried, Max",home,147,New York Yankees,110,Baltimore Orioles,6,14,107,89.56542056074767,2224.7476635514017,0.1308411214953271,0.24417670682730924,5.4,0.10362494965865969,87.4889840739653,95.8
823794,608331,2026-05-08,"Fried, Max",away,147,New York Yankees,158,Milwaukee Brewers,5,9,94,87.39148936170211,2354.2127659574467,0.09574468085106383,0.20043731778425655,5.8,0.11231744580238531,87.84187401135753,96.6
824841,608331,2026-05-13,"Fried, Max",away,147,New York Yankees,110,Baltimore Orioles,2,4,61,88.03770491803279,2268.0163934426228,0.06557377049180328,0.24612523248605084,5.6,0.1144451053768534,87.7848527347618,96.6
823519,608331,2026-07-22,"Fried, Max",home,147,New York Yankees,134,Pittsburgh Pirates,7,9,57,91.22456140350877,2226.8947368421054,0.15789473684210525,0.24008036162732296,5.4,0.11465663366876244,87.64916791191675,90.2
824570,608331,2026-07-27,"Fried, Max",away,147,New York Yankees,145,Chicago White Sox,4,5,66,88.12272727272727,2267.0,0.07575757575757576,0.23574144486692014,5.0,0.11023558103718348,88.6878801926185,81.6
824649,608331,2026-08-01,"Fried, Max",away,147,New York Yankees,112,Chicago Cubs,7,8,78,88.91282051282052,2318.7820512820513,0.10256410256410256,0.2169227241458381,4.8,0.10516237708757503,88.86838070334372,77.0
823515,608331,2026-08-07,"Fried, Max",home,147,New York Yankees,144,Atlanta Braves,7,12,90,90.27444444444444,2127.211111111111,0.13333333333333333,0.2115561694290976,5.0,0.09950697330133014,88.7378606937583,71.2
823508,608331,2026-08-13,"Fried, Max",home,147,New York Yankees,136,Seattle Mariners,4,6,88,88.40568181818182,2156.2727272727275,0.06818181818181818,0.22828014184397163,5.4,0.10702470379778403,89.31445171030677,70.4
824525,608372,2026-04-29,"Sugano, Tomoyuki",away,115,Colorado Rockies,113,Cincinnati Reds,2,5,91,87.91208791208791,2268.252747252747,0.054945054945054944,0.24545454545454545,3.8,0.09670971065360504,88.58858740300158,84.6
824363,608372,2026-05-04,"Sugano, Tomoyuki",home,115,Colorado Rockies,121,New York Mets,1,2,61,87.54426229508196,2369.5245901639346,0.03278688524590164,0.2141157811260904,3.4,0.08269872164261603,88.17350498541917,88.4
823463,608372,2026-05-10,"Sugano, Tomoyuki",away,115,Colorado Rockies,143,Philadelphia Phillies,2,6,81,87.67901234567901,2296.098765432099,0.07407407407407407,0.2118421052631579,2.6,0.06874327817897584,88.01851129058942,85.0
824359,608372,2026-05-16,"Sugano, Tomoyuki",home,115,Colorado Rockies,109,Arizona Diamondbacks,1,3,88,88.00568181818181,2308.4545454545455,0.03409090909090909,0.21045998739760555,2.4,0.06380500657403758,87.91604215478694,85.0
825082,608372,2026-05-22,"Sugano, Tomoyuki",away,115,Colorado Rockies,109,Arizona Diamondbacks,3,5,97,88.24536082474226,2270.8865979381444,0.05154639175257732,0.20593080724876442,2.0,0.05304077080980181,87.97058511182989,84.4
823947,608372,2026-05-27,"Sugano, Tomoyuki",away,115,Colorado Rockies,119,Los Angeles Dodgers,3,3,83,88.92409638554217,2339.265060240964,0.03614457831325301,0.20358152686145145,1.8,0.049488663021703405,87.87728103915461,83.6
824026,608372,2026-06-02,"Sugano, Tomoyuki",away,115,Colorado Rockies,108,Los Angeles Angels,5,8,96,88.07291666666667,2141.5729166666665,0.08333333333333333,0.2480553154710458,2.0,0.045728567695343024,88.07968273384544,82.0
824347,608372,2026-06-09,"Sugano, Tomoyuki",home,115,Colorado Rockies,112,Chicago Cubs,3,10,93,88.1247311827957,2408.8494623655915,0.10752688172043011,0.21219135802469136,2.8,0.055837857312829364,88.18541360816239,89.0
824994,608372,2026-06-14,"Sugano, Tomoyuki",away,115,Colorado Rockies,133,Athletics,2,10,97,88.33608247422681,2273.041237113402,0.10309278350515463,0.2215259859933653,3.0,0.06252841884210057,88.27455737558573,91.4
824342,608372,2026-06-20,"Sugano, Tomoyuki",home,115,Colorado Rockies,134,Pittsburgh Pirates,5,9,85,87.57058823529412,2309.0470588235294,0.10588235294117647,0.2356879812520924,3.2,0.07632879372494968,88.34063750679472,93.2
823688,608372,2026-06-26,"Sugano, Tomoyuki",away,115,Colorado Rockies,142,Minnesota Twins,2,5,85,88.92117647058824,2256.858823529412,0.058823529411764705,0.2179897567221511,3.6,0.0871959859626695,88.2056829889051,90.8
824331,608372,2026-07-18,"Sugano, Tomoyuki",home,115,Colorado Rockies,113,Cincinnati Reds,3,6,77,88.98181818181818,2244.5584415584417,0.07792207792207792,0.24903898956617243,3.4,0.09173177618237185,88.2050990059143,91.2
823759,608372,2026-07-24,"Sugano, Tomoyuki",away,115,Colorado Rockies,158,Milwaukee Brewers,5,8,93,88.92580645161291,2232.2473118279568,0.08602150537634409,0.2109630374654262,3.0,0.09064952510012077,88.38687930894461,87.4
824325,608372,2026-07-31,"Sugano, Tomoyuki",home,115,Colorado Rockies,118,Kansas City Royals,2,8,83,87.84698795180724,2232.5301204819275,0.0963855421686747,0.21376986037554166,3.4,0.08634844983130356,88.54709436270807,87.4
824322,608372,2026-08-05,"Sugano, Tomoyuki",home,115,Colorado Rockies,139,Tampa Bay Rays,3,6,85,87.32823529411765,2297.564705882353,0.07058823529411765,0.19076634637918913,3.4,0.08500700156400758,88.44927545822415,84.6
825046,608372,2026-08-11,"Sugano, Tomoyuki",away,115,Colorado Rockies,109,Arizona Diamondbacks,5,8,93,88.59354838709679,2262.0967741935483,0.08602150537634409,0.1924262439453985,3.0,0.07794817803459582,88.40080486998885,84.6
824320,608372,2026-08-17,"Sugano, Tomoyuki",home,115,Colorado Rockies,119,Los Angeles Dodgers,3,8,89,88.01348314606741,2259.078651685393,0.0898876404494382,0.20545645330535153,3.6,0.08338777322751169,88.33527925329057,86.2
825015,608379,2026-04-29,"Wacha, Michael",away,118,Kansas City Royals,133,Athletics,5,12,105,86.26857142857143,1944.9333333333334,0.11428571428571428,0.23324396782841822,5.6,0.11179916667234484,87.04583731992213,91.2
824120,608379,2026-05-04,"Wacha, Michael",home,118,Kansas City Royals,114,Cleveland Guardians,3,1,79,88.00379746835443,1991.0759493670887,0.012658227848101266,0.2054794520547945,5.2,0.10215630952948769,86.74205160563642,96.2
824115,608379,2026-05-09,"Wacha, Michael",home,118,Kansas City Royals,116,Detroit Tigers,6,3,89,87.78202247191011,2009.9887640449438,0.033707865168539325,0.22058823529411764,5.2,0.092923249216755,86.94339933460142,91.6
823061,608379,2026-05-15,"Wacha, Michael",away,118,Kansas City Royals,138,St. Louis Cardinals,5,9,87,88.16091954022988,1986.448275862069,0.10344827586206896,0.21393341553637485,5.0,0.07466482225046286,87.03821291989253,91.8
824111,608379,2026-05-20,"Wacha, Michael",home,118,Kansas City Royals,111,Boston Red Sox,8,15,105,87.59809523809523,2129.8,0.14285714285714285,0.2221606648199446,4.8,0.06855035371153645,87.19699476608284,89.8
824107,608379,2026-05-25,"Wacha, Michael",home,118,Kansas City Royals,147,New York Yankees,5,10,93,86.2494623655914,2040.9354838709678,0.10752688172043011,0.23597194388777556,5.4,0.08139144520431332,87.56268122943223,93.0
822895,608379,2026-05-31,"Wacha, Michael",away,118,Kansas City Royals,140,Texas Rangers,5,8,82,87.00487804878048,1991.3658536585365,0.0975609756097561,0.22924354243542436,5.4,0.0800396786912565,87.55885941683621,90.6
823699,608379,2026-06-05,"Wacha, Michael",away,118,Kansas City Royals,142,Minnesota Twins,2,6,77,86.36623376623376,2007.8051948051948,0.07792207792207792,0.22899505766062603,5.8,0.09702022824358746,87.35907553292142,91.2
824101,608379,2026-06-11,"Wacha, Michael",home,118,Kansas City Royals,140,Texas Rangers,2,7,102,87.01470588235294,2023.9411764705883,0.06862745098039216,0.22647527910685805,5.0,0.10586307079429517,87.07591779178615,88.8
822723,608379,2026-06-16,"Wacha, Michael",away,118,Kansas City Royals,120,Washington Nationals,3,9,90,86.08555555555556,1990.8444444444444,0.1,0.21087954786294597,4.4,0.09889890581795982,86.84667506021076,91.8
822964,608379,2026-06-22,"Wacha, Michael",away,118,Kansas City Royals,139,Tampa Bay Rays,5,8,99,88.33939393939394,2068.3232323232323,0.08080808080808081,0.1906779661016949,3.4,0.09032747724653126,86.54416712370282,88.8
824581,608379,2026-06-27,"Wacha, Michael",away,118,Kansas City Royals,145,Chicago White Sox,6,10,105,87.77047619047619,2018.3428571428572,0.09523809523809523,0.239501312335958,3.4,0.08498371706406141,86.96215343846333,90.0
824092,608379,2026-07-04,"Wacha, Michael",home,118,Kansas City Royals,143,Philadelphia Phillies,7,7,105,86.58571428571429,1913.8285714285714,0.06666666666666667,0.2345791552719538,3.6,0.08451914098972924,87.11527306680247,94.6
823606,608379,2026-07-09,"Wacha, Michael",away,118,Kansas City Royals,121,New York Mets,5,9,104,87.10865384615384,1951.0,0.08653846153846154,0.2190094474663613,4.6,0.08226805873864698,87.15916917069859,100.2
824087,608379,2026-07-20,"Wacha, Michael",home,118,Kansas City Royals,137,San Francisco Giants,5,7,96,86.82083333333333,1888.2708333333333,0.07291666666666667,0.20967741935483872,5.2,0.08585026085026085,87.17795876345876,100.6
824244,608379,2026-07-25,"Wacha, Michael",away,118,Kansas City Royals,116,Detroit Tigers,3,3,96,86.06666666666666,1957.25,0.03125,0.23205988642230252,5.6,0.08043359418359418,87.32501431901433,101.8
824325,608379,2026-07-31,"Wacha, Michael",away,118,Kansas City Royals,115,Colorado Rockies,7,17,99,86.83535353535355,1968.8686868686868,0.1717171717171717,0.2287157287157287,5.2,0.07052197802197802,86.87046886446885,101.2
824080,608379,2026-08-06,"Wacha, Michael",home,118,Kansas City Royals,142,Minnesota Twins,1,4,94,86.32978723404256,1917.5106382978724,0.0425531914893617,0.2138754881690788,5.4,0.08581779331779331,86.68344433344433,100.0
823917,608379,2026-08-11,"Wacha, Michael",away,118,Kansas City Royals,119,Los Angeles Dodgers,5,9,96,87.82083333333333,1975.2291666666667,0.09375,0.20408163265306123,4.2,0.08099509828233233,86.63225892310999,97.8
824077,608379,2026-08-17,"Wacha, Michael",home,118,Kansas City Royals,133,Athletics,3,8,79,85.76329113924051,1960.240506329114,0.10126582278481013,0.22579281183932345,4.2,0.08243740597464003,86.77469482054589,96.2
824073,608379,2026-08-22,"Wacha, Michael",home,118,Kansas City Royals,116,Detroit Tigers,6,8,96,85.11562500000001,1887.46875,0.08333333333333333,0.22396370385646525,3.8,0.08810723719826871,86.56318638172732,92.8
823309,608566,2026-05-01,"Márquez, Germán",home,135,San Diego Padres,145,Chicago White Sox,2,2,95,89.51052631578948,2274.2526315789473,0.021052631578947368,0.2434928631402183,3.4,0.09432959760158952,89.84441442228146,81.2
823280,608566,2026-07-07,"Márquez, Germán",home,135,San Diego Padres,109,Arizona Diamondbacks,4,8,82,92.25853658536585,2254.5731707317073,0.0975609756097561,0.1939809296781883,3.6,0.09238627776353284,89.61051968543936,87.2
823274,608566,2026-07-12,"Márquez, Germán",home,135,San Diego Padres,141,Toronto Blue Jays,4,10,85,91.85882352941177,2345.9529411764706,0.11764705882352941,0.1961560203504805,3.6,0.08581151636374491,90.03787917642556,85.2
824086,608566,2026-07-19,"Márquez, Germán",away,135,San Diego Padres,118,Kansas City Royals,2,4,59,90.92372881355932,2233.864406779661,0.06779661016949153,0.2133902373966391,3.4,0.08143395138426476,90.40871364974979,85.0
823843,608566,2026-07-24,"Márquez, Germán",away,135,San Diego Padres,146,Miami Marlins,4,4,37,90.20270270270271,2356.3783783783783,0.10810810810810811,0.2166538164996145,2.8,0.07681145523634489,90.76232304882528,79.2
822949,615698,2026-07-28,"Quantrill, Cal",away,140,Texas Rangers,139,Tampa Bay Rays,7,9,69,88.13188405797102,1770.8260869565217,0.13043478260869565,0.1898893360160966,2.4,0.08497043370028183,90.06927731137414,64.0
822867,615698,2026-08-03,"Quantrill, Cal",home,140,Texas Rangers,137,San Francisco Giants,4,2,87,89.1264367816092,1868.551724137931,0.022988505747126436,0.20841254752851712,3.6,0.08752797845731508,89.95036000532129,71.0
823994,615698,2026-08-12,"Quantrill, Cal",away,140,Texas Rangers,108,Los Angeles Angels,6,10,85,88.6329411764706,1750.835294117647,0.11764705882352941,0.2525544202576633,3.4,0.055762043243104006,89.52655645255223,77.4
822859,615698,2026-08-18,"Quantrill, Cal",home,140,Texas Rangers,120,Washington Nationals,5,5,91,90.42197802197802,1956.3516483516485,0.054945054945054944,0.21573448063921327,4.2,0.07323084894720383,89.3076901423918,81.2
823310,621111,2026-04-28,"Buehler, Walker",home,135,San Diego Padres,112,Chicago Cubs,4,4,92,88.68695652173913,2200.3260869565215,0.043478260869565216,0.21348314606741572,4.0,0.09110044633364717,87.76536363410666,74.2
823227,621111,2026-05-05,"Buehler, Walker",away,135,San Diego Padres,137,San Francisco Giants,5,7,82,88.74634146341464,2212.1463414634145,0.08536585365853659,0.21518987341772153,4.2,0.07757387628533799,88.10053271623227,78.2
823305,621111,2026-05-10,"Buehler, Walker",home,135,San Diego Padres,138,St. Louis Cardinals,2,5,89,88.85280898876404,2257.0561797752807,0.056179775280898875,0.21911262798634812,4.4,0.06513885029573382,88.74652232039061,82.4
823139,621111,2026-05-16,"Buehler, Walker",away,135,San Diego Padres,136,Seattle Mariners,6,5,101,89.84653465346534,2245.3960396039606,0.04950495049504951,0.23730747290359383,4.0,0.06461009946956067,88.75090764755518,86.6
823298,621111,2026-05-22,"Buehler, Walker",home,135,San Diego Padres,133,Athletics,4,8,85,89.1,2362.964705882353,0.09411764705882353,0.2220504894384338,3.8,0.05178381684129785,89.0572600327937,89.2
823295,621111,2026-05-27,"Buehler, Walker",home,135,San Diego Padres,143,Philadelphia Phillies,2,5,58,91.10344827586206,2228.896551724138,0.08620689655172414,0.22044573643410853,4.2,0.06572929747257475,89.04652832547663,89.8
823456,621111,2026-06-03,"Buehler, Walker",away,135,San Diego Padres,143,Philadelphia Phillies,6,7,86,91.90581395348836,2256.5348837209303,0.08139534883720931,0.2225705329153605,3.8,0.07427502460900652,89.52982667630121,83.0
823289,621111,2026-06-08,"Buehler, Walker",home,135,San Diego Padres,113,Cincinnati Reds,3,5,86,90.14418604651162,2254.232558139535,0.05813953488372093,0.2437525604260549,4.0,0.07348092364474108,90.16172117431596,83.8
824823,621111,2026-06-14,"Buehler, Walker",away,135,San Diego Padres,110,Baltimore Orioles,5,10,86,90.07674418604651,2301.279069767442,0.11627906976744186,0.23413566739606126,4.2,0.07387287556530549,90.41999658586548,83.2
822885,621111,2026-06-20,"Buehler, Walker",away,135,San Diego Padres,140,Texas Rangers,7,13,87,89.3528735632184,2133.6666666666665,0.14942528735632185,0.22411953041622198,4.0,0.08722769941978395,90.46603849238171,80.2
823285,621111,2026-06-26,"Buehler, Walker",home,135,San Diego Padres,119,Los Angeles Dodgers,4,5,74,90.30540540540541,2228.4324324324325,0.06756756756756757,0.20601407549584133,4.6,0.09828922747928362,90.5166132050254,80.6
824660,621111,2026-07-01,"Buehler, Walker",away,135,San Diego Padres,112,Chicago Cubs,6,11,85,89.81294117647059,1987.929411764706,0.12941176470588237,0.21350954478707782,5.0,0.0945613616824523,90.35700463093406,83.8
823282,621111,2026-07-06,"Buehler, Walker",home,135,San Diego Padres,109,Arizona Diamondbacks,4,9,93,90.92903225806451,2107.2150537634407,0.0967741935483871,0.19360675512665862,5.0,0.1041646448561869,89.9384300755305,83.6
823276,621111,2026-07-11,"Buehler, Walker",home,135,San Diego Padres,141,Toronto Blue Jays,1,4,65,90.00307692307692,2208.1692307692306,0.06153846153846154,0.19645410351730055,5.2,0.11189157658912015,90.09539931784109,85.0
824895,621111,2026-07-21,"Buehler, Walker",away,135,San Diego Padres,144,Atlanta Braves,3,9,90,89.1588888888889,2142.7444444444445,0.1,0.21209698907540633,4.4,0.10094345494332409,90.08066586524716,80.8
823840,621111,2026-07-26,"Buehler, Walker",away,135,San Diego Padres,146,Miami Marlins,7,11,92,90.91956521739131,2080.478260869565,0.11956521739130435,0.21675498359828413,3.6,0.09105839747205971,90.04186893038126,81.4
823269,621111,2026-08-01,"Buehler, Walker",home,135,San Diego Padres,137,San Francisco Giants,1,4,79,91.25316455696202,2174.5949367088606,0.05063291139240506,0.20823244552058112,4.2,0.10145792743680708,90.16470089277844,85.0
825053,621111,2026-08-06,"Buehler, Walker",away,135,San Diego Padres,109,Arizona Diamondbacks,3,5,76,91.58421052631579,2127.2236842105262,0.06578947368421052,0.19163602941176472,3.2,0.08570215677411161,90.45274556887674,83.8
823264,621111,2026-08-11,"Buehler, Walker",home,135,San Diego Padres,158,Milwaukee Brewers,5,6,98,91.14081632653061,2166.5204081632655,0.061224489795918366,0.2140069384215091,3.0,0.07950521280127629,90.58378122252698,80.4
823589,621111,2026-08-17,"Buehler, Walker",away,135,San Diego Padres,121,New York Mets,4,7,86,90.59767441860464,2226.5348837209303,0.08139534883720931,0.226567481402763,3.8,0.07944241845276766,90.81132910321773,87.0
824850,621121,2026-04-30,"McCullers Jr., Lance",away,117,Houston Astros,110,Baltimore Orioles,9,14,99,84.87171717171717,2352.3939393939395,0.1414141414141414,0.2411282984531392,4.8,0.08378892823375486,87.6040284144859,87.4
824198,621121,2026-05-06,"McCullers Jr., Lance",home,117,Houston Astros,119,Los Angeles Dodgers,4,7,70,86.05285714285714,2376.8714285714286,0.1,0.2048885693745507,4.8,0.08498842318324981,86.87462184882934,88.0
824195,621121,2026-05-13,"McCullers Jr., Lance",home,117,Houston Astros,136,Seattle Mariners,6,9,90,86.51444444444445,2310.8777777777777,0.1,0.23911710606989578,4.8,0.08726690419590806,86.55709201157796,86.2
823719,622491,2026-04-27,"Castillo, Luis",away,136,Seattle Mariners,142,Minnesota Twins,3,7,97,90.11237113402062,2221.0515463917527,0.07216494845360824,0.23055555555555557,4.4,0.11015092676746811,91.48377349968328,92.6
823145,622491,2026-05-03,"Castillo, Luis",home,136,Seattle Mariners,118,Kansas City Royals,5,10,101,93.53960396039604,2246.3960396039606,0.09900990099009901,0.22470119521912352,3.6,0.09300496908976871,91.21572141069791,93.0
824606,622491,2026-05-09,"Castillo, Luis",away,136,Seattle Mariners,145,Chicago White Sox,6,16,84,90.21309523809524,2172.8928571428573,0.19047619047619047,0.24196855775803144,3.8,0.09614028262112187,91.54554696468189,96.4
824196,622491,2026-05-14,"Castillo, Luis",away,136,Seattle Mariners,117,Houston Astros,6,9,108,92.03888888888889,2186.8703703703704,0.08333333333333333,0.20707964601769913,4.4,0.10786189434273356,91.53871546285038,95.0
825005,622491,2026-05-25,"Castillo, Luis",away,136,Seattle Mariners,133,Athletics,6,10,68,91.22500000000001,2200.014705882353,0.14705882352941177,0.22206025267249757,5.2,0.11636529570327778,91.44037079164858,97.0
824268,622491,2026-06-07,"Castillo, Luis",away,136,Seattle Mariners,116,Detroit Tigers,5,12,100,92.948,2172.92,0.12,0.22702702702702704,5.2,0.11840863935652857,91.42579184428016,91.6
822725,622491,2026-06-13,"Castillo, Luis",away,136,Seattle Mariners,120,Washington Nationals,4,5,84,91.14047619047619,2202.309523809524,0.05952380952380952,0.2130242825607064,5.6,0.1279756496658069,91.99291761747604,92.2
824423,622491,2026-06-26,"Castillo, Luis",away,136,Seattle Mariners,114,Cleveland Guardians,4,9,91,90.60989010989012,2180.6813186813188,0.0989010989010989,0.21805006587615283,5.4,0.120078431372549,91.51309206349205,88.8
823120,622491,2026-07-03,"Castillo, Luis",home,136,Seattle Mariners,141,Toronto Blue Jays,4,6,101,90.67029702970298,2199.861386138614,0.0594059405940594,0.19956883276870957,5.0,0.1017634130575307,91.59245103785105,90.2
822955,622491,2026-07-10,"Castillo, Luis",away,136,Seattle Mariners,139,Tampa Bay Rays,4,6,91,90.74835164835166,2224.285714285714,0.06593406593406594,0.18905616676317313,4.6,0.09697793450967591,91.31873266601386,88.8
823114,622491,2026-07-21,"Castillo, Luis",home,136,Seattle Mariners,113,Cincinnati Reds,3,11,101,92.16237623762376,2111.3564356435645,0.10891089108910891,0.24746666666666667,4.2,0.08075298299060675,91.2234029956842,93.4
823923,622491,2026-07-28,"Castillo, Luis",away,136,Seattle Mariners,119,Los Angeles Dodgers,2,10,90,92.91777777777779,2155.633333333333,0.1111111111111111,0.20578147966683,3.8,0.07853516120842854,91.06627824320893,93.6
824729,622491,2026-08-06,"Castillo, Luis",away,145,Chicago White Sox,111,Boston Red Sox,5,12,71,93.31830985915494,2183.1830985915494,0.16901408450704225,0.21788235294117647,3.4,0.08885262152588884,91.42173856066927,94.8
824562,622491,2026-08-12,"Castillo, Luis",home,145,Chicago White Sox,113,Cincinnati Reds,10,21,104,92.67211538461538,2167.846153846154,0.20192307692307693,0.25292792792792795,3.6,0.10287521864707752,91.96342251052222,90.8
824641,622491,2026-08-17,"Castillo, Luis",away,145,Chicago White Sox,112,Chicago Cubs,1,12,99,91.66565656565656,2100.1111111111113,0.12121212121212122,0.2177435689690095,4.8,0.131378645912881,92.36378618150471,91.4
824560,622491,2026-08-22,"Castillo, Luis",home,145,Chicago White Sox,121,New York Mets,3,9,80,91.845,2170.2375,0.1125,0.22639950423466226,4.2,0.14243425696849207,92.54724716496568,93.0
822909,622663,2026-04-24,"Severino, Luis",away,133,Athletics,140,Texas Rangers,5,8,98,91.72448979591837,2321.4897959183672,0.08163265306122448,0.2489451476793249,5.4,0.09033795105603616,92.19284323513367,93.0
825015,622663,2026-04-29,"Severino, Luis",home,133,Athletics,118,Kansas City Royals,8,11,103,91.39902912621359,2312.0485436893205,0.10679611650485436,0.22090909090909092,5.8,0.08999781500161438,91.87345548003162,95.8
823469,622663,2026-05-05,"Severino, Luis",away,133,Athletics,143,Philadelphia Phillies,3,9,102,93.26666666666668,2299.274509803922,0.08823529411764706,0.2140695915279879,6.0,0.08937901632456328,91.50447009648312,98.2
824845,622663,2026-05-10,"Severino, Luis",away,133,Athletics,110,Baltimore Orioles,4,6,102,93.27941176470588,2273.549019607843,0.058823529411764705,0.24322538003965632,5.2,0.0870260751480927,92.02900342981647,98.6
825007,622663,2026-05-16,"Severino, Luis",home,133,Athletics,137,San Francisco Giants,7,10,96,93.16562499999999,2251.6354166666665,0.10416666666666667,0.2174969623329283,4.6,0.07751418528576479,92.36850280403424,100.2
824031,622663,2026-05-21,"Severino, Luis",away,133,Athletics,108,Los Angeles Angels,10,14,97,91.93298969072166,2392.958762886598,0.14432989690721648,0.2554204124801692,5.4,0.08793085195243147,92.56704447070089,100.2
825002,622663,2026-05-29,"Severino, Luis",home,133,Athletics,147,New York Yankees,1,1,23,90.2695652173913,2379.9565217391305,0.043478260869565216,0.23011764705882354,6.4,0.10047030072162985,92.60874444966156,100.0
823291,623211,2026-06-07,"Brazobán, Huascar",away,121,New York Mets,135,San Diego Padres,0,0,21,94.15714285714286,2151.2380952380954,0.0,0.23380035026269702,0.8,0.10468899521531101,93.45893141945774,23.4
824073,623454,2026-08-22,"Anderson, Drew",away,116,Detroit Tigers,118,Kansas City Royals,4,10,75,89.10666666666667,2182.84,0.13333333333333333,0.20852109791069234,4.2,0.11922503617418871,90.18688349366316,61.6
822825,624133,2026-04-27,"Suarez, Ranger",away,111,Boston Red Sox,141,Toronto Blue Jays,10,14,105,86.57238095238095,1944.2666666666667,0.13333333333333333,0.1848574237954769,3.8,0.07959350215611724,86.21469696822702,79.8
824769,624133,2026-05-03,"Suarez, Ranger",home,111,Boston Red Sox,117,Houston Astros,3,6,70,85.99714285714286,1921.5,0.08571428571428572,0.19431988041853512,5.2,0.09047069513857338,86.20706789554531,85.6
824762,624133,2026-05-14,"Suarez, Ranger",home,111,Boston Red Sox,143,Philadelphia Phillies,8,10,76,87.10131578947369,1936.7631578947369,0.13157894736842105,0.2122146822948797,5.4,0.09161355228143052,86.43929646697389,84.6
824112,624133,2026-05-19,"Suarez, Ranger",away,111,Boston Red Sox,118,Kansas City Royals,3,6,81,86.47407407407407,2014.962962962963,0.07407407407407407,0.21590281612368856,5.8,0.10126267508844806,86.51717867248767,83.0
824758,624133,2026-05-26,"Suarez, Ranger",home,111,Boston Red Sox,144,Atlanta Braves,4,6,91,87.14065934065934,1944.098901098901,0.06593406593406594,0.2088607594936709,5.6,0.10747533936562848,86.68898273461431,80.6
824430,624133,2026-05-31,"Suarez, Ranger",away,111,Boston Red Sox,114,Cleveland Guardians,10,17,93,85.31397849462365,2052.462365591398,0.1827956989247312,0.2000891265597148,5.6,0.09812694128483603,86.65711460274618,84.6
823537,624133,2026-06-07,"Suarez, Ranger",away,111,Boston Red Sox,147,New York Yankees,6,13,90,87.32555555555555,2049.0777777777776,0.14444444444444443,0.228643216080402,5.6,0.1080194144031156,86.40543411119472,82.2
824749,624133,2026-06-13,"Suarez, Ranger",home,111,Boston Red Sox,140,Texas Rangers,7,9,97,86.38247422680412,2019.2474226804125,0.09278350515463918,0.22575640031031807,6.2,0.11976544614914734,86.67111665087727,86.2
823124,624133,2026-06-19,"Suarez, Ranger",away,111,Boston Red Sox,136,Seattle Mariners,5,10,94,85.01914893617021,2009.5744680851064,0.10638297872340426,0.2254355400696864,6.0,0.11200635770639096,86.52734833834334,90.4
824341,624133,2026-06-24,"Suarez, Ranger",away,111,Boston Red Sox,115,Colorado Rockies,9,11,102,84.44803921568628,2064.0686274509803,0.10784313725490197,0.23289473684210527,6.4,0.118468138636257,86.23636331076258,93.0
824741,624133,2026-06-29,"Suarez, Ranger",home,111,Boston Red Sox,120,Washington Nationals,8,12,95,85.7778947368421,2034.8842105263159,0.12631578947368421,0.21611721611721613,7.4,0.12684995290042422,85.69783928576797,95.2
824010,624133,2026-07-05,"Suarez, Ranger",away,111,Boston Red Sox,108,Los Angeles Angels,5,6,53,84.24339622641509,1943.5283018867924,0.11320754716981132,0.24875036753895913,7.0,0.1155539710102148,85.79062253421166,95.6
824730,624133,2026-07-26,"Suarez, Ranger",home,111,Boston Red Sox,141,Toronto Blue Jays,6,5,64,86.0921875,2016.9375,0.078125,0.19614890885750963,6.8,0.10930659155528819,85.17419066838356,88.2
823922,624133,2026-07-31,"Suarez, Ranger",away,111,Boston Red Sox,119,Los Angeles Dodgers,2,6,65,86.54615384615384,1997.0307692307692,0.09230769230769231,0.2060577152396852,6.6,0.10637489052436036,85.11613332302274,81.6
824729,624133,2026-08-06,"Suarez, Ranger",home,111,Boston Red Sox,145,Chicago White Sox,3,4,70,85.16428571428571,2003.7285714285715,0.05714285714285714,0.23880597014925373,6.0,0.10355983324121795,85.42153430501946,75.8
822779,624133,2026-08-12,"Suarez, Ranger",away,111,Boston Red Sox,141,Toronto Blue Jays,2,6,81,86.56543209876543,2007.5061728395062,0.07407407407407407,0.19592198581560283,4.8,0.093419777218809,85.56478360473935,69.4
824723,624133,2026-08-18,"Suarez, Ranger",home,111,Boston Red Sox,109,Arizona Diamondbacks,3,8,93,85.48279569892473,1999.268817204301,0.08602150537634409,0.19267015706806281,3.6,0.08297143413888697,85.72229107712401,66.6
823206,625643,2026-06-26,"López, Reynaldo",away,144,Atlanta Braves,137,San Francisco Giants,1,4,57,87.36842105263158,2093.5263157894738,0.07017543859649122,0.2079043507140485,4.0,0.08432799104721847,87.87525796902428,78.0
824905,625643,2026-07-01,"López, Reynaldo",home,144,Atlanta Braves,138,St. Louis Cardinals,6,12,69,88.45797101449276,2259.550724637681,0.17391304347826086,0.20116429495472185,3.6,0.07498645538989332,87.6237473743558,74.0
824900,625643,2026-07-06,"López, Reynaldo",home,144,Atlanta Braves,121,New York Mets,5,8,80,88.62125,2191.6,0.1,0.22169390787518573,4.2,0.09457919066782398,87.87913904560877,72.0
823030,625643,2026-07-11,"López, Reynaldo",away,144,Atlanta Braves,138,St. Louis Cardinals,3,8,85,90.23882352941176,2144.564705882353,0.09411764705882353,0.2036665711830421,3.8,0.08957919066782398,87.84263904560878,72.0
824895,625643,2026-07-21,"López, Reynaldo",home,144,Atlanta Braves,135,San Diego Padres,5,13,85,90.14588235294117,2212.470588235294,0.15294117647058825,0.22264252904620374,3.2,0.09798605341292202,88.42936208482446,69.8
824810,625643,2026-07-26,"López, Reynaldo",away,144,Atlanta Braves,110,Baltimore Orioles,6,4,89,86.86629213483147,2036.6516853932585,0.0449438202247191,0.243175557225144,4.0,0.11822946112083277,88.96646958989545,75.2
823606,640455,2026-07-09,"Manaea, Sean",home,121,New York Mets,118,Kansas City Royals,6,8,97,86.27216494845361,2179.773195876289,0.08247422680412371,0.2116746953811278,4.4,0.100921878339259,85.04274202949233,92.6
823441,640455,2026-07-18,"Manaea, Sean",away,121,New York Mets,143,Philadelphia Phillies,7,14,99,85.32020202020203,2110.7070707070707,0.1414141414141414,0.23465211459754434,4.4,0.09122624750960755,85.3697940668021,95.2
823601,640455,2026-07-24,"Manaea, Sean",home,121,New York Mets,119,Los Angeles Dodgers,3,7,84,88.28095238095239,2125.3928571428573,0.08333333333333333,0.20569700025207965,5.0,0.08793012842401478,85.45172920768462,96.0
823596,640455,2026-07-29,"Manaea, Sean",home,121,New York Mets,144,Atlanta Braves,4,10,89,87.04831460674157,2105.876404494382,0.11235955056179775,0.21346918489065606,4.8,0.08366656253254191,86.0646638699216,95.6
824403,640455,2026-08-04,"Manaea, Sean",away,121,New York Mets,114,Cleveland Guardians,7,12,100,88.359,2136.87,0.12,0.22127659574468084,4.8,0.09502736153379035,86.34877123571437,95.4
823345,640455,2026-08-09,"Manaea, Sean",away,121,New York Mets,134,Pittsburgh Pirates,11,16,91,86.46923076923076,2170.945054945055,0.17582417582417584,0.24056603773584906,5.4,0.10791625042267924,87.05612679126992,93.8
823588,640455,2026-08-15,"Manaea, Sean",home,121,New York Mets,120,Washington Nationals,7,15,93,86.85483870967742,2146.7956989247314,0.16129032258064516,0.21430056121388485,6.4,0.12658624022668966,87.09553995542535,92.6
824559,640455,2026-08-21,"Manaea, Sean",away,121,New York Mets,145,Chicago White Sox,4,7,93,86.5505376344086,2163.2473118279568,0.07526881720430108,0.23836011536876803,6.4,0.13056147645999042,87.40246729332043,91.4
824606,641743,2026-05-09,"Kay, Anthony",home,145,Chicago White Sox,136,Seattle Mariners,5,7,88,89.33068181818182,2164.2954545454545,0.07954545454545454,0.2420554428668019,3.8,0.09054668014829795,90.46613250196607,92.0
824602,641743,2026-05-14,"Kay, Anthony",home,145,Chicago White Sox,118,Kansas City Royals,4,9,97,89.82886597938143,2124.1134020618556,0.09278350515463918,0.2190006169031462,3.8,0.09123837975304103,90.14205147429809,91.2
823136,641743,2026-05-19,"Kay, Anthony",away,145,Chicago White Sox,136,Seattle Mariners,5,9,89,91.31348314606741,2246.044943820225,0.10112359550561797,0.2372517444981213,3.4,0.08379508078396887,89.90442467017438,90.6
824598,641743,2026-05-25,"Kay, Anthony",home,145,Chicago White Sox,142,Minnesota Twins,5,11,94,88.98829787234042,2274.2659574468084,0.11702127659574468,0.2270935960591133,4.2,0.08662849553726637,90.06820825590958,90.0
824593,641743,2026-05-30,"Kay, Anthony",home,145,Chicago White Sox,116,Detroit Tigers,3,6,84,90.53928571428571,2252.7976190476193,0.07142857142857142,0.22875816993464052,4.8,0.09669941752308198,89.88831227482213,90.8
823455,641743,2026-06-05,"Kay, Anthony",away,145,Chicago White Sox,143,Philadelphia Phillies,4,5,87,90.8528735632184,2288.609195402299,0.05747126436781609,0.2236213634389926,4.4,0.09238048064600557,90.00012290605136,90.4
824588,641743,2026-06-12,"Kay, Anthony",home,145,Chicago White Sox,119,Los Angeles Dodgers,7,17,89,89.65505617977529,2403.561797752809,0.19101123595505617,0.20045045045045046,4.2,0.08796564261047787,90.30456125505869,90.2
823536,641743,2026-06-17,"Kay, Anthony",away,145,Chicago White Sox,147,New York Yankees,2,5,86,88.36744186046512,2318.779069767442,0.05813953488372093,0.22742351640250644,4.8,0.10761118877056126,90.26979929513745,88.6
824585,641743,2026-06-22,"Kay, Anthony",home,145,Chicago White Sox,114,Cleveland Guardians,8,15,101,88.88019801980198,2305.207920792079,0.1485148514851485,0.2151681537405628,4.2,0.09901437664618186,89.680591038017,88.0
824580,641743,2026-06-28,"Kay, Anthony",home,145,Chicago White Sox,118,Kansas City Royals,2,6,73,89.22054794520548,2337.890410958904,0.0821917808219178,0.210576015108593,4.8,0.10531309162406262,89.65897106750928,89.4
824417,641743,2026-07-03,"Kay, Anthony",away,145,Chicago White Sox,114,Cleveland Guardians,2,5,48,90.55208333333333,2397.9791666666665,0.10416666666666667,0.21678321678321677,4.6,0.10746573350273189,89.39522351369325,87.2
824577,641743,2026-07-09,"Kay, Anthony",home,145,Chicago White Sox,111,Boston Red Sox,4,12,92,89.61739130434782,2335.5652173913045,0.13043478260869565,0.21953378577751548,4.2,0.11680481396250202,89.33506546771625,79.4
822789,641743,2026-07-17,"Kay, Anthony",away,145,Chicago White Sox,141,Toronto Blue Jays,5,11,83,90.59759036144578,2242.0722891566265,0.13253012048192772,0.1959742801230081,3.6,0.10468952329322992,89.32753249263075,80.0
822873,641743,2026-07-22,"Kay, Anthony",away,145,Chicago White Sox,140,Texas Rangers,4,13,79,89.71898734177215,2214.9367088607596,0.16455696202531644,0.22257300710339384,4.2,0.11956764041287127,89.77356219282687,79.4
824569,641743,2026-07-28,"Kay, Anthony",home,145,Chicago White Sox,147,New York Yankees,7,13,97,90.68247422680413,2326.7113402061855,0.13402061855670103,0.24244712990936557,3.4,0.12277606252090485,89.94132005722092,75.0
822943,641743,2026-08-02,"Kay, Anthony",away,145,Chicago White Sox,139,Tampa Bay Rays,3,7,89,90.42247191011236,2325.2808988764045,0.07865168539325842,0.19226118500604594,4.4,0.1331418300678615,90.23370531354064,79.8
824565,641743,2026-08-08,"Kay, Anthony",home,145,Chicago White Sox,114,Cleveland Guardians,4,11,83,89.46265060240964,2389.421686746988,0.13253012048192772,0.22154055896387184,4.6,0.12803883381317988,90.20778302889644,88.0
824239,641743,2026-08-15,"Kay, Anthony",away,145,Chicago White Sox,116,Detroit Tigers,4,7,86,89.97209302325582,2305.6279069767443,0.08139534883720931,0.22554112554112554,4.6,0.12845790138782626,90.17683488850881,86.2
824589,641743,2026-08-20,"Kay, Anthony",home,145,Chicago White Sox,144,Atlanta Braves,6,16,94,90.44680851063829,2394.021276595745,0.1702127659574468,0.21543947975666036,4.4,0.1182309470588826,90.05173542087081,86.8
822984,641778,2026-05-04,"Lauer, Eric",away,141,Toronto Blue Jays,139,Tampa Bay Rays,2,6,61,85.81803278688524,2073.3934426229507,0.09836065573770492,0.19051383399209487,3.2,0.06761180007852804,85.71967520865775,75.6
823949,641778,2026-05-26,"Lauer, Eric",home,119,Los Angeles Dodgers,115,Colorado Rockies,4,6,96,86.60208333333333,2116.2291666666665,0.0625,0.2424684159378037,1.8,0.059697724329517296,85.28994843270146,70.4
825079,641778,2026-06-02,"Lauer, Eric",away,119,Los Angeles Dodgers,109,Arizona Diamondbacks,1,3,70,86.15428571428572,2263.542857142857,0.04285714285714286,0.2029183766529868,2.6,0.05995282637033363,85.72383448712323,79.8
823374,641778,2026-06-09,"Lauer, Eric",away,119,Los Angeles Dodgers,134,Pittsburgh Pirates,5,10,89,87.37752808988765,2177.61797752809,0.11235955056179775,0.23441108545034642,2.2,0.060103202310183255,86.03111268261196,74.8
823938,641778,2026-06-15,"Lauer, Eric",home,119,Los Angeles Dodgers,139,Tampa Bay Rays,4,9,93,87.30430107526882,2222.1612903225805,0.0967741935483871,0.18922018348623854,2.6,0.07498017571368204,86.44332716134898,76.8
824986,641778,2026-06-29,"Lauer, Eric",away,119,Los Angeles Dodgers,133,Athletics,2,8,95,86.7778947368421,2216.6,0.08421052631578947,0.22341733251382914,3.2,0.08257030854100653,86.65124619993216,81.8
823930,641778,2026-07-06,"Lauer, Eric",home,119,Los Angeles Dodgers,115,Colorado Rockies,3,10,99,87.19090909090909,2234.868686868687,0.10101010101010101,0.22802986789201607,3.2,0.07974028265662345,86.84321858992352,88.6
823438,641778,2026-07-22,"Lauer, Eric",away,119,Los Angeles Dodgers,143,Philadelphia Phillies,5,9,91,86.42967032967033,2314.5824175824177,0.0989010989010989,0.23714585519412382,3.0,0.08744230285864363,86.96098374143868,89.2
823924,641778,2026-07-29,"Lauer, Eric",home,119,Los Angeles Dodgers,136,Seattle Mariners,4,6,87,88.50919540229886,2315.5287356321837,0.06896551724137931,0.22945544554455446,3.8,0.09865109406743484,87.0160606645156,93.4
824646,641778,2026-08-05,"Lauer, Eric",away,119,Los Angeles Dodgers,112,Chicago Cubs,1,6,95,87.02421052631578,2202.136842105263,0.06315789473684211,0.217661415575771,3.6,0.08997228740335116,87.24239412699784,93.0
823916,641778,2026-08-12,"Lauer, Eric",home,119,Los Angeles Dodgers,118,Kansas City Royals,6,16,112,88.74107142857143,2283.8660714285716,0.14285714285714285,0.210259797446059,3.0,0.08324902764104217,87.18637601720722,93.4
824319,641778,2026-08-18,"Lauer, Eric",away,119,Los Angeles Dodgers,115,Colorado Rockies,6,8,87,86.06436781609196,2310.885057471264,0.09195402298850575,0.22466960352422907,3.8,0.09497835094931284,87.57901135555309,96.8
822739,641793,2026-05-15,"Littell, Zack",home,120,Washington Nationals,110,Baltimore Orioles,3,6,87,88.77471264367816,1889.103448275862,0.06896551724137931,0.24499696785930866,3.0,0.0550903146149625,87.0245706511798,79.6
822735,641793,2026-05-20,"Littell, Zack",home,120,Washington Nationals,121,New York Mets,3,6,60,88.475,1877.3666666666666,0.1,0.20641947980077477,2.4,0.046026275206095514,87.56037032277257,83.0
822729,641793,2026-05-31,"Littell, Zack",home,120,Washington Nationals,135,San Diego Padres,5,9,84,87.37261904761905,1902.75,0.10714285714285714,0.2316194137433926,2.4,0.057575570980743396,87.79508863263173,80.8
825075,641793,2026-06-06,"Littell, Zack",away,120,Washington Nationals,109,Arizona Diamondbacks,4,10,64,88.1546875,1819.171875,0.15625,0.20213675213675214,2.6,0.06861453201970444,87.79428776683088,82.2
822726,641793,2026-06-12,"Littell, Zack",home,120,Washington Nationals,136,Seattle Mariners,0,3,56,88.15535714285714,1981.517857142857,0.05357142857142857,0.22698233746711763,3.2,0.09361453201970443,88.06064193349754,75.8
822721,641793,2026-06-17,"Littell, Zack",home,120,Washington Nationals,118,Kansas City Royals,2,4,99,88.30000000000001,1889.7878787878788,0.04040404040404041,0.21278114958943234,3.0,0.097185960591133,88.18647526683087,70.2
824821,641793,2026-06-28,"Littell, Zack",away,120,Washington Nationals,110,Baltimore Orioles,3,7,82,87.74268292682926,1811.0121951219512,0.08536585365853659,0.24224381071764337,2.8,0.09147366522366522,88.09153273809525,72.6
824979,641793,2026-07-18,"Littell, Zack",away,120,Washington Nationals,133,Athletics,4,6,96,86.87604166666667,1791.4375,0.0625,0.22965350523771152,2.8,0.08854683595537254,87.94506932346108,77.0
822702,641793,2026-07-29,"Littell, Zack",home,120,Washington Nationals,141,Toronto Blue Jays,1,3,81,86.36543209876544,1892.6049382716049,0.037037037037037035,0.19520718921617575,2.6,0.07961826452680112,87.84575384727061,79.4
823473,641816,2026-04-28,"Mahle, Tyler",away,137,San Francisco Giants,143,Philadelphia Phillies,3,2,82,89.08658536585367,2196.951219512195,0.024390243902439025,0.21730950141110067,5.2,0.08953849043617153,89.22145334924458,89.0
822987,641816,2026-05-03,"Mahle, Tyler",away,137,San Francisco Giants,139,Tampa Bay Rays,5,7,92,88.9836956521739,2275.1847826086955,0.07608695652173914,0.19168026101141925,4.8,0.07941653921665934,89.33402042241532,89.4
823221,641816,2026-05-10,"Mahle, Tyler",home,137,San Francisco Giants,134,Pittsburgh Pirates,8,11,97,89.39999999999999,2245.5154639175257,0.1134020618556701,0.23388116308470291,5.0,0.07705151293858958,89.33207823416879,89.6
825009,641816,2026-05-15,"Mahle, Tyler",away,137,San Francisco Giants,133,Athletics,6,8,90,88.3288888888889,2227.8777777777777,0.08888888888888889,0.2242934455802766,5.4,0.08058298913951083,89.26271653204113,90.2
825084,641816,2026-05-20,"Mahle, Tyler",away,137,San Francisco Giants,109,Arizona Diamondbacks,6,6,79,88.44683544303798,2228.6075949367087,0.0759493670886076,0.20411663807890223,5.4,0.07813604781616501,89.18444936599869,90.4
823216,641816,2026-05-26,"Mahle, Tyler",home,137,San Francisco Giants,109,Arizona Diamondbacks,3,3,81,89.84444444444443,2145.382716049383,0.037037037037037035,0.2033468559837728,5.6,0.07574350365146895,88.84920106999088,88.0
823208,641816,2026-06-24,"Mahle, Tyler",home,137,San Francisco Giants,133,Athletics,4,6,70,89.58571428571429,2106.3,0.08571428571428572,0.22146118721461186,5.6,0.07827286227838856,89.00077288570904,87.8
825065,641816,2026-06-29,"Mahle, Tyler",away,137,San Francisco Giants,109,Arizona Diamondbacks,3,9,85,89.85882352941177,2113.9058823529413,0.10588235294117647,0.1946330423537019,5.4,0.08019832811689787,89.12117661241712,83.4
824333,641816,2026-07-05,"Mahle, Tyler",away,137,San Francisco Giants,115,Colorado Rockies,5,15,75,88.92533333333333,2111.68,0.2,0.22773426167682043,4.4,0.07869438633399914,89.21294131829947,81.0
823198,641816,2026-07-11,"Mahle, Tyler",home,137,San Francisco Giants,115,Colorado Rockies,4,8,104,89.98076923076923,2189.480769230769,0.07692307692307693,0.22826086956521738,4.2,0.10091660855622138,89.33223020718836,78.0
824085,641816,2026-07-21,"Mahle, Tyler",away,137,San Francisco Giants,118,Kansas City Royals,4,8,91,89.81758241758241,2194.5384615384614,0.08791208791208792,0.21260460251046026,3.8,0.10111135052311523,89.63901696473462,83.0
823195,641816,2026-07-27,"Mahle, Tyler",home,137,San Francisco Giants,158,Milwaukee Brewers,3,5,88,90.80340909090908,2217.068181818182,0.056818181818181816,0.20992179863147606,4.0,0.1112863606981254,89.6336445593622,85.0
823269,641816,2026-08-01,"Mahle, Tyler",away,137,San Francisco Giants,135,San Diego Padres,9,12,99,90.34343434343434,2162.3636363636365,0.12121212121212122,0.2208904109589041,3.8,0.10550713991890463,89.87718352040118,88.6
823515,641816,2026-08-07,"Mahle, Tyler",away,144,Atlanta Braves,147,New York Yankees,9,13,92,90.52065217391304,1983.9347826086957,0.14130434782608695,0.2426351194618418,5.0,0.10857309357309357,89.97410568320568,91.4
824883,641816,2026-08-12,"Mahle, Tyler",home,144,Atlanta Braves,121,New York Mets,7,15,93,89.16666666666667,2002.494623655914,0.16129032258064516,0.2253397632617273,5.8,0.09683396313831097,90.29316945132162,94.8
823667,641816,2026-08-18,"Mahle, Tyler",away,144,Atlanta Braves,142,Minnesota Twins,3,7,76,89.87105263157895,2042.1447368421052,0.09210526315789473,0.21415153412648716,6.4,0.11370741226982461,90.1303489385011,92.6
822989,641927,2026-04-25,"Ober, Bailey",away,142,Minnesota Twins,139,Tampa Bay Rays,3,2,83,84.17710843373494,2208.879518072289,0.024096385542168676,0.18375634517766498,4.8,0.09895195468781515,84.13658700782216,86.8
823714,641927,2026-04-30,"Ober, Bailey",home,142,Minnesota Twins,141,Toronto Blue Jays,2,8,88,83.08295454545454,2154.034090909091,0.09090909090909091,0.18621307072515667,5.2,0.09662837465339173,84.06272298028343,92.2
822740,641927,2026-05-06,"Ober, Bailey",away,142,Minnesota Twins,120,Washington Nationals,3,5,82,83.99268292682926,2160.4024390243903,0.06097560975609756,0.22594440484675696,4.8,0.087980924542527,83.97980169425239,93.4
823712,641927,2026-05-12,"Ober, Bailey",home,142,Minnesota Twins,146,Miami Marlins,7,14,89,84.0685393258427,2151.494382022472,0.15730337078651685,0.21674237508111616,5.0,0.08805483437253439,84.16136858264854,90.0
823708,641927,2026-05-17,"Ober, Bailey",home,142,Minnesota Twins,158,Milwaukee Brewers,1,3,77,83.87142857142858,2154.0779220779223,0.03896103896103896,0.20718562874251498,5.0,0.09214708747720617,83.93170802676444,88.8
824759,641927,2026-05-24,"Ober, Bailey",away,142,Minnesota Twins,111,Boston Red Sox,3,10,82,83.46951219512195,2053.1951219512193,0.12195121951219512,0.22320499479708636,3.2,0.0744490991909826,83.838542760658,83.8
823375,641927,2026-05-30,"Ober, Bailey",away,142,Minnesota Twins,134,Pittsburgh Pirates,3,7,97,84.22886597938144,2051.773195876289,0.07216494845360824,0.23738481790258886,3.2,0.09402006598498788,83.69702351293542,83.6
823683,641927,2026-07-09,"Ober, Bailey",home,142,Minnesota Twins,114,Cleveland Guardians,5,9,74,83.13783783783784,2162.2297297297296,0.12162162162162163,0.22295742232451093,3.4,0.09027123749389135,83.92620579972079,85.4
824655,641927,2026-07-17,"Ober, Bailey",away,142,Minnesota Twins,112,Chicago Cubs,7,8,88,82.98863636363636,2161.8636363636365,0.09090909090909091,0.21324887833201372,3.8,0.10240043986699617,83.7552367819225,83.8
824408,641927,2026-07-22,"Ober, Bailey",away,142,Minnesota Twins,114,Cleveland Guardians,2,4,89,81.72134831460674,2092.4157303370785,0.0449438202247191,0.2241469816272966,3.8,0.08912158389151097,83.53925618948124,83.6
823674,641927,2026-07-30,"Ober, Bailey",home,142,Minnesota Twins,118,Kansas City Royals,3,10,79,82.94430379746836,2183.46835443038,0.12658227848101267,0.21447656060238038,4.0,0.09031814014424701,83.10924013811686,86.0
824080,641927,2026-08-06,"Ober, Bailey",away,142,Minnesota Twins,118,Kansas City Royals,0,4,74,83.62162162162163,2111.4864864864867,0.05405405405405406,0.211462907326092,4.0,0.09124435193801052,83.00419845858615,85.4
823673,641927,2026-08-11,"Ober, Bailey",home,142,Minnesota Twins,110,Baltimore Orioles,4,9,100,82.74700000000001,2136.06,0.09,0.24247155922373412,3.4,0.08762217305809968,82.88274958703418,80.8
823668,641927,2026-08-17,"Ober, Bailey",home,142,Minnesota Twins,144,Atlanta Braves,4,8,94,83.34787234042552,2145.7978723404253,0.0851063829787234,0.21425504508372692,3.2,0.08129784873377535,82.80458201946662,86.0
823638,642547,2026-04-24,"Peralta, Freddy",home,121,New York Mets,115,Colorado Rockies,8,15,95,91.07473684210527,2249.157894736842,0.15789473684210525,0.24462640736949848,5.6,0.12738165794139023,88.43110615328713,93.2
823634,642547,2026-04-30,"Peralta, Freddy",home,121,New York Mets,120,Washington Nationals,6,11,90,89.39888888888889,2235.733333333333,0.12222222222222222,0.21951219512195122,5.8,0.12896060530981127,89.05130352170819,96.2
824361,642547,2026-05-06,"Peralta, Freddy",away,121,New York Mets,115,Colorado Rockies,1,7,91,89.61318681318681,2323.010989010989,0.07692307692307693,0.2538517975055026,5.6,0.12297026714556006,89.13282042992076,95.8
823632,642547,2026-05-12,"Peralta, Freddy",home,121,New York Mets,116,Detroit Tigers,7,10,100,91.25299999999999,2337.96,0.1,0.22111553784860558,4.8,0.11261230827274968,89.62219046582544,93.8
823628,642547,2026-05-17,"Peralta, Freddy",home,121,New York Mets,147,New York Yankees,4,9,96,90.65625,2310.9270833333335,0.09375,0.2355300859598854,5.0,0.1086123082727497,89.99979046582544,93.8
823862,642547,2026-05-23,"Peralta, Freddy",away,121,New York Mets,146,Miami Marlins,9,8,108,88.37592592592593,2258.3055555555557,0.07407407407407407,0.2179948586118252,5.2,0.11015800719748088,90.3992125088362,94.4
823623,642547,2026-05-29,"Peralta, Freddy",home,121,New York Mets,146,Miami Marlins,5,12,94,89.73723404255318,2200.3297872340427,0.1276595744680851,0.2162670427832628,5.4,0.09339387464387464,89.85945032560032,97.0
823130,642547,2026-06-03,"Peralta, Freddy",away,121,New York Mets,136,Seattle Mariners,6,15,101,89.95445544554455,2348.4653465346537,0.1485148514851485,0.2304421768707483,5.2,0.09448134509304722,89.92711935633318,97.8
823620,642547,2026-06-09,"Peralta, Freddy",home,121,New York Mets,138,St. Louis Cardinals,5,11,98,88.64387755102041,2282.887755102041,0.11224489795918367,0.21136842105263157,6.2,0.10879970000546153,89.99537308280472,99.8
823615,642547,2026-06-14,"Peralta, Freddy",home,121,New York Mets,144,Atlanta Braves,2,5,90,87.66777777777779,2368.811111111111,0.05555555555555555,0.20783132530120482,5.8,0.11124867959729827,89.47354859300881,99.4
823447,642547,2026-06-20,"Peralta, Freddy",away,121,New York Mets,143,Philadelphia Phillies,2,9,80,88.72,2303.3,0.1125,0.23206599713055953,5.4,0.1036097907084094,88.87585414856437,98.2
823612,642547,2026-06-25,"Peralta, Freddy",home,121,New York Mets,112,Chicago Cubs,5,6,98,89.40102040816326,2360.6020408163267,0.061224489795918366,0.21162349968414404,4.0,0.11129497589359456,88.94466896337919,92.6
822791,642547,2026-07-01,"Peralta, Freddy",away,121,New York Mets,141,Toronto Blue Jays,4,9,91,89.97802197802197,2341.912087912088,0.0989010989010989,0.19975070115300717,4.0,0.09800795895916123,88.8774262365012,93.4
824900,642547,2026-07-06,"Peralta, Freddy",away,121,New York Mets,144,Atlanta Braves,6,11,103,87.38640776699029,2378.0388349514565,0.10679611650485436,0.21060560409761978,3.6,0.0880852084423513,88.88213954299668,91.4
823603,642547,2026-07-11,"Peralta, Freddy",home,121,New York Mets,111,Boston Red Sox,6,16,92,88.98695652173913,2384.5434782608695,0.17391304347826086,0.21914648212226068,3.8,0.08699545215148544,88.63064558619067,92.4
823762,642547,2026-07-20,"Peralta, Freddy",away,121,New York Mets,158,Milwaukee Brewers,6,10,107,89.08504672897196,2311.373831775701,0.09345794392523364,0.2114639814097599,4.6,0.1106669497360265,88.89448133498293,92.8
823599,642547,2026-07-26,"Peralta, Freddy",home,121,New York Mets,119,Los Angeles Dodgers,3,14,93,89.88602150537633,2335.8172043010754,0.15053763440860216,0.20529309918377442,5.4,0.10685853852107323,88.96749068077733,98.2
824321,642547,2026-08-04,"Peralta, Freddy",away,139,Tampa Bay Rays,115,Colorado Rockies,3,7,71,89.21549295774648,2314.3380281690143,0.09859154929577464,0.22739916550764952,5.0,0.12472116744360999,89.06449090021994,97.2
824969,642547,2026-08-10,"Peralta, Freddy",away,139,Tampa Bay Rays,133,Athletics,5,10,98,89.29183673469389,2238.408163265306,0.10204081632653061,0.22814025743453173,4.8,0.12465925752254514,88.91198509616484,93.2
822940,642547,2026-08-16,"Peralta, Freddy",home,139,Tampa Bay Rays,110,Baltimore Orioles,2,12,76,90.35394736842105,2327.2631578947367,0.15789473684210525,0.24267241379310345,4.6,0.1237081974868804,89.29307088970555,92.2
824800,642547,2026-08-21,"Peralta, Freddy",away,139,Tampa Bay Rays,110,Baltimore Orioles,6,8,98,87.36122448979592,2134.6938775510203,0.08163265306122448,0.24322086524529082,3.8,0.12050453615964925,89.56646905904195,89.0
824837,643377,2026-05-26,"Jax, Griffin",away,139,Tampa Bay Rays,110,Baltimore Orioles,3,5,38,92.75526315789473,2470.4210526315787,0.13157894736842105,0.2436399217221135,2.8,0.1449905582111639,92.80882183932431,51.8
822974,643377,2026-06-01,"Jax, Griffin",home,139,Tampa Bay Rays,116,Detroit Tigers,5,12,72,91.44583333333334,2448.3888888888887,0.16666666666666666,0.22930800542740842,3.0,0.12614505736226747,92.70245511606454,53.2
823857,643377,2026-06-07,"Jax, Griffin",away,139,Tampa Bay Rays,146,Miami Marlins,4,8,62,90.88548387096773,2533.032258064516,0.12903225806451613,0.22217659137577003,3.6,0.12045400045169836,92.22967056321902,59.4
824019,643377,2026-06-13,"Jax, Griffin",away,139,Tampa Bay Rays,108,Los Angeles Angels,5,10,63,91.27460317460317,2607.7301587301586,0.15873015873015872,0.24755822689706988,3.8,0.13609096053917785,91.93083513402274,60.0
822966,643377,2026-06-19,"Jax, Griffin",home,139,Tampa Bay Rays,120,Washington Nationals,5,10,69,90.80434782608695,2478.3333333333335,0.14492753623188406,0.2091660923501034,4.6,0.15268547713369446,91.65030122348882,59.4
822965,643377,2026-06-24,"Jax, Griffin",home,139,Tampa Bay Rays,118,Kansas City Royals,7,12,88,90.90795454545454,2538.375,0.13636363636363635,0.20670391061452514,4.4,0.14618711341232932,91.43310627257719,60.8
824096,643377,2026-06-30,"Jax, Griffin",away,139,Tampa Bay Rays,118,Kansas City Royals,5,8,71,90.36619718309859,2570.9014084507044,0.11267605633802817,0.21037911746426352,5.2,0.14714405121137236,91.06364455008915,70.8
822958,643377,2026-07-06,"Jax, Griffin",home,139,Tampa Bay Rays,147,New York Yankees,10,13,81,91.25802469135802,2564.8395061728397,0.16049382716049382,0.23546944858420268,5.2,0.1363459291456447,90.8477173200422,70.6
822953,643377,2026-07-11,"Jax, Griffin",home,139,Tampa Bay Rays,136,Seattle Mariners,3,7,69,92.08695652173913,2580.8115942028985,0.10144927536231885,0.2310936182175991,6.4,0.14263824296484023,90.92222548412026,74.4
824766,643377,2026-07-17,"Jax, Griffin",away,139,Tampa Bay Rays,111,Boston Red Sox,6,13,85,91.19294117647058,2528.9058823529413,0.15294117647058825,0.21867945823927765,6.0,0.13118206629127224,91.08469615354745,75.6
822784,643377,2026-07-22,"Jax, Griffin",away,139,Tampa Bay Rays,141,Toronto Blue Jays,5,9,83,90.40843373493975,2472.012048192771,0.10843373493975904,0.1947185916244332,6.2,0.13278479433901308,91.16241482362418,78.8
822949,643377,2026-07-28,"Jax, Griffin",home,139,Tampa Bay Rays,140,Texas Rangers,10,19,93,90.552688172043,2511.3118279569894,0.20430107526881722,0.22381311228334588,5.8,0.12719881405423764,91.0625106615212,77.8
822943,643377,2026-08-02,"Jax, Griffin",home,139,Tampa Bay Rays,145,Chicago White Sox,8,12,82,91.07560975609756,2562.8048780487807,0.14634146341463414,0.2369554810914313,6.8,0.14552381784039542,91.0998088593101,82.2
823232,645261,2026-04-24,"Alcantara, Sandy",away,146,Miami Marlins,137,San Francisco Giants,4,12,108,93.3,2261.675925925926,0.1111111111111111,0.21642619311875694,4.6,0.11989725328075714,92.10440527574568,91.6
823958,645261,2026-04-29,"Alcantara, Sandy",away,146,Miami Marlins,119,Los Angeles Dodgers,4,9,104,91.86153846153846,2252.528846153846,0.08653846153846154,0.20948275862068966,4.4,0.1119824892016095,92.509336782595,98.6
823873,645261,2026-05-05,"Alcantara, Sandy",home,146,Miami Marlins,110,Baltimore Orioles,5,12,106,90.88490566037736,2270.632075471698,0.11320754716981132,0.24336618650492797,3.8,0.09918265462758138,92.63583802328978,100.8
823868,645261,2026-05-10,"Alcantara, Sandy",home,146,Miami Marlins,120,Washington Nationals,3,8,89,91.67415730337079,2189.9887640449438,0.0898876404494382,0.22015404364569963,3.6,0.09866626932470154,92.08839810273369,103.0
822981,645261,2026-05-16,"Alcantara, Sandy",away,146,Miami Marlins,139,Tampa Bay Rays,5,6,101,92.18712871287129,2235.8811881188117,0.0594059405940594,0.1873479318734793,3.4,0.09664379741458917,92.11442956340784,100.8
823864,645261,2026-05-21,"Alcantara, Sandy",home,146,Miami Marlins,144,Atlanta Braves,3,7,94,91.85744680851064,2299.8829787234044,0.07446808510638298,0.20673329826407155,4.2,0.09203014017257631,91.98154602763158,101.6
822811,645261,2026-05-26,"Alcantara, Sandy",away,146,Miami Marlins,141,Toronto Blue Jays,4,7,95,91.89368421052632,2302.5894736842106,0.07368421052631578,0.19177403369672943,4.0,0.08470153497163069,91.6930353893337,98.8
822730,645261,2026-06-01,"Alcantara, Sandy",away,146,Miami Marlins,120,Washington Nationals,5,4,95,93.12631578947368,2308.4736842105262,0.042105263157894736,0.21175969322539412,4.0,0.08213068476920153,91.69946453913128,97.0
823857,645261,2026-06-07,"Alcantara, Sandy",home,146,Miami Marlins,139,Tampa Bay Rays,6,9,90,92.79666666666668,2234.3888888888887,0.1,0.18853503184713377,4.0,0.06791022796681821,92.14774656495054,94.8
823370,645261,2026-06-12,"Alcantara, Sandy",away,146,Miami Marlins,134,Pittsburgh Pirates,7,10,102,93.61176470588235,2223.5196078431372,0.09803921568627451,0.23516402506450423,4.6,0.06993269987693058,92.37224843760973,95.0
823450,645261,2026-06-17,"Alcantara, Sandy",away,146,Miami Marlins,143,Philadelphia Phillies,6,16,102,92.18333333333334,2254.3627450980393,0.1568627450980392,0.23045722713864306,5.0,0.0776593548953736,92.65717563621193,95.2
823849,645261,2026-06-23,"Alcantara, Sandy",home,146,Miami Marlins,140,Texas Rangers,4,9,109,93.54954128440366,2301.6146788990827,0.08256880733944955,0.22522214627477785,5.6,0.09413828689370485,92.72235294117647,96.8
824339,645261,2026-06-29,"Alcantara, Sandy",away,146,Miami Marlins,115,Colorado Rockies,3,11,96,93.26666666666667,2322.1354166666665,0.11458333333333333,0.23230433426878702,5.6,0.0959152062563316,93.05352435595194,99.6
824983,645261,2026-07-04,"Alcantara, Sandy",away,146,Miami Marlins,133,Athletics,8,10,100,93.031,2238.76,0.1,0.22378854625550662,5.2,0.11041082029141933,93.08159453139055,99.8
823845,645261,2026-07-10,"Alcantara, Sandy",home,146,Miami Marlins,114,Cleveland Guardians,8,11,99,90.95050505050506,2266.151515151515,0.1111111111111111,0.22317107884998577,5.6,0.11041082029141933,93.12846119805721,101.8
823766,645261,2026-07-17,"Alcantara, Sandy",away,146,Miami Marlins,158,Milwaukee Brewers,7,8,104,93.63749999999999,2149.230769230769,0.07692307692307693,0.20878828229027963,5.8,0.11302519937638664,92.59620926698175,101.2
824166,645261,2026-07-22,"Alcantara, Sandy",away,146,Miami Marlins,117,Houston Astros,3,10,108,93.25,2246.1388888888887,0.09259259259259259,0.21485479311231045,6.0,0.09703726574139418,92.88704260031508,101.6
823838,645261,2026-07-28,"Alcantara, Sandy",home,146,Miami Marlins,143,Philadelphia Phillies,5,9,97,91.92680412371134,2228.907216494845,0.09278350515463918,0.2381190595297649,5.8,0.09904202279202279,92.82713434343434,101.4
823592,645261,2026-08-02,"Alcantara, Sandy",away,146,Miami Marlins,121,New York Mets,5,9,102,92.94607843137256,2131.901960784314,0.08823529411764706,0.2249464413234944,6.2,0.09468205715628396,92.55916183484328,101.6
823834,645261,2026-08-08,"Alcantara, Sandy",home,146,Miami Marlins,108,Los Angeles Angels,8,10,108,93.01111111111112,2166.472222222222,0.09259259259259259,0.25206422018348623,5.6,0.09232911597981337,92.5421775211178,102.0
824479,645261,2026-08-14,"Alcantara, Sandy",away,146,Miami Marlins,113,Cincinnati Reds,2,5,103,93.01844660194175,2191.4563106796118,0.04854368932038835,0.2529346622369878,5.6,0.08862541227610968,92.954298733239,103.8
823424,645261,2026-08-19,"Alcantara, Sandy",away,146,Miami Marlins,143,Philadelphia Phillies,1,4,97,93.3577319587629,2300.907216494845,0.041237113402061855,0.2262205387205387,4.6,0.08294953475557196,92.83048805362735,103.6
823795,647336,2026-04-30,"Soroka, Michael",away,109,Arizona Diamondbacks,158,Milwaukee Brewers,2,3,79,88.69746835443038,2600.721518987342,0.0379746835443038,0.21029281277728482,6.8,0.10478588980805485,88.38077384085777,93.6
825091,647336,2026-05-06,"Soroka, Michael",home,109,Arizona Diamondbacks,134,Pittsburgh Pirates,6,14,93,87.80967741935484,2616.7956989247314,0.15053763440860216,0.23661971830985915,5.2,0.08541453438208416,88.71712144432811,91.6
822901,647336,2026-05-11,"Soroka, Michael",away,109,Arizona Diamondbacks,140,Texas Rangers,4,8,89,86.8191011235955,2614.2134831460676,0.0898876404494382,0.2339572192513369,5.8,0.10233524807699139,88.43136462050678,92.0
824358,647336,2026-05-17,"Soroka, Michael",away,109,Arizona Diamondbacks,115,Colorado Rockies,8,13,98,86.65204081632653,2634.908163265306,0.1326530612244898,0.25014442518775276,4.6,0.09235578691956721,88.07927086673126,91.2
825082,647336,2026-05-22,"Soroka, Michael",home,109,Arizona Diamondbacks,115,Colorado Rockies,2,6,78,86.06410256410257,2550.0128205128203,0.07692307692307693,0.24686192468619247,5.2,0.10399278214318856,87.7930832853157,92.0
823217,647336,2026-05-27,"Soroka, Michael",away,109,Arizona Diamondbacks,137,San Francisco Giants,3,4,83,88.16506024096385,2645.759036144578,0.04819277108433735,0.21171836533727229,4.4,0.09759521930998219,87.20847805556197,87.4
825079,647336,2026-06-02,"Soroka, Michael",home,109,Arizona Diamondbacks,119,Los Angeles Dodgers,6,9,100,87.954,2599.11,0.09,0.20130718954248367,4.6,0.09963883681798888,87.10199643286866,88.2
825074,647336,2026-06-07,"Soroka, Michael",home,109,Arizona Diamondbacks,120,Washington Nationals,6,5,100,86.609,2610.57,0.05,0.21228830248129185,4.6,0.08753130993626845,87.1308609489977,89.6
824508,647336,2026-06-13,"Soroka, Michael",away,109,Arizona Diamondbacks,113,Cincinnati Reds,7,11,93,88.4236559139785,2681.6021505376343,0.11827956989247312,0.24309815950920247,5.0,0.07955378184638082,87.08884072427858,91.8
825069,647336,2026-06-19,"Soroka, Michael",home,109,Arizona Diamondbacks,142,Minnesota Twins,0,0,9,88.63333333333334,2399.3333333333335,0.0,0.22287694974003466,4.8,0.07667908357997748,87.44316374380898,90.8
825048,647336,2026-08-10,"Soroka, Michael",home,109,Arizona Diamondbacks,115,Colorado Rockies,4,7,77,87.36363636363636,2614.116883116883,0.09090909090909091,0.22614292055037727,4.4,0.061294468195362106,87.95700989765513,77.0
824880,647336,2026-08-16,"Soroka, Michael",away,109,Arizona Diamondbacks,144,Atlanta Braves,5,6,80,88.22999999999999,2587.8,0.075,0.21414665801427643,4.6,0.0698377321603128,87.79672512218964,75.8
825044,647336,2026-08-22,"Soroka, Michael",home,109,Arizona Diamondbacks,113,Cincinnati Reds,3,9,84,86.71190476190476,2623.6190476190477,0.10714285714285714,0.2544023202817485,4.4,0.06683773216031282,87.85192512218963,71.8
825094,650633,2026-04-26,"King, Michael",away,135,San Diego Padres,109,Arizona Diamondbacks,8,13,106,88.55754716981133,2335.6132075471696,0.12264150943396226,0.21047120418848167,5.2,0.10494244538494331,88.74055931022625,89.6
823308,650633,2026-05-02,"King, Michael",home,135,San Diego Padres,145,Chicago White Sox,5,10,92,87.93369565217391,2315.554347826087,0.10869565217391304,0.23944805194805194,5.6,0.10020245458880891,88.66450776857876,94.4
823306,650633,2026-05-07,"King, Michael",home,135,San Diego Padres,138,St. Louis Cardinals,6,17,86,87.88837209302325,2329.6279069767443,0.19767441860465115,0.21597633136094674,5.6,0.0923119553939619,88.34951850395181,96.6
823791,650633,2026-05-13,"King, Michael",away,135,San Diego Padres,158,Milwaukee Brewers,5,9,99,88.82828282828282,2273.40404040404,0.09090909090909091,0.20473996050032917,6.0,0.12132052332541847,88.32403502781963,94.8
823301,650633,2026-05-18,"King, Michael",home,135,San Diego Padres,119,Los Angeles Dodgers,8,12,100,89.01100000000001,2317.28,0.12,0.20607734806629835,6.0,0.12303175327194252,88.28310335818207,97.6
823297,650633,2026-05-24,"King, Michael",home,135,San Diego Padres,133,Athletics,4,10,81,88.82222222222222,2198.9876543209875,0.12345679012345678,0.2214498510427011,6.4,0.12798413422432348,88.44377954865827,96.6
822731,650633,2026-05-30,"King, Michael",away,135,San Diego Padres,120,Washington Nationals,2,6,77,89.60779220779222,2255.948051948052,0.07792207792207792,0.21441124780316345,5.6,0.12814719036222239,88.49671455914044,91.6
823293,650633,2026-06-05,"King, Michael",home,135,San Diego Padres,121,New York Mets,4,7,93,88.58602150537635,2268.1720430107525,0.07526881720430108,0.21899392888117952,5.0,0.12199247551185535,88.83153387026411,88.6
823287,650633,2026-06-10,"King, Michael",home,135,San Diego Padres,113,Cincinnati Reds,3,7,106,88.01981132075473,2258.9150943396226,0.0660377358490566,0.24594701463028865,4.6,0.09751135523178533,88.97106375273472,90.0
823045,650633,2026-06-16,"King, Michael",away,135,San Diego Padres,138,St. Louis Cardinals,1,3,93,89.5225806451613,2311.967741935484,0.03225806451612903,0.20975056689342403,4.2,0.09253708421977846,88.8093694512291,91.4
823288,650633,2026-06-22,"King, Michael",home,135,San Diego Padres,144,Atlanta Braves,5,10,93,88.2247311827957,2295.8279569892475,0.10752688172043011,0.2107466852756455,2.8,0.07498869712300428,88.91168558026136,90.0
823281,650633,2026-06-28,"King, Michael",home,135,San Diego Padres,119,Los Angeles Dodgers,5,9,90,89.8411111111111,2197.1555555555556,0.1,0.20442505453412277,3.0,0.07180271544239895,88.79218737237606,92.4
823933,650633,2026-07-03,"King, Michael",away,135,San Diego Padres,119,Los Angeles Dodgers,5,10,75,89.94533333333332,2260.72,0.13333333333333333,0.2026315789473684,3.6,0.07621829985798337,88.83885115303983,95.0
823279,650633,2026-07-08,"King, Michael",home,135,San Diego Padres,109,Arizona Diamondbacks,4,10,92,88.78369565217392,2189.9891304347825,0.10869565217391304,0.19445264089701977,3.8,0.08783120308378982,89.11071351863123,91.4
824090,650633,2026-07-17,"King, Michael",away,135,San Diego Padres,118,Kansas City Royals,4,6,97,88.17628865979381,2273.226804123711,0.061855670103092786,0.21346782988004362,4.0,0.09636278634876111,89.26349038491507,88.6
824896,650633,2026-07-22,"King, Michael",away,135,San Diego Padres,144,Atlanta Braves,7,16,104,88.14615384615385,2290.3173076923076,0.15384615384615385,0.21228902953586498,4.6,0.10228230746615385,88.99423198784157,89.4
823275,650633,2026-07-28,"King, Michael",home,135,San Diego Padres,115,Colorado Rockies,6,14,98,88.45510204081633,2230.5204081632655,0.14285714285714285,0.22679402400195933,5.0,0.1115461618912986,88.9785165205132,91.6
825095,650633,2026-08-03,"King, Michael",away,135,San Diego Padres,109,Arizona Diamondbacks,5,8,104,88.5576923076923,2270.8653846153848,0.07692307692307693,0.1927796130250118,5.2,0.12011759046272719,88.70131470645424,93.2
823267,650633,2026-08-08,"King, Michael",home,135,San Diego Padres,117,Houston Astros,6,15,93,89.66236559139786,2358.1720430107525,0.16129032258064516,0.21358135365307038,5.2,0.1088355391806759,88.42378650132605,99.0
824399,650633,2026-08-14,"King, Michael",away,135,San Diego Padres,114,Cleveland Guardians,4,4,83,89.7421686746988,2289.987951807229,0.04819277108433735,0.21739130434782608,5.6,0.11935447326202231,88.59952048917083,99.2
823587,650633,2026-08-19,"King, Michael",away,135,San Diego Padres,121,New York Mets,4,8,100,88.645,2402.42,0.08,0.22694886839899414,5.6,0.11662189345827123,88.91269649215182,96.4
825017,650644,2026-04-28,"Civale, Aaron",home,133,Athletics,118,Kansas City Royals,3,7,87,85.53563218390805,2702.390804597701,0.08045977011494253,0.22306238185255198,4.0,0.08796223623819677,86.06735378243333,87.6
825013,650644,2026-05-03,"Civale, Aaron",home,133,Athletics,114,Cleveland Guardians,3,3,93,85.34623655913978,2558.9247311827958,0.03225806451612903,0.20735524256651017,4.0,0.09026108681290941,86.01585952955976,87.6
824847,650644,2026-05-09,"Civale, Aaron",away,133,Athletics,110,Baltimore Orioles,6,8,97,85.70721649484537,2636.865979381443,0.08247422680412371,0.24219810040705564,3.4,0.08080360880704432,85.98533411411499,88.6
825009,650644,2026-05-15,"Civale, Aaron",home,133,Athletics,137,San Francisco Giants,2,4,76,86.78815789473684,2564.157894736842,0.05263157894736842,0.21841941505911636,4.2,0.07063178750120239,85.98517741308407,93.0
824032,650644,2026-05-20,"Civale, Aaron",away,133,Athletics,108,Los Angeles Angels,2,6,61,84.20655737704918,2615.6721311475408,0.09836065573770492,0.25715829281469477,3.8,0.06368237513533627,85.91756627358484,87.6
825005,650644,2026-05-25,"Civale, Aaron",home,133,Athletics,136,Seattle Mariners,2,6,73,82.9041095890411,2514.4109589041095,0.0821917808219178,0.2341678939617084,3.2,0.06923685922405373,85.51676010193584,82.8
824992,650644,2026-06-17,"Civale, Aaron",home,133,Athletics,134,Pittsburgh Pirates,2,10,71,86.97887323943662,2611.1408450704225,0.14084507042253522,0.2359627971064416,3.0,0.06958326136544878,84.99045558296245,80.0
823210,650644,2026-06-23,"Civale, Aaron",away,133,Athletics,137,San Francisco Giants,5,7,84,86.45833333333333,2662.8809523809523,0.08333333333333333,0.20378657487091223,2.8,0.09130066254673,85.31698291902181,75.6
824011,650644,2026-06-28,"Civale, Aaron",away,133,Athletics,108,Los Angeles Angels,2,7,90,86.12777777777778,2623.9444444444443,0.07777777777777778,0.25,2.6,0.09147248385257192,85.46720628671942,73.0
824983,650644,2026-07-04,"Civale, Aaron",home,133,Athletics,146,Miami Marlins,6,9,84,84.75119047619049,2688.214285714286,0.10714285714285714,0.21669150521609537,2.6,0.0965017236186538,85.3351302633276,75.8
824689,650911,2026-04-23,"Sánchez, Cristopher",away,143,Philadelphia Phillies,112,Chicago Cubs,4,13,99,89.39191919191919,2061.787878787879,0.13131313131313133,0.21052631578947367,7.8,0.14622457124447422,89.92638949678386,93.0
823472,650911,2026-04-30,"Sánchez, Cristopher",home,143,Philadelphia Phillies,137,San Francisco Giants,7,7,85,90.73529411764706,2053.5529411764705,0.08235294117647059,0.2164750957854406,6.6,0.14490099061054873,89.78040551907574,95.4
823469,650911,2026-05-05,"Sánchez, Cristopher",home,143,Philadelphia Phillies,133,Athletics,10,22,97,90.8979381443299,2067.8865979381444,0.2268041237113402,0.22247532270311313,6.6,0.13662931080460575,89.98746434260515,93.0
823463,650911,2026-05-10,"Sánchez, Cristopher",home,143,Philadelphia Phillies,115,Colorado Rockies,7,14,103,89.23398058252428,2073.5728155339807,0.13592233009708737,0.25589005235602097,7.4,0.15590317902513467,90.06966066712332,94.0
823382,650911,2026-05-16,"Sánchez, Cristopher",away,143,Philadelphia Phillies,134,Pittsburgh Pirates,13,15,108,90.41296296296296,2109.462962962963,0.1388888888888889,0.22887520984890877,7.2,0.15183764504455213,89.81999845029483,95.4
823461,650911,2026-05-22,"Sánchez, Cristopher",home,143,Philadelphia Phillies,114,Cleveland Guardians,6,20,96,89.60625,2050.5520833333335,0.20833333333333334,0.19705434230573896,8.2,0.14305628303738366,90.13441899987667,98.4
823295,650911,2026-05-27,"Sánchez, Cristopher",away,143,Philadelphia Phillies,135,San Diego Padres,9,15,100,90.506,2095.96,0.15,0.23256997455470738,8.6,0.15846032344142408,90.17728516149285,97.8
823456,650911,2026-06-03,"Sánchez, Cristopher",home,143,Philadelphia Phillies,135,San Diego Padres,8,15,84,91.38095238095238,2122.8214285714284,0.17857142857142858,0.2335970218706375,9.0,0.17198973520612998,90.13142633796342,100.8
822806,650911,2026-06-08,"Sánchez, Cristopher",away,143,Philadelphia Phillies,141,Toronto Blue Jays,10,17,107,90.79532710280374,2097.4205607476633,0.1588785046728972,0.19076549210206561,8.6,0.16234319617814763,90.22802918528792,98.2
823777,650911,2026-06-14,"Sánchez, Cristopher",away,143,Philadelphia Phillies,158,Milwaukee Brewers,3,8,98,90.1469387755102,2082.591836734694,0.08163265306122448,0.2062780269058296,9.2,0.1669344310933096,90.54029848934381,99.0
823447,650911,2026-06-20,"Sánchez, Cristopher",home,143,Philadelphia Phillies,121,New York Mets,5,9,91,91.54395604395604,2108.5824175824177,0.0989010989010989,0.2204724409448819,7.2,0.1554831839277767,90.48709365185326,97.0
822717,650911,2026-06-25,"Sánchez, Cristopher",away,143,Philadelphia Phillies,120,Washington Nationals,6,16,92,90.61413043478261,2094.4239130434785,0.17391304347826086,0.21332479180012812,7.0,0.13359673704132982,90.87463486064448,96.0
823445,650911,2026-06-30,"Sánchez, Cristopher",home,143,Philadelphia Phillies,134,Pittsburgh Pirates,9,22,92,90.56304347826087,2080.945652173913,0.2391304347826087,0.2381807301017355,6.4,0.138379345736982,90.896260947601,94.4
824089,650911,2026-07-06,"Sánchez, Cristopher",away,143,Philadelphia Phillies,118,Kansas City Royals,1,13,83,89.79277108433735,2090.1927710843374,0.1566265060240964,0.2138847858197932,6.6,0.15049114697921803,90.73267916706268,96.0
824249,650911,2026-07-11,"Sánchez, Cristopher",away,143,Philadelphia Phillies,116,Detroit Tigers,7,13,103,90.7,2061.4271844660193,0.1262135922330097,0.23048433048433048,4.8,0.15004074724945787,90.53216796336942,91.2
823436,650911,2026-07-20,"Sánchez, Cristopher",home,143,Philadelphia Phillies,119,Los Angeles Dodgers,7,19,99,90.85252525252525,2103.2929292929293,0.1919191919191919,0.2045159615883727,5.6,0.15895693508381492,90.64278020826738,92.2
823433,650911,2026-07-26,"Sánchez, Cristopher",home,143,Philadelphia Phillies,147,New York Yankees,6,16,101,90.5940594059406,2079.1188118811883,0.15841584158415842,0.24152106885919836,6.0,0.17756055368743354,90.50449404998122,93.8
824808,650911,2026-08-01,"Sánchez, Cristopher",away,143,Philadelphia Phillies,110,Baltimore Orioles,11,15,99,91.41616161616162,2082.5252525252527,0.15151515151515152,0.24076281287246723,6.0,0.17446111330861303,90.5004798442128,95.6
823430,650911,2026-08-06,"Sánchez, Cristopher",home,143,Philadelphia Phillies,120,Washington Nationals,6,12,98,90.66734693877551,2062.1530612244896,0.12244897959183673,0.21300199689372087,6.4,0.1569380566551216,90.67110347179296,97.0
823019,650911,2026-08-11,"Sánchez, Cristopher",away,143,Philadelphia Phillies,138,St. Louis Cardinals,7,14,89,90.1808988764045,2081.494382022472,0.15730337078651685,0.20254862508383636,7.4,0.15010255136866965,90.84601864268059,100.0
823427,650911,2026-08-17,"Sánchez, Cristopher",home,143,Philadelphia Phillies,146,Miami Marlins,6,10,90,90.60777777777777,2075.5,0.1111111111111111,0.21564885496183206,7.4,0.1563205070793711,90.74219841796149,97.2
822729,656288,2026-05-31,"Canning, Griffin",away,135,San Diego Padres,120,Washington Nationals,3,5,77,90.1948051948052,2198.6623376623374,0.06493506493506493,0.2127107652399481,4.8,0.11017913921373013,90.77262249788826,77.8
823292,656288,2026-06-06,"Canning, Griffin",home,135,San Diego Padres,121,New York Mets,6,8,86,89.45,2235.9302325581393,0.09302325581395349,0.21913712088850917,4.0,0.0820702617897842,90.63925476972602,78.6
824826,656288,2026-06-12,"Canning, Griffin",away,135,San Diego Padres,110,Baltimore Orioles,6,8,93,89.03548387096774,2426.3870967741937,0.08602150537634409,0.23414634146341465,4.2,0.08380744307305683,90.3068451311718,79.2
824662,656288,2026-06-29,"Canning, Griffin",away,135,San Diego Padres,112,Chicago Cubs,3,8,75,88.988,2217.266666666667,0.10666666666666667,0.21462974111980734,5.0,0.09163674414832565,89.86112940536535,85.0
823277,656288,2026-07-09,"Canning, Griffin",home,135,San Diego Padres,109,Arizona Diamondbacks,5,6,74,89.4108108108108,2264.391891891892,0.08108108108108109,0.19352014010507881,4.6,0.09074785525943677,89.63345162758758,85.6
824088,656288,2026-07-18,"Canning, Griffin",away,135,San Diego Padres,118,Kansas City Royals,4,7,65,91.12307692307692,2250.9076923076923,0.1076923076923077,0.21324717285945072,4.6,0.08634551477462206,89.41581997531675,81.0
822825,656302,2026-04-27,"Cease, Dylan",home,141,Toronto Blue Jays,111,Boston Red Sox,5,13,107,89.99532710280374,2401.158878504673,0.12149532710280374,0.22232734153263956,8.6,0.17436493664582525,91.88604902494205,99.0
823715,656302,2026-05-02,"Cease, Dylan",away,141,Toronto Blue Jays,142,Minnesota Twins,7,13,106,91.7990566037736,2526.3207547169814,0.12264150943396226,0.22648902821316613,7.2,0.1453306687330527,91.59733666772503,102.4
822822,656302,2026-05-08,"Cease, Dylan",home,141,Toronto Blue Jays,108,Los Angeles Angels,10,16,97,91.36701030927836,2502.556701030928,0.16494845360824742,0.2542837559972584,7.4,0.14190198137253332,91.66187917127544,105.0
822815,656302,2026-05-13,"Cease, Dylan",home,141,Toronto Blue Jays,139,Tampa Bay Rays,9,11,99,90.97171717171717,2459.7272727272725,0.1111111111111111,0.18466453674121405,7.8,0.13739167209418277,91.53236456646445,105.2
823548,656302,2026-05-19,"Cease, Dylan",away,141,Toronto Blue Jays,147,New York Yankees,9,17,100,92.681,2479.08,0.17,0.23194748358862144,8.6,0.13131200752395217,91.23934951024185,103.8
822813,656302,2026-05-24,"Cease, Dylan",home,141,Toronto Blue Jays,134,Pittsburgh Pirates,8,11,76,90.96710526315789,2436.407894736842,0.14473684210526316,0.23477837311251826,8.0,0.1380392802512249,91.36282223751456,101.8
822805,656302,2026-06-09,"Cease, Dylan",home,141,Toronto Blue Jays,143,Philadelphia Phillies,11,23,93,90.9774193548387,2515.1935483870966,0.24731182795698925,0.2255700325732899,8.6,0.14268758325171677,91.55717786958539,95.6
824750,656302,2026-06-16,"Cease, Dylan",away,141,Toronto Blue Jays,111,Boston Red Sox,7,15,108,91.56666666666668,2557.314814814815,0.1388888888888889,0.21935235158057054,9.4,0.16762164695632217,91.39285041979842,93.0
822800,656302,2026-06-22,"Cease, Dylan",home,141,Toronto Blue Jays,117,Houston Astros,8,12,110,91.7309090909091,2532.0454545454545,0.10909090909090909,0.21675041876046902,8.8,0.16240973401245049,91.43278169127608,95.2
822794,656302,2026-06-27,"Cease, Dylan",home,141,Toronto Blue Jays,140,Texas Rangers,10,17,107,91.30934579439253,2384.663551401869,0.1588785046728972,0.2235944101397465,8.6,0.16200569360841005,91.58462007511447,97.4
823120,656302,2026-07-03,"Cease, Dylan",away,141,Toronto Blue Jays,136,Seattle Mariners,9,11,102,91.13529411764705,2405.2450980392155,0.10784313725490197,0.22995461422087746,8.8,0.1597813945429895,91.31028923399298,98.8
823202,656302,2026-07-08,"Cease, Dylan",away,141,Toronto Blue Jays,137,San Francisco Giants,11,14,118,90.53474576271186,2427.262711864407,0.11864406779661017,0.20684610883557636,9.0,0.15240265357291727,91.34392700489082,104.0
822788,656302,2026-07-20,"Cease, Dylan",home,141,Toronto Blue Jays,139,Tampa Bay Rays,7,13,101,89.7871287128713,2518.960396039604,0.12871287128712872,0.18840970350404312,9.0,0.12666910154084146,91.25539228646544,109.0
824734,656302,2026-07-25,"Cease, Dylan",away,141,Toronto Blue Jays,111,Boston Red Sox,12,19,120,89.02250000000001,2464.225,0.15833333333333333,0.21784503000260894,9.0,0.12463389802048944,90.89948469570638,107.6
822782,656302,2026-07-31,"Cease, Dylan",home,141,Toronto Blue Jays,138,St. Louis Cardinals,7,16,96,90.903125,2476.2604166666665,0.16666666666666666,0.2028879099363681,9.8,0.1344823828689743,90.35780287752455,109.6
824664,656302,2026-08-06,"Cease, Dylan",away,141,Toronto Blue Jays,112,Chicago Cubs,10,10,104,89.17596153846154,2487.980769230769,0.09615384615384616,0.2170184696569921,9.2,0.1360400152677282,90.27655871864604,107.4
822778,656302,2026-08-11,"Cease, Dylan",home,141,Toronto Blue Jays,111,Boston Red Sox,7,15,104,89.46923076923076,2490.8173076923076,0.14423076923076922,0.21645796064400716,9.4,0.133702157047517,89.88469220280895,107.8
822774,656302,2026-08-16,"Cease, Dylan",home,141,Toronto Blue Jays,147,New York Yankees,10,12,104,89.46923076923076,2502.548076923077,0.11538461538461539,0.24444928167174576,8.6,0.13881949733434884,89.67158920411273,105.0
823509,656302,2026-08-22,"Cease, Dylan",away,141,Toronto Blue Jays,147,New York Yankees,8,14,111,88.92972972972974,2369.6576576576576,0.12612612612612611,0.24691358024691357,9.2,0.13615384615384613,89.60800961538462,105.6
824287,656427,2026-05-01,"Flaherty, Jack",home,116,Detroit Tigers,140,Texas Rangers,4,6,91,86.82747252747252,2286.8571428571427,0.06593406593406594,0.24333619948409285,4.2,0.0966148998376169,87.34366125551439,83.2
824282,656427,2026-05-06,"Flaherty, Jack",home,116,Detroit Tigers,111,Boston Red Sox,10,13,96,87.79270833333334,2293.6770833333335,0.13541666666666666,0.22092172640819313,4.6,0.0895769939233065,86.95252654752576,83.6
823632,656427,2026-05-12,"Flaherty, Jack",away,116,Detroit Tigers,121,New York Mets,2,6,97,88.06082474226804,2248.3711340206187,0.061855670103092786,0.2094915254237288,5.6,0.10092999017798814,87.26859630408006,85.0
824279,656427,2026-05-17,"Flaherty, Jack",home,116,Detroit Tigers,141,Toronto Blue Jays,4,12,90,87.55111111111111,2369.8555555555554,0.13333333333333333,0.18192627824019025,4.6,0.09474442316767887,87.22096743810069,85.0
824842,656427,2026-05-22,"Flaherty, Jack",away,116,Detroit Tigers,110,Baltimore Orioles,7,7,78,86.13589743589743,2305.9615384615386,0.08974358974358974,0.2470713525026624,4.8,0.09401382956037292,87.67201157813112,88.4
824272,656427,2026-05-28,"Flaherty, Jack",home,116,Detroit Tigers,108,Los Angeles Angels,9,17,91,87.92857142857143,2356.186813186813,0.18681318681318682,0.2539081004263382,5.4,0.0972566651561497,87.27360283001649,90.4
822971,656427,2026-06-02,"Flaherty, Jack",away,116,Detroit Tigers,139,Tampa Bay Rays,6,6,94,87.83297872340425,2376.7659574468084,0.06382978723404255,0.1862256456728591,6.4,0.12143248933197386,87.49382261023626,90.4
824268,656427,2026-06-07,"Flaherty, Jack",home,116,Detroit Tigers,136,Seattle Mariners,7,15,87,88.90459770114943,2335.4137931034484,0.1724137931034483,0.22992700729927007,5.6,0.10711511344544906,87.50187668825045,90.0
824425,656427,2026-06-12,"Flaherty, Jack",away,116,Detroit Tigers,114,Cleveland Guardians,1,4,63,89.12380952380953,2285.1746031746034,0.06349206349206349,0.2066084314470186,6.6,0.12922673804552015,87.67063128002673,88.0
824256,656427,2026-06-28,"Flaherty, Jack",home,116,Detroit Tigers,117,Houston Astros,9,15,94,88.77446808510638,2353.8829787234044,0.1595744680851064,0.21459627329192546,6.0,0.11525848407726617,87.98517096256641,82.6
822882,656427,2026-07-04,"Flaherty, Jack",away,116,Detroit Tigers,140,Texas Rangers,5,10,88,88.95113636363637,2292.7386363636365,0.11363636363636363,0.2221887247512813,6.4,0.12922465974556951,88.5128850924082,85.8
824252,656427,2026-07-10,"Flaherty, Jack",home,116,Detroit Tigers,143,Philadelphia Phillies,6,15,86,87.73720930232558,2301.0232558139537,0.1744186046511628,0.2336740488358887,5.6,0.11458929511020485,88.71739807942119,85.2
824654,656427,2026-07-20,"Flaherty, Jack",away,116,Detroit Tigers,112,Chicago Cubs,4,8,82,86.9219512195122,2301.682926829268,0.0975609756097561,0.2143405889884763,5.6,0.13670705859362892,88.69824419520546,83.6
824612,656492,2026-04-26,"Griffin, Foster",away,120,Washington Nationals,145,Chicago White Sox,8,14,95,85.60105263157895,2199.7157894736843,0.14736842105263157,0.2420443587270974,4.4,0.09324434191043325,85.79054967990592,89.2
822746,656492,2026-05-02,"Griffin, Foster",home,120,Washington Nationals,158,Milwaukee Brewers,3,1,97,85.79793814432989,2096.082474226804,0.010309278350515464,0.20559210526315788,5.0,0.10876453774886655,85.61541136901242,91.0
823871,656492,2026-05-08,"Griffin, Foster",away,120,Washington Nationals,146,Miami Marlins,9,14,103,85.43980582524271,2176.73786407767,0.13592233009708737,0.21717877094972068,4.4,0.08766849868212753,85.6469989978784,91.4
824517,656492,2026-05-14,"Griffin, Foster",away,120,Washington Nationals,113,Cincinnati Reds,7,12,92,85.3445652173913,2184.3478260869565,0.13043478260869565,0.2426470588235294,6.0,0.10235296470154501,85.60521016292694,96.0
822736,656492,2026-05-19,"Griffin, Foster",home,120,Washington Nationals,121,New York Mets,5,7,97,86.11134020618556,2233.4329896907216,0.07216494845360824,0.20564971751412428,6.0,0.10147362908845267,85.51479736370858,96.6
824921,656492,2026-05-24,"Griffin, Foster",away,120,Washington Nationals,144,Atlanta Braves,6,8,90,85.58666666666667,2204.6666666666665,0.08888888888888889,0.20872583044124937,6.4,0.09923995211250766,85.6589404049457,96.8
822731,656492,2026-05-30,"Griffin, Foster",home,120,Washington Nationals,135,San Diego Padres,5,11,90,85.94111111111111,2254.866666666667,0.12222222222222222,0.2316356513222331,6.0,0.08754404567975912,85.65606321196323,95.8
825073,656492,2026-06-05,"Griffin, Foster",away,120,Washington Nationals,109,Arizona Diamondbacks,4,7,62,85.54677419354839,2080.5967741935483,0.11290322580645161,0.20216919739696312,6.4,0.10992663445410047,85.68469780531947,94.4
823215,656492,2026-06-10,"Griffin, Foster",away,120,Washington Nationals,137,San Francisco Giants,5,10,100,86.425,2194.49,0.1,0.208641494745037,5.4,0.10532281359597333,85.70609147898061,86.2
822723,656492,2026-06-16,"Griffin, Foster",home,120,Washington Nationals,118,Kansas City Royals,6,14,100,85.995,2276.77,0.14,0.21296631655197393,5.0,0.09923585707423419,85.92217843550233,87.8
822720,656492,2026-06-22,"Griffin, Foster",home,120,Washington Nationals,143,Philadelphia Phillies,9,16,105,85.49238095238096,2251.542857142857,0.1523809523809524,0.2302861130495464,5.2,0.11280286738351256,85.89891039426523,88.4
824825,656492,2026-06-27,"Griffin, Foster",away,120,Washington Nationals,110,Baltimore Orioles,9,15,112,85.84107142857144,2222.339285714286,0.13392857142857142,0.2415106315455411,5.8,0.12550128008192524,85.8800532514081,91.4
822714,656492,2026-07-03,"Griffin, Foster",home,120,Washington Nationals,134,Pittsburgh Pirates,2,8,83,85.9855421686747,2262.0843373493976,0.0963855421686747,0.24062319676860935,6.6,0.12784254992319508,85.86004531490016,95.8
822710,656492,2026-07-08,"Griffin, Foster",home,120,Washington Nationals,117,Houston Astros,9,19,99,85.63838383838385,2152.212121212121,0.1919191919191919,0.2160337552742616,6.2,0.12453901319563969,85.94779890992541,100.0
824978,656492,2026-07-19,"Griffin, Foster",away,120,Washington Nationals,133,Athletics,2,7,97,85.5319587628866,2102.680412371134,0.07216494845360824,0.22844255770761476,7.0,0.1429228515794781,85.79047567760219,99.8
822704,656492,2026-07-25,"Griffin, Foster",home,120,Washington Nationals,109,Arizona Diamondbacks,2,6,108,85.54629629629629,2129.2314814814813,0.05555555555555555,0.1951905858275774,6.2,0.12935584127019975,85.69786743017951,99.2
824892,656492,2026-07-31,"Griffin, Foster",away,120,Washington Nationals,144,Atlanta Braves,3,6,78,86.84230769230768,2193.423076923077,0.07692307692307693,0.21333333333333335,4.8,0.10999076190512036,85.70865049896257,99.8
824401,656492,2026-08-06,"Griffin, Foster",home,114,Cleveland Guardians,121,New York Mets,6,5,88,86.44204545454545,2158.625,0.056818181818181816,0.226546212647672,3.6,0.09858966300402147,85.90889775170983,93.0
824241,656492,2026-08-12,"Griffin, Foster",away,114,Cleveland Guardians,116,Detroit Tigers,3,3,83,85.97469879518071,2110.385542168675,0.03614457831325301,0.22532712353071635,4.4,0.09067619093392289,86.00019840888397,94.0
824398,656492,2026-08-18,"Griffin, Foster",home,114,Cleveland Guardians,137,San Francisco Giants,6,10,101,86.91980198019802,2090.039603960396,0.09900990099009901,0.2082256675279931,3.2,0.05952126821273511,86.06746140024335,90.8
824932,656550,2026-04-24,"Holmes, Grant",home,144,Atlanta Braves,143,Philadelphia Phillies,4,13,89,88.53033707865168,2533.3146067415732,0.14606741573033707,0.21798941798941798,4.2,0.13261519534962365,89.7229192448056,80.0
824366,656550,2026-05-01,"Holmes, Grant",away,144,Atlanta Braves,115,Colorado Rockies,4,9,87,89.54942528735633,2527.1264367816093,0.10344827586206896,0.25,4.2,0.13814446796937524,89.7608287657991,82.6
824927,656550,2026-05-12,"Holmes, Grant",home,144,Atlanta Braves,112,Chicago Cubs,5,10,78,89.48461538461538,2508.9102564102564,0.1282051282051282,0.20209488601355516,4.2,0.1282458878476714,89.50483147032918,83.0
824923,656550,2026-05-17,"Holmes, Grant",home,144,Atlanta Braves,111,Boston Red Sox,4,8,87,90.0022988505747,2448.1724137931033,0.09195402298850575,0.2234736218138708,4.0,0.13166469126647481,89.30720909270681,78.8
824920,656550,2026-05-23,"Holmes, Grant",home,144,Atlanta Braves,120,Washington Nationals,10,18,87,87.07241379310345,2494.0689655172414,0.20689655172413793,0.21250610649731314,4.2,0.11615719077943024,89.4958044560421,84.4
824515,656550,2026-05-29,"Holmes, Grant",away,144,Atlanta Braves,113,Cincinnati Reds,5,10,80,90.14500000000001,2366.5125,0.125,0.24170616113744076,5.4,0.13531427890203557,88.92781807886031,85.6
824917,656550,2026-06-03,"Holmes, Grant",home,144,Atlanta Braves,141,Toronto Blue Jays,4,7,89,89.83707865168539,2487.887640449438,0.07865168539325842,0.1922739244951712,5.6,0.13110079575596817,89.25075066312998,83.8
824591,656550,2026-06-09,"Holmes, Grant",away,144,Atlanta Braves,145,Chicago White Sox,2,10,67,90.12835820895523,2500.6716417910447,0.14925373134328357,0.23996789727126805,5.6,0.12614147766220607,89.30828133599579,84.2
824912,656550,2026-06-16,"Holmes, Grant",home,144,Atlanta Braves,137,San Francisco Giants,2,4,55,88.78363636363638,2423.6181818181817,0.07272727272727272,0.20574162679425836,5.0,0.13035119828983716,89.43702990086376,82.0
823288,656550,2026-06-22,"Holmes, Grant",away,144,Atlanta Braves,135,San Diego Padres,4,10,91,90.04395604395604,2400.868131868132,0.10989010989010989,0.23168103448275862,4.6,0.12650584823759053,89.1932974034761,75.6
824904,656550,2026-07-03,"Holmes, Grant",home,144,Atlanta Braves,121,New York Mets,2,6,82,88.35609756097561,2452.5731707317073,0.07317073170731707,0.2238667900092507,3.4,0.10710455987078493,89.78760585364661,76.4
823360,656550,2026-07-08,"Holmes, Grant",away,144,Atlanta Braves,134,Pittsburgh Pirates,5,8,90,91.04,2430.5333333333333,0.08888888888888889,0.23736263736263735,2.8,0.09673870621224834,89.42982536584172,76.8
824897,656550,2026-07-19,"Holmes, Grant",home,144,Atlanta Braves,140,Texas Rangers,2,11,74,89.97162162162162,2327.5405405405404,0.14864864864864866,0.2229766431287344,3.0,0.09878614691137443,89.67040963550465,77.0
824812,656550,2026-07-24,"Holmes, Grant",away,144,Atlanta Braves,110,Baltimore Orioles,4,8,91,90.30659340659341,2487.6923076923076,0.08791208791208792,0.2418818716440808,3.0,0.09866513037244744,89.63906231803793,78.4
824894,656550,2026-07-30,"Holmes, Grant",home,144,Atlanta Braves,120,Washington Nationals,4,10,69,88.9304347826087,2470.0434782608695,0.14492753623188406,0.21256495040151158,3.4,0.10170209340941047,89.94365372662932,85.6
824888,656550,2026-08-04,"Holmes, Grant",home,144,Atlanta Braves,146,Miami Marlins,5,12,72,88.95416666666667,2398.5416666666665,0.16666666666666666,0.21549295774647886,3.4,0.10870957867776535,89.72094947435987,81.2
823513,656550,2026-08-09,"Holmes, Grant",away,144,Atlanta Braves,147,New York Yankees,2,8,77,89.05584415584416,2387.87012987013,0.1038961038961039,0.24464692482915718,4.0,0.12740876566963524,89.84056329549807,79.2
824884,656550,2026-08-15,"Holmes, Grant",home,144,Atlanta Braves,109,Arizona Diamondbacks,3,8,65,88.27076923076923,2374.0,0.12307692307692308,0.1920188800686548,3.4,0.13041020867107825,89.44373212666692,76.6
824589,656550,2026-08-20,"Holmes, Grant",away,144,Atlanta Braves,145,Chicago White Sox,3,14,94,88.16170212765958,2472.595744680851,0.14893617021276595,0.23781878498859632,3.6,0.1252958635567331,89.10356164849642,74.8
823799,656605,2026-04-25,"Keller, Mitch",away,134,Pittsburgh Pirates,158,Milwaukee Brewers,6,12,93,90.26881720430107,2416.3548387096776,0.12903225806451613,0.2134020618556701,3.6,0.0884203998248942,88.50810308056488,83.8
823389,656605,2026-05-01,"Keller, Mitch",home,134,Pittsburgh Pirates,113,Cincinnati Reds,6,13,104,89.99038461538461,2458.605769230769,0.125,0.24361158432708688,4.2,0.10643464364558963,88.86498340454197,87.0
825090,656605,2026-05-07,"Keller, Mitch",away,134,Pittsburgh Pirates,109,Arizona Diamondbacks,4,6,84,88.84761904761905,2253.6071428571427,0.07142857142857142,0.21695178849144633,4.6,0.11552555273649871,89.02510578216436,90.2
823386,656605,2026-05-13,"Keller, Mitch",home,134,Pittsburgh Pirates,115,Colorado Rockies,3,4,80,89.295,2454.1125,0.05,0.2580037664783427,4.6,0.10314460035554636,89.18102959168816,92.0
823059,656605,2026-05-19,"Keller, Mitch",away,134,Pittsburgh Pirates,138,St. Louis Cardinals,3,6,83,88.76626506024097,2301.7951807228915,0.07228915662650602,0.21095100864553315,4.8,0.09981126702221302,89.41025181391038,90.0
822813,656605,2026-05-24,"Keller, Mitch",away,134,Pittsburgh Pirates,141,Toronto Blue Jays,5,10,101,88.58316831683167,2497.9504950495048,0.09900990099009901,0.19113858835651726,4.4,0.08954999722391872,89.43361718550914,88.8
823375,656605,2026-05-30,"Keller, Mitch",home,134,Pittsburgh Pirates,142,Minnesota Twins,5,9,77,88.32077922077922,2439.5974025974024,0.11688311688311688,0.22972360670593567,4.2,0.08354552580903529,89.09648740801526,90.4
824914,656605,2026-06-05,"Keller, Mitch",away,134,Pittsburgh Pirates,144,Atlanta Braves,4,8,99,89.79595959595959,2393.5252525252527,0.08080808080808081,0.20426065162907267,4.0,0.08192214918565867,88.76256632909418,85.0
823371,656605,2026-06-11,"Keller, Mitch",home,134,Pittsburgh Pirates,119,Los Angeles Dodgers,3,4,98,88.15102040816326,2545.969387755102,0.04081632653061224,0.20152963671128107,4.0,0.08379805106156055,88.95223443876229,88.0
824991,656605,2026-06-16,"Keller, Mitch",away,134,Pittsburgh Pirates,133,Athletics,7,9,96,87.91875,2509.4895833333335,0.09375,0.21916338934572757,4.0,0.08196131636768299,88.72343852039494,91.6
823365,656605,2026-06-23,"Keller, Mitch",home,134,Pittsburgh Pirates,136,Seattle Mariners,4,11,92,89.17391304347827,2430.4347826086955,0.11956521739130435,0.2254043126684636,4.8,0.0862534850423818,88.55393550834675,94.2
823362,656605,2026-06-28,"Keller, Mitch",home,134,Pittsburgh Pirates,113,Cincinnati Reds,4,9,79,87.27088607594936,2353.772151898734,0.11392405063291139,0.2486223662884927,4.6,0.09036454832262286,88.67208445367608,92.4
822714,656605,2026-07-03,"Keller, Mitch",away,134,Pittsburgh Pirates,120,Washington Nationals,1,4,83,86.66024096385543,2461.0361445783133,0.04819277108433735,0.21705882352941178,4.4,0.08977273507258177,88.46210582471011,92.8
823359,656605,2026-07-09,"Keller, Mitch",home,134,Pittsburgh Pirates,144,Atlanta Braves,3,5,72,89.6888888888889,2425.2361111111113,0.06944444444444445,0.21262361838278068,3.8,0.08324967312783307,87.83496209828927,89.6
823518,656605,2026-07-22,"Keller, Mitch",away,134,Pittsburgh Pirates,147,New York Yankees,6,13,75,89.06666666666666,2325.8133333333335,0.17333333333333334,0.23954169997335464,3.8,0.0889752967105995,88.1425357944344,84.4
823353,656605,2026-07-27,"Keller, Mitch",home,134,Pittsburgh Pirates,109,Arizona Diamondbacks,4,3,83,88.555421686747,2305.9156626506024,0.03614457831325301,0.19242348218765679,3.6,0.10489196337726617,88.37211912776772,80.2
824483,656605,2026-08-02,"Keller, Mitch",away,134,Pittsburgh Pirates,113,Cincinnati Reds,2,4,69,86.58985507246376,2452.5652173913045,0.057971014492753624,0.25198364991584515,3.6,0.08820783556165591,88.24842085642148,78.4
822733,656849,2026-05-21,"Peterson, David",away,121,New York Mets,120,Washington Nationals,3,5,82,89.35731707317073,2148.121951219512,0.06097560975609756,0.21374045801526717,5.2,0.11620525620064703,87.85334932340766,79.6
823624,656849,2026-05-26,"Peterson, David",home,121,New York Mets,113,Cincinnati Reds,4,7,90,87.94666666666666,2120.7,0.07777777777777778,0.24257425742574257,5.2,0.10997932552028758,88.27560221172601,80.8
823449,656849,2026-06-21,"Peterson, David",away,121,New York Mets,143,Philadelphia Phillies,5,7,79,89.23291139240506,2211.784810126582,0.08860759493670886,0.23074204946996466,5.0,0.10788782225231372,88.32405319211817,85.2
823770,656849,2026-06-27,"Peterson, David",away,112,Chicago Cubs,158,Milwaukee Brewers,1,4,69,89.52173913043478,2101.376811594203,0.057971014492753624,0.21061145260433517,4.8,0.10443287065142022,88.72192958824624,84.0
824659,656849,2026-07-03,"Peterson, David",home,112,Chicago Cubs,138,St. Louis Cardinals,3,9,91,87.92527472527472,2071.5824175824177,0.0989010989010989,0.20120025268477573,3.6,0.08456639939266757,88.86672685253544,80.0
824816,656849,2026-07-09,"Peterson, David",away,112,Chicago Cubs,110,Baltimore Orioles,2,7,77,88.37922077922077,1986.5584415584415,0.09090909090909091,0.24049914917753829,3.2,0.07684661917288735,88.7967817975904,82.2
824652,656849,2026-07-21,"Peterson, David",home,112,Chicago Cubs,116,Detroit Tigers,4,10,94,90.02978723404254,2165.968085106383,0.10638297872340426,0.23219068023567221,3.0,0.08283331540348601,88.6011625388004,81.2
823025,656849,2026-07-27,"Peterson, David",away,112,Chicago Cubs,138,St. Louis Cardinals,3,5,86,90.12209302325581,2122.4418604651164,0.05813953488372093,0.20386375190645653,3.0,0.08855435559261131,89.01778665227557,82.0
824649,656849,2026-08-01,"Peterson, David",home,112,Chicago Cubs,147,New York Yankees,8,9,97,89.25360824742269,2071.6288659793813,0.09278350515463918,0.24292281635615776,2.6,0.08246074358201372,89.19562297844573,83.4
824664,656849,2026-08-06,"Peterson, David",home,112,Chicago Cubs,141,Toronto Blue Jays,3,5,89,88.65280898876405,2060.1348314606744,0.056179775280898875,0.19507042253521126,4.0,0.08942324171439084,89.1419968018433,89.0
822698,656849,2026-08-12,"Peterson, David",away,112,Chicago Cubs,120,Washington Nationals,6,11,90,89.23555555555555,2091.4444444444443,0.12222222222222222,0.21427050053248137,4.0,0.08087897699035082,89.28750365454117,88.6
823100,656849,2026-08-22,"Peterson, David",away,112,Chicago Cubs,136,Seattle Mariners,8,16,98,89.6795918367347,2150.091836734694,0.16326530612244897,0.22948108331610503,4.8,0.08714160325297708,89.45877060980813,91.2
824445,656876,2026-04-29,"Rasmussen, Drew",away,139,Tampa Bay Rays,114,Cleveland Guardians,6,12,91,91.45714285714286,2341.8901098901097,0.13186813186813187,0.20993031358885017,5.2,0.09316706498182173,92.30903091137908,80.0
822986,656876,2026-05-05,"Rasmussen, Drew",home,139,Tampa Bay Rays,141,Toronto Blue Jays,5,10,85,92.49529411764706,2488.564705882353,0.11764705882352941,0.17884322678843226,6.0,0.10036260916366728,92.02785674308163,83.6
822818,656876,2026-05-11,"Rasmussen, Drew",away,139,Tampa Bay Rays,141,Toronto Blue Jays,6,11,100,92.713,2467.13,0.11,0.17945296864576385,5.4,0.09692572879354171,92.05770208346497,82.8
822982,656876,2026-05-17,"Rasmussen, Drew",home,139,Tampa Bay Rays,146,Miami Marlins,2,4,93,92.93548387096774,2289.7204301075267,0.043010752688172046,0.2152777777777778,5.2,0.10576783405669961,92.19503892557023,87.6
823544,656876,2026-05-24,"Rasmussen, Drew",away,139,Tampa Bay Rays,147,New York Yankees,6,13,92,91.98913043478261,2282.108695652174,0.14130434782608695,0.2364006100660905,5.0,0.10499498459433401,92.36651069976378,93.4
822975,656876,2026-05-30,"Rasmussen, Drew",home,139,Tampa Bay Rays,108,Los Angeles Angels,4,7,70,92.76142857142857,2474.885714285714,0.1,0.25388127853881276,5.0,0.10876605824118406,92.31801025610805,92.2
823860,656876,2026-06-05,"Rasmussen, Drew",away,139,Tampa Bay Rays,146,Miami Marlins,9,8,87,91.32988505747126,2373.344827586207,0.09195402298850575,0.2178134233853947,4.6,0.10239243186755768,92.57886739896519,88.0
822970,656876,2026-06-10,"Rasmussen, Drew",home,139,Tampa Bay Rays,111,Boston Red Sox,13,17,97,92.04536082474226,2418.1649484536083,0.17525773195876287,0.2178177360032693,5.4,0.09725382470055295,92.34578558693003,88.4
823939,656876,2026-06-16,"Rasmussen, Drew",away,139,Tampa Bay Rays,119,Los Angeles Dodgers,7,15,102,92.99509803921569,2407.764705882353,0.14705882352941177,0.20383522727272727,6.8,0.11030537109230551,92.2122577518785,87.8
822964,656876,2026-06-22,"Rasmussen, Drew",home,139,Tampa Bay Rays,118,Kansas City Royals,5,10,90,91.97555555555554,2300.866666666667,0.1111111111111111,0.20754716981132076,7.8,0.13111498526055348,92.22418058552807,89.6
822959,656876,2026-06-28,"Rasmussen, Drew",home,139,Tampa Bay Rays,109,Arizona Diamondbacks,5,9,99,92.03333333333333,2302.6161616161617,0.09090909090909091,0.19391759319816873,7.6,0.1250763379175583,92.22146560968267,89.2
824171,656876,2026-07-04,"Rasmussen, Drew",away,139,Tampa Bay Rays,117,Houston Astros,2,9,77,91.85064935064935,2338.116883116883,0.11688311688311688,0.21674008810572687,7.8,0.12325815609937647,92.07584656206362,95.0
822954,656876,2026-07-09,"Rasmussen, Drew",home,139,Tampa Bay Rays,147,New York Yankees,2,5,61,92.78196721311475,2364.590163934426,0.08196721311475409,0.2416087962962963,6.4,0.1282439748782987,92.17999942069925,93.0
822787,656876,2026-07-21,"Rasmussen, Drew",away,139,Tampa Bay Rays,141,Toronto Blue Jays,5,10,93,92.3763440860215,2346.978494623656,0.10752688172043011,0.19488559892328397,4.2,0.10958587110949695,92.32732069837373,85.8
822950,656876,2026-07-26,"Rasmussen, Drew",home,139,Tampa Bay Rays,114,Cleveland Guardians,9,17,87,92.68735632183908,2250.080459770115,0.19540229885057472,0.22289460413514878,3.8,0.10167948274770063,92.20356990773489,84.0
822944,656876,2026-08-01,"Rasmussen, Drew",home,139,Tampa Bay Rays,145,Chicago White Sox,10,15,96,93.77395833333333,2370.3020833333335,0.15625,0.23492522913651712,4.6,0.11853772029559333,92.3459300609916,83.4
823103,656876,2026-08-07,"Rasmussen, Drew",away,139,Tampa Bay Rays,136,Seattle Mariners,8,12,91,93.58901098901099,2362.1098901098903,0.13186813186813187,0.22801753981075468,5.6,0.13160590211377515,92.6940550609916,82.8
824967,656876,2026-08-12,"Rasmussen, Drew",away,139,Tampa Bay Rays,133,Athletics,3,9,84,92.3892857142857,2337.6428571428573,0.10714285714285714,0.227391874180865,6.8,0.13460290511077816,93.04172738866393,85.6
822937,656876,2026-08-19,"Rasmussen, Drew",home,139,Tampa Bay Rays,141,Toronto Blue Jays,5,7,86,92.50813953488372,2376.0232558139537,0.08139534883720931,0.19476682844481957,7.0,0.13963803391639876,92.96319108889813,90.2
823233,657277,2026-04-23,"Webb, Logan",home,137,San Francisco Giants,119,Los Angeles Dodgers,5,9,98,88.65408163265306,1961.4285714285713,0.09183673469387756,0.21948608137044967,5.4,0.08356198506422398,89.149925666923,95.8
823472,657277,2026-04-30,"Webb, Logan",away,137,San Francisco Giants,143,Philadelphia Phillies,6,13,92,89.3141304347826,2037.2717391304348,0.14130434782608695,0.21525885558583105,5.0,0.08332468084020879,89.050044319035,98.2
823227,657277,2026-05-05,"Webb, Logan",home,137,San Francisco Giants,135,San Diego Padres,4,5,62,89.3241935483871,2119.1612903225805,0.08064516129032258,0.22398729150119143,5.2,0.09235478117465695,89.14575502137613,95.8
824353,657277,2026-05-29,"Webb, Logan",away,137,San Francisco Giants,115,Colorado Rockies,5,9,86,89.60581395348838,2154.5116279069766,0.10465116279069768,0.24213984045049272,5.4,0.09326642212837363,89.15972416583617,89.8
823780,657277,2026-06-03,"Webb, Logan",away,137,San Francisco Giants,158,Milwaukee Brewers,4,7,95,88.85473684210527,2039.8105263157895,0.07368421052631578,0.20677361853832443,5.2,0.09378849142120706,89.27782573204405,87.4
823218,657277,2026-06-08,"Webb, Logan",home,137,San Francisco Giants,120,Washington Nationals,7,10,99,89.30505050505052,1960.030303030303,0.10101010101010101,0.21236872812135357,4.8,0.09842432342546012,89.15059128228329,86.6
823212,657277,2026-06-14,"Webb, Logan",home,137,San Francisco Giants,112,Chicago Cubs,7,7,106,87.89150943396227,2098.9523809523807,0.0660377358490566,0.2132854578096948,5.2,0.10025899668870479,89.28078505676277,86.8
823852,657277,2026-06-21,"Webb, Logan",away,137,San Francisco Giants,146,Miami Marlins,5,11,103,87.43980582524271,2004.126213592233,0.10679611650485436,0.21968911917098446,5.4,0.08520567429329873,88.9962608565987,89.6
823207,657277,2026-06-27,"Webb, Logan",home,137,San Francisco Giants,144,Atlanta Braves,6,5,92,89.22608695652173,2028.7717391304348,0.05434782608695652,0.21158940397350992,5.6,0.0904358653362051,88.61938331196983,97.8
824336,657277,2026-07-03,"Webb, Logan",away,137,San Francisco Giants,115,Colorado Rockies,2,6,76,89.10921052631579,2101.342105263158,0.07894736842105263,0.2296252230814991,5.8,0.08037519799545687,88.5434379125765,99.0
823202,657277,2026-07-08,"Webb, Logan",home,137,San Francisco Giants,141,Toronto Blue Jays,2,6,106,88.59528301886793,1956.7641509433963,0.05660377358490566,0.1987704918032787,5.4,0.08142782957440423,88.5943326494186,95.2
823116,657277,2026-07-18,"Webb, Logan",away,137,San Francisco Giants,136,Seattle Mariners,5,14,100,87.694,2026.28,0.14,0.2305593451568895,4.4,0.07254656408936515,88.45237915218209,96.6
823196,657277,2026-07-24,"Webb, Logan",home,137,San Francisco Giants,108,Los Angeles Angels,4,10,99,89.16363636363637,1844.8686868686868,0.10101010101010101,0.2513506560329303,4.0,0.08733901691955384,88.41287726538964,95.4
823192,657277,2026-07-29,"Webb, Logan",home,137,San Francisco Giants,158,Milwaukee Brewers,4,8,96,88.23125,2083.6875,0.08333333333333333,0.2085933749399904,3.8,0.08618181382060316,88.75764337306836,94.6
822867,657277,2026-08-03,"Webb, Logan",away,137,San Francisco Giants,140,Texas Rangers,8,12,96,87.88333333333333,2090.0625,0.125,0.22754348344055278,3.4,0.09197891526987852,88.55867598176403,95.4
823190,657277,2026-08-09,"Webb, Logan",home,137,San Francisco Giants,116,Detroit Tigers,2,3,100,87.6,2139.14,0.03,0.226002703920685,4.6,0.101189441585668,88.31350054316752,99.4
823184,657277,2026-08-15,"Webb, Logan",home,137,San Francisco Giants,115,Colorado Rockies,7,11,80,88.935,2086.0125,0.1375,0.2254944110060189,4.6,0.09586868686868687,88.11444393939394,98.2
824721,657277,2026-08-21,"Webb, Logan",away,137,San Francisco Giants,111,Boston Red Sox,2,2,70,88.49285714285715,2183.0714285714284,0.02857142857142857,0.21407867494824018,5.0,0.09536868686868687,88.36264393939395,94.2
823639,657746,2026-04-23,"Ryan, Joe",away,142,Minnesota Twins,121,New York Mets,5,9,92,86.41630434782608,2321.3152173913045,0.09782608695652174,0.21675977653631284,5.6,0.12185592323140497,88.68394527248734,89.6
823716,657746,2026-04-28,"Ryan, Joe",home,142,Minnesota Twins,136,Seattle Mariners,6,9,88,86.89999999999999,2405.465909090909,0.10227272727272728,0.23771929824561402,5.2,0.10612702297565049,88.14179437734667,91.0
823711,657746,2026-05-03,"Ryan, Joe",home,142,Minnesota Twins,141,Toronto Blue Jays,1,3,9,86.85555555555555,2356.4444444444443,0.3333333333333333,0.17651821862348177,5.8,0.11099715284578035,87.72335281890511,93.2
824444,657746,2026-05-09,"Ryan, Joe",away,142,Minnesota Twins,114,Cleveland Guardians,5,5,107,88.5766355140187,2363.878504672897,0.04672897196261682,0.2021347565043362,4.6,0.1499410472352193,87.42951343496671,74.8
823707,657746,2026-05-15,"Ryan, Joe",home,142,Minnesota Twins,158,Milwaukee Brewers,7,13,90,88.02888888888889,2407.6111111111113,0.14444444444444443,0.20614035087719298,4.6,0.13730881964972066,87.40374163667155,78.0
823703,657746,2026-05-20,"Ryan, Joe",home,142,Minnesota Twins,117,Houston Astros,9,17,99,88.08181818181818,2446.282828282828,0.1717171717171717,0.20853080568720378,4.8,0.14492111279392872,87.35547686125784,77.2
824597,657746,2026-05-26,"Ryan, Joe",away,142,Minnesota Twins,145,Chicago White Sox,9,12,98,87.50510204081633,2505.765306122449,0.12244897959183673,0.24416873449131513,5.6,0.15969932974605872,87.68857962805626,78.6
823702,657746,2026-06-01,"Ryan, Joe",home,142,Minnesota Twins,145,Chicago White Sox,9,9,98,89.7265306122449,2438.418367346939,0.09183673469387756,0.23907225691347012,6.2,0.1637345802098806,87.80960003621952,80.6
823697,657746,2026-06-06,"Ryan, Joe",home,142,Minnesota Twins,118,Kansas City Royals,5,6,102,89.99313725490195,2386.9803921568628,0.058823529411764705,0.21289789169078133,7.8,0.11543526048198945,88.3837950475574,98.4
823695,657746,2026-06-12,"Ryan, Joe",home,142,Minnesota Twins,138,St. Louis Cardinals,8,12,102,89.2735294117647,2363.5196078431372,0.11764705882352941,0.21018852787805856,7.8,0.11785417197181902,88.66709539573405,97.4
822889,657746,2026-06-18,"Ryan, Joe",away,142,Minnesota Twins,140,Texas Rangers,7,10,97,90.12061855670103,2342.536082474227,0.10309278350515463,0.2253572737266398,8.0,0.11249469484763601,88.91602350030921,99.8
823691,657746,2026-06-24,"Ryan, Joe",home,142,Minnesota Twins,119,Los Angeles Dodgers,9,15,98,89.49285714285713,2433.8979591836733,0.15306122448979592,0.20498704663212436,7.6,0.09876981720523262,89.32378357528577,99.4
824175,657746,2026-06-30,"Ryan, Joe",away,142,Minnesota Twins,117,Houston Astros,5,8,91,90.22857142857141,2418.5054945054944,0.08791208791208792,0.21595389748255991,7.6,0.10489226618482443,89.72133459569395,99.4
823525,657746,2026-07-05,"Ryan, Joe",away,142,Minnesota Twins,147,New York Yankees,9,17,106,89.62924528301888,2364.188679245283,0.16037735849056603,0.2344267228408065,6.8,0.10410733682846651,89.82174275895925,98.0
823682,657746,2026-07-11,"Ryan, Joe",home,142,Minnesota Twins,108,Los Angeles Angels,6,13,94,88.86063829787234,2447.6702127659573,0.13829787234042554,0.25020850708924103,7.6,0.12441810264422677,89.74896436458263,98.8
824410,657746,2026-07-20,"Ryan, Joe",away,142,Minnesota Twins,114,Cleveland Guardians,3,6,78,88.72051282051282,2332.7179487179487,0.07692307692307693,0.22639484978540772,7.2,0.128548265347606,89.66638614180417,97.2
823677,657746,2026-07-29,"Ryan, Joe",home,142,Minnesota Twins,118,Kansas City Royals,4,9,93,89.01075268817205,2360.2688172043013,0.0967741935483871,0.21461859210203582,6.4,0.12331432403119047,89.38636499456652,93.4
824084,657746,2026-08-04,"Ryan, Joe",away,142,Minnesota Twins,118,Kansas City Royals,3,7,99,87.58080808080808,2356.777777777778,0.0707070707070707,0.21267605633802816,5.4,0.11205691784290872,89.2899441036295,92.4
824200,660271,2026-05-05,"Ohtani, Shohei",away,119,Los Angeles Dodgers,117,Houston Astros,8,14,89,90.48539325842697,2606.258426966292,0.15730337078651685,0.20056497175141244,6.8,0.1385016420361248,90.27196877472196,94.6
823952,660271,2026-05-13,"Ohtani, Shohei",home,119,Los Angeles Dodgers,137,San Francisco Giants,8,17,105,90.66952380952381,2539.3714285714286,0.1619047619047619,0.21493506493506492,7.2,0.14467495987158907,90.831806047097,95.0
823299,660271,2026-05-20,"Ohtani, Shohei",away,119,Los Angeles Dodgers,135,San Diego Padres,4,9,88,90.43977272727273,2526.8863636363635,0.10227272727272728,0.23094425483503983,8.4,0.16455591225254146,90.96154414233509,96.8
823947,660271,2026-05-27,"Ohtani, Shohei",home,119,Los Angeles Dodgers,115,Colorado Rockies,7,14,99,91.19090909090909,2568.4949494949497,0.1414141414141414,0.24118207816968543,7.2,0.14501045770708693,90.81413026673701,95.4
825077,660271,2026-06-03,"Ohtani, Shohei",away,119,Los Angeles Dodgers,109,Arizona Diamondbacks,6,9,89,89.86067415730338,2544.85393258427,0.10112359550561797,0.20071524362986143,7.2,0.13373284642947564,90.49846593107267,97.0
823372,660271,2026-06-10,"Ohtani, Shohei",away,119,Los Angeles Dodgers,134,Pittsburgh Pirates,6,10,102,91.4872549019608,2522.0098039215686,0.09803921568627451,0.23594224924012158,6.6,0.1328037193767531,90.52925460868718,94.0
823940,660271,2026-06-17,"Ohtani, Shohei",home,119,Los Angeles Dodgers,139,Tampa Bay Rays,5,10,91,91.20109890109889,2402.8901098901097,0.10989010989010989,0.19008572493477452,6.2,0.12095088835670462,90.72962693739396,96.6
823691,660271,2026-06-24,"Ohtani, Shohei",away,119,Los Angeles Dodgers,142,Minnesota Twins,8,19,89,93.30337078651685,2501.2696629213483,0.21348314606741572,0.21613739468567725,5.6,0.11054795795377421,90.83594195570898,93.8
823933,660271,2026-07-03,"Ohtani, Shohei",home,119,Los Angeles Dodgers,135,San Diego Padres,9,13,110,92.83363636363637,2497.581818181818,0.11818181818181818,0.2261116367076632,6.4,0.13279004171271191,91.4086615675578,94.0
824352,663372,2026-05-30,"Feltner, Ryan",home,115,Colorado Rockies,137,San Francisco Giants,2,5,63,89.2031746031746,2340.6190476190477,0.07936507936507936,0.2097769340294257,3.4,0.11370520722291386,89.21018122301442,65.2
824350,663372,2026-06-05,"Feltner, Ryan",home,115,Colorado Rockies,158,Milwaukee Brewers,4,6,81,89.41111111111111,2306.777777777778,0.07407407407407407,0.2055148642826368,3.0,0.10830162735124889,88.96698635641529,68.4
824346,663372,2026-06-11,"Feltner, Ryan",home,115,Colorado Rockies,112,Chicago Cubs,3,7,75,89.51333333333334,2450.1466666666665,0.09333333333333334,0.2127579737335835,3.6,0.11740215645177798,88.87606572149465,70.6
824667,663372,2026-06-16,"Feltner, Ryan",away,115,Colorado Rockies,112,Chicago Cubs,7,12,104,88.13557692307693,2358.4326923076924,0.11538461538461539,0.21348707197763803,3.4,0.10923955482576173,88.82190311986864,69.2
824344,663372,2026-06-22,"Feltner, Ryan",home,115,Colorado Rockies,111,Boston Red Sox,2,10,93,89.43333333333332,2342.2795698924733,0.10752688172043011,0.2233285917496444,3.8,0.10243142043142042,88.78763919413919,72.6
823686,663372,2026-06-28,"Feltner, Ryan",away,115,Colorado Rockies,142,Minnesota Twins,0,8,82,89.24634146341464,2354.0,0.0975609756097561,0.21497659906396255,3.6,0.09393679677550645,89.13930586080586,83.2
824336,663372,2026-07-03,"Feltner, Ryan",home,115,Colorado Rockies,137,San Francisco Giants,9,17,88,89.5,2337.7954545454545,0.19318181818181818,0.20570896680111697,3.2,0.0975759760244418,89.14793923285387,87.0
823201,663372,2026-07-09,"Feltner, Ryan",away,115,Colorado Rockies,137,San Francisco Giants,3,7,92,89.9913043478261,2218.271739130435,0.07608695652173914,0.20817628298057408,4.2,0.12139752484599062,89.16571701063165,88.4
824330,663372,2026-07-19,"Feltner, Ryan",home,115,Colorado Rockies,113,Cincinnati Reds,3,11,71,91.3056338028169,2294.323943661972,0.15492957746478872,0.2482327351821642,4.2,0.11794824948367177,89.2613112135302,91.8
823758,663372,2026-07-25,"Feltner, Ryan",away,115,Colorado Rockies,158,Milwaukee Brewers,4,11,82,90.1829268292683,2249.5243902439024,0.13414634146341464,0.21101145989038367,3.4,0.12585724189970643,89.89532258947818,85.2
824326,663372,2026-08-01,"Feltner, Ryan",home,115,Colorado Rockies,118,Kansas City Royals,3,4,87,89.52988505747126,2310.229885057471,0.04597701149425287,0.2130403630284213,3.8,0.13118113384830335,90.04524128866518,83.0
823024,663372,2026-08-07,"Feltner, Ryan",away,115,Colorado Rockies,138,St. Louis Cardinals,2,8,91,88.17912087912089,2224.78021978022,0.08791208791208792,0.2041241890639481,4.4,0.12086434102520272,90.10195000747652,84.0
825047,663372,2026-08-12,"Feltner, Ryan",away,115,Colorado Rockies,109,Arizona Diamondbacks,2,6,93,90.6,2344.2795698924733,0.06451612903225806,0.19252622377622378,3.0,0.09981039497125666,89.8377741833007,84.6
824319,663372,2026-08-18,"Feltner, Ryan",home,115,Colorado Rockies,119,Los Angeles Dodgers,3,13,83,89.29036144578313,2238.3614457831327,0.1566265060240964,0.2043234254832675,2.8,0.09749622947336044,89.95951331373547,84.8
824610,663436,2026-04-28,"Martin, Davis",home,145,Chicago White Sox,108,Los Angeles Angels,7,12,98,90.15612244897959,2500.295918367347,0.12244897959183673,0.24851063829787234,5.2,0.09269853577666975,89.87269261544493,89.0
824039,663436,2026-05-04,"Martin, Davis",away,145,Chicago White Sox,108,Los Angeles Angels,10,19,85,91.12705882352941,2391.9882352941177,0.2235294117647059,0.25533480500367917,5.4,0.10197094039068928,90.08348232263215,90.2
824605,663436,2026-05-10,"Martin, Davis",home,145,Chicago White Sox,136,Seattle Mariners,9,17,105,90.15142857142857,2341.641975308642,0.1619047619047619,0.24224422442244226,6.2,0.13255917568480693,90.08607055792626,90.2
824600,663436,2026-05-16,"Martin, Davis",home,145,Chicago White Sox,112,Chicago Cubs,7,15,91,90.61648351648353,2496.21978021978,0.16483516483516483,0.20608108108108109,7.4,0.13811085977307638,90.05781968684613,94.8
823223,663436,2026-05-22,"Martin, Davis",away,145,Chicago White Sox,137,San Francisco Giants,7,15,98,89.92857142857143,2471.3979591836733,0.15306122448979592,0.21215409658166035,8.0,0.15310036465022173,90.18898155868216,95.2
824595,663436,2026-05-28,"Martin, Davis",home,145,Chicago White Sox,142,Minnesota Twins,5,14,84,90.57619047619048,2464.2619047619046,0.16666666666666666,0.22799625468164794,8.0,0.16515590851725306,90.39593295779851,95.4
823700,663436,2026-06-02,"Martin, Davis",away,145,Chicago White Sox,142,Minnesota Twins,2,8,92,90.59782608695652,2536.945652173913,0.08695652173913043,0.23146551724137931,7.6,0.17399944593221903,90.47994656324069,92.6
824590,663436,2026-06-10,"Martin, Davis",home,145,Chicago White Sox,144,Atlanta Braves,6,11,100,89.72,2590.8676470588234,0.11,0.20510805500982318,6.0,0.14668486792710395,90.37410001592609,94.0
823535,663436,2026-06-16,"Martin, Davis",away,145,Chicago White Sox,147,New York Yankees,4,11,57,89.27894736842104,2540.964912280702,0.19298245614035087,0.2275965504311961,5.4,0.13630391554615157,90.2878143016404,93.0
824260,663436,2026-06-21,"Martin, Davis",away,145,Chicago White Sox,116,Detroit Tigers,4,8,77,89.63376623376624,2592.4025974025976,0.1038961038961039,0.23079658605974396,4.8,0.14193337380718876,90.02030707202789,86.2
824581,663436,2026-06-27,"Martin, Davis",home,145,Chicago White Sox,118,Kansas City Royals,3,6,87,90.58850574712643,2535.022988505747,0.06896551724137931,0.20999045497931912,4.2,0.13210034968845036,89.96134603306686,82.0
824416,663436,2026-07-02,"Martin, Davis",away,145,Chicago White Sox,114,Cleveland Guardians,0,2,73,89.41643835616438,2504.3150684931506,0.0273972602739726,0.21828817733990147,3.8,0.1125601198033929,89.96380908725405,82.6
824578,663436,2026-07-08,"Martin, Davis",home,145,Chicago White Sox,111,Boston Red Sox,2,5,84,89.78333333333333,2546.964285714286,0.05952380952380952,0.21893667861409796,3.4,0.10064826751036134,89.72753154109562,78.8
822790,663436,2026-07-18,"Martin, Davis",away,145,Chicago White Sox,141,Toronto Blue Jays,5,7,85,90.21058823529411,2514.894117647059,0.08235294117647059,0.19629527232513133,2.6,0.09055302941512325,89.74019820776229,75.6
824573,663436,2026-07-24,"Martin, Davis",home,145,Chicago White Sox,117,Houston Astros,3,3,88,89.38295454545454,2507.2386363636365,0.03409090909090909,0.21426751592356688,2.8,0.06842712642234719,89.9265263811369,81.2
824567,663436,2026-07-29,"Martin, Davis",home,145,Chicago White Sox,147,New York Yankees,6,8,106,89.07358490566037,2487.5471698113206,0.07547169811320754,0.2427039161885757,2.6,0.054466087461308224,89.87636404347455,83.4
824731,663436,2026-08-04,"Martin, Davis",away,145,Chicago White Sox,111,Boston Red Sox,1,5,91,88.9054945054945,2498.5054945054944,0.054945054945054944,0.2193486590038314,3.2,0.05576732363567387,89.57337987518135,87.2
824564,663436,2026-08-09,"Martin, Davis",home,145,Chicago White Sox,114,Cleveland Guardians,1,3,23,91.32608695652173,2433.8695652173915,0.13043478260869565,0.22089619455077686,3.4,0.061276882569890334,89.47119110504737,90.8
824561,663436,2026-08-13,"Martin, Davis",home,145,Chicago White Sox,113,Cincinnati Reds,3,3,35,90.05714285714286,2477.057142857143,0.08571428571428572,0.25408186088123463,3.2,0.07545907718686756,89.77974182968505,78.6
825017,663460,2026-04-28,"Bubic, Kris",away,118,Kansas City Royals,133,Athletics,6,13,96,88.59479166666667,2246.6041666666665,0.13541666666666666,0.23255813953488372,5.8,0.11761936437546194,88.27149253510717,88.2
823145,663460,2026-05-03,"Bubic, Kris",away,118,Kansas City Royals,136,Seattle Mariners,7,9,94,88.36808510638298,2245.425531914894,0.09574468085106383,0.23919753086419754,6.2,0.12070269770879527,88.26058420177382,92.4
824116,663460,2026-05-08,"Bubic, Kris",home,118,Kansas City Royals,116,Detroit Tigers,5,7,96,88.69270833333333,2248.9583333333335,0.07291666666666667,0.2224622030237581,6.0,0.10651830054567471,88.18253455638376,92.0
824602,663460,2026-05-14,"Bubic, Kris",away,118,Kansas City Royals,145,Chicago White Sox,4,6,84,87.91071428571429,2374.2738095238096,0.07142857142857142,0.24470734744707348,4.8,0.08701072478809894,88.47198531395952,93.6
824576,663542,2026-07-11,"Hudson, Bryan",home,145,Chicago White Sox,133,Athletics,0,0,7,88.15714285714286,2145.714285714286,0.0,0.22857932559425095,1.0,0.12233115468409586,88.60566448801742,15.4
824639,663542,2026-08-18,"Hudson, Bryan",away,145,Chicago White Sox,112,Chicago Cubs,1,0,17,89.06470588235294,2201.3529411764707,0.0,0.2168940609951846,0.8,0.08703703703703702,88.66179894179893,13.4
824931,663554,2026-04-28,"Mize, Casey",away,116,Detroit Tigers,144,Atlanta Braves,3,6,34,89.66764705882352,2004.8529411764705,0.17647058823529413,0.19056099732858414,6.4,0.11749885656543173,89.60615984924839,87.8
824278,663554,2026-05-16,"Mize, Casey",home,116,Detroit Tigers,141,Toronto Blue Jays,4,10,71,90.1830985915493,2117.7042253521126,0.14084507042253522,0.18214936247723132,5.2,0.12053490969636153,89.54270001370125,76.0
824274,663554,2026-05-21,"Mize, Casey",home,116,Detroit Tigers,114,Cleveland Guardians,4,11,95,89.55157894736841,2127.0526315789475,0.11578947368421053,0.19689922480620156,5.2,0.13092614600309077,89.81820862090001,72.2
824270,663554,2026-05-27,"Mize, Casey",home,116,Detroit Tigers,108,Los Angeles Angels,6,11,58,90.57068965517242,2227.155172413793,0.1896551724137931,0.2533653846153846,5.0,0.13246241911831128,89.83528116713046,76.4
824178,663554,2026-06-17,"Mize, Casey",away,116,Detroit Tigers,117,Houston Astros,3,8,86,91.26279069767442,2243.093023255814,0.09302325581395349,0.21707060063224448,4.8,0.14273387913298477,89.83005739603728,69.2
824262,663554,2026-06-23,"Mize, Casey",home,116,Detroit Tigers,147,New York Yankees,6,16,97,91.25773195876289,2097.5257731958764,0.16494845360824742,0.22786103542234332,4.0,0.14315671211395728,90.24716099011762,68.8
823529,663554,2026-06-29,"Mize, Casey",away,116,Detroit Tigers,147,New York Yankees,10,11,88,89.8125,2270.8522727272725,0.125,0.23211446740858505,4.6,0.14085228518854792,90.5651779701055,81.4
822879,663554,2026-07-05,"Mize, Casey",away,116,Detroit Tigers,140,Texas Rangers,4,9,94,90.3531914893617,2134.7127659574467,0.09574468085106383,0.22155867423111378,5.8,0.1376832711040409,90.49105825179564,84.8
824249,663554,2026-07-11,"Mize, Casey",home,116,Detroit Tigers,143,Philadelphia Phillies,5,14,97,90.62268041237112,2224.1237113402062,0.14432989690721648,0.23327712197863967,5.8,0.13367431253741158,90.6513807601943,84.6
824007,663554,2026-07-19,"Mize, Casey",away,116,Detroit Tigers,108,Los Angeles Angels,5,10,74,91.14729729729729,2196.7972972972975,0.13513513513513514,0.2514026182206786,5.6,0.12460925743609623,90.66177891163403,92.4
824244,663554,2026-07-25,"Mize, Casey",home,116,Detroit Tigers,118,Kansas City Royals,3,4,85,88.54470588235294,2059.6235294117646,0.047058823529411764,0.21376354928157298,6.0,0.13303163330033257,90.6386802315586,90.0
825052,663554,2026-08-05,"Mize, Casey",away,135,San Diego Padres,109,Arizona Diamondbacks,1,2,77,90.1896103896104,2112.7272727272725,0.025974025974025976,0.1919238802506382,5.4,0.10945370728456542,90.09607501627661,87.6
823265,663554,2026-08-10,"Mize, Casey",home,135,San Diego Padres,158,Milwaukee Brewers,6,6,83,89.38674698795181,2081.879518072289,0.07228915662650602,0.21367708105746122,3.6,0.08964851247937064,90.17149709419868,85.4
824397,663554,2026-08-16,"Mize, Casey",away,135,San Diego Padres,114,Cleveland Guardians,3,6,86,90.3406976744186,2045.406976744186,0.06976744186046512,0.21754010695187165,4.0,0.08495740763445907,89.9782081939167,83.2
823261,663554,2026-08-22,"Mize, Casey",home,135,San Diego Padres,142,Minnesota Twins,0,2,47,88.34042553191489,2019.127659574468,0.0425531914893617,0.21300081766148815,3.6,0.0700449166251088,89.9218116463262,81.0
822990,663556,2026-05-01,"McClanahan, Shane",home,139,Tampa Bay Rays,137,San Francisco Giants,5,13,73,90.69589041095891,2123.3972602739727,0.1780821917808219,0.21927497789566755,5.0,0.11166398923909364,89.53439343020116,81.4
822985,663556,2026-05-06,"McClanahan, Shane",home,139,Tampa Bay Rays,141,Toronto Blue Jays,4,8,69,88.10144927536231,2078.9565217391305,0.11594202898550725,0.17912657290895634,5.2,0.12955890860791625,89.78091328454484,80.2
822817,663556,2026-05-12,"McClanahan, Shane",away,139,Tampa Bay Rays,141,Toronto Blue Jays,7,10,80,89.8025,1995.1625,0.125,0.181877444589309,5.0,0.1353560100571916,89.5875799512115,80.2
822980,663556,2026-05-18,"McClanahan, Shane",home,139,Tampa Bay Rays,110,Baltimore Orioles,6,12,90,89.55,2002.0111111111112,0.13333333333333333,0.24645892351274787,5.6,0.13625962451502294,89.74012814398259,79.6
824838,663556,2026-05-25,"McClanahan, Shane",away,139,Tampa Bay Rays,110,Baltimore Orioles,3,10,84,90.22738095238095,2036.904761904762,0.11904761904761904,0.2457286432160804,5.8,0.14070406895946738,89.31857258842703,79.6
822976,663556,2026-05-31,"McClanahan, Shane",home,139,Tampa Bay Rays,108,Los Angeles Angels,3,6,70,89.3,2123.6428571428573,0.08571428571428572,0.25178890876565296,5.0,0.13428103462945631,89.67544412774043,79.2
823859,663556,2026-06-06,"McClanahan, Shane",away,139,Tampa Bay Rays,146,Miami Marlins,6,7,81,88.90246913580248,2150.098765432099,0.08641975308641975,0.22092538557732389,4.6,0.11580745341614906,89.39626604554866,78.6
824020,663556,2026-06-12,"McClanahan, Shane",away,139,Tampa Bay Rays,108,Los Angeles Angels,7,14,74,90.10135135135135,2114.891891891892,0.1891891891891892,0.2474266107510484,5.0,0.10990299823633158,89.55647001763668,81.0
823940,663556,2026-06-17,"McClanahan, Shane",away,139,Tampa Bay Rays,119,Los Angeles Dodgers,3,8,83,90.42409638554217,2189.2289156626507,0.0963855421686747,0.20456942003514939,5.0,0.12274083607416941,89.61624028790695,79.8
822963,663556,2026-06-23,"McClanahan, Shane",home,139,Tampa Bay Rays,118,Kansas City Royals,4,7,75,91.13066666666667,2203.1866666666665,0.09333333333333334,0.20759746751082972,4.4,0.11535127784123769,89.79105956501539,78.4
824094,663556,2026-07-01,"McClanahan, Shane",away,139,Tampa Bay Rays,118,Kansas City Royals,4,7,69,89.25797101449275,2167.8985507246375,0.10144927536231885,0.21039680098431252,4.6,0.11020842069838055,89.97171670787255,76.6
822957,663556,2026-07-08,"McClanahan, Shane",home,139,Tampa Bay Rays,147,New York Yankees,4,12,85,91.03176470588235,2076.176470588235,0.1411764705882353,0.24065420560747663,4.8,0.11335541862798718,89.96331091077109,76.4
824739,663556,2026-07-19,"McClanahan, Shane",away,139,Tampa Bay Rays,111,Boston Red Sox,3,9,87,89.31954022988506,2069.4827586206898,0.10344827586206896,0.2180574555403557,4.4,0.12430676212835028,90.38917002478706,77.2
822952,663556,2026-07-24,"McClanahan, Shane",home,139,Tampa Bay Rays,114,Cleveland Guardians,3,12,71,89.72112676056338,2132.3661971830984,0.16901408450704225,0.22293483837865571,3.6,0.10715857946292624,90.23280780049382,79.8
822946,663556,2026-07-30,"McClanahan, Shane",home,139,Tampa Bay Rays,140,Texas Rangers,3,4,49,88.63673469387754,2180.1632653061224,0.08163265306122448,0.22512959763021476,3.6,0.12168428793059975,90.09221387549805,77.4
822939,663556,2026-08-17,"McClanahan, Shane",home,139,Tampa Bay Rays,110,Baltimore Orioles,3,6,57,89.36140350877194,2108.9122807017543,0.10526315789473684,0.24193892803758274,3.4,0.11934415187617797,89.59342748094022,72.2
824798,663556,2026-08-22,"McClanahan, Shane",away,139,Tampa Bay Rays,110,Baltimore Orioles,5,9,74,90.37432432432432,2219.364864864865,0.12162162162162163,0.24290415466886056,3.2,0.12010692838266157,89.61411397979604,69.8
824192,663567,2026-05-17,"Lambert, Peter",home,117,Houston Astros,140,Texas Rangers,6,12,93,89.49677419354839,2241.516129032258,0.12903225806451613,0.23402985074626867,5.6,0.12292582417582418,89.91782371794872,95.4
824676,663567,2026-05-24,"Lambert, Peter",away,117,Houston Astros,112,Chicago Cubs,5,8,103,89.47378640776698,2325.621359223301,0.07766990291262135,0.21218074656188604,5.2,0.10206560912206072,89.75917855665838,96.0
824190,663567,2026-05-30,"Lambert, Peter",home,117,Houston Astros,158,Milwaukee Brewers,3,6,90,88.56333333333333,2241.3,0.06666666666666667,0.20911270983213429,4.8,0.09051625637125169,89.55414417154512,97.4
824186,663567,2026-06-05,"Lambert, Peter",home,117,Houston Astros,133,Athletics,4,9,94,90.17553191489361,2167.031914893617,0.09574468085106383,0.21873693015474696,4.8,0.09505838091337622,89.30527237667334,97.2
824022,663567,2026-06-10,"Lambert, Peter",away,117,Houston Astros,108,Los Angeles Angels,6,6,91,89.98901098901099,2221.1758241758243,0.06593406593406594,0.24806800618238023,4.8,0.09882270169897359,89.29730183657514,95.2
824178,663567,2026-06-17,"Lambert, Peter",home,117,Houston Astros,116,Detroit Tigers,5,5,89,88.47078651685393,2178.4044943820227,0.056179775280898875,0.23065585851142226,4.8,0.08700951488578679,89.53968736771067,94.2
822799,663567,2026-06-23,"Lambert, Peter",away,117,Houston Astros,141,Toronto Blue Jays,6,11,92,88.89021739130435,2145.8152173913045,0.11956521739130435,0.1955403087478559,4.6,0.07243901832906334,89.33448983237177,93.4
824176,663567,2026-06-29,"Lambert, Peter",home,117,Houston Astros,142,Minnesota Twins,4,10,100,88.73299999999999,2183.86,0.1,0.21316033364226136,4.8,0.08081808122479993,89.21777602907923,91.2
824172,663567,2026-07-05,"Lambert, Peter",home,117,Houston Astros,139,Tampa Bay Rays,6,15,90,89.86555555555555,2291.3888888888887,0.16666666666666666,0.18671946390496497,5.0,0.08748474789146661,89.25170936241258,93.2
822875,663567,2026-07-11,"Lambert, Peter",away,117,Houston Astros,140,Texas Rangers,7,9,107,88.67570093457944,2194.0841121495328,0.08411214953271028,0.22237960339943344,5.4,0.10166914505458716,89.18971409054497,92.4
824170,663567,2026-07-17,"Lambert, Peter",home,117,Houston Astros,110,Baltimore Orioles,10,14,104,87.44711538461539,2220.875,0.1346153846153846,0.23991275899672845,5.6,0.10530476177431602,88.92705207965864,95.6
824166,663567,2026-07-22,"Lambert, Peter",home,117,Houston Astros,146,Miami Marlins,3,8,89,88.66966292134832,2139.61797752809,0.0898876404494382,0.2171206225680934,6.6,0.12099188364121316,88.72231785321094,98.6
824003,663567,2026-07-28,"Lambert, Peter",away,117,Houston Astros,108,Los Angeles Angels,6,12,90,88.94444444444444,2123.5,0.13333333333333333,0.249938195302843,6.0,0.11505636825283996,88.67820695921975,98.0
824163,663567,2026-08-02,"Lambert, Peter",home,117,Houston Astros,140,Texas Rangers,8,16,83,89.69156626506023,2325.4578313253014,0.1927710843373494,0.22633349351273427,6.4,0.12172303491950662,88.72049584810864,96.0
823267,663567,2026-08-08,"Lambert, Peter",away,117,Houston Astros,135,San Diego Padres,3,7,97,90.35051546391753,2128.1649484536083,0.07216494845360824,0.21941703006655955,6.8,0.12694391845364317,88.68569799000957,94.6
824159,663567,2026-08-14,"Lambert, Peter",home,117,Houston Astros,136,Seattle Mariners,6,9,96,89.628125,2221.9479166666665,0.09375,0.22882288228822883,6.0,0.12455447823782276,89.02066089587717,92.6
824153,663567,2026-08-20,"Lambert, Peter",home,117,Houston Astros,108,Los Angeles Angels,3,9,79,90.50379746835443,2152.3164556962024,0.11392405063291139,0.2518939393939394,5.2,0.11638140131474584,89.45686281895411,91.0
824509,663568,2026-06-03,"Kolek, Stephen",away,118,Kansas City Royals,113,Cincinnati Reds,8,7,96,90.90104166666667,2305.8020833333335,0.07291666666666667,0.2455220620358235,3.8,0.0862083650621299,90.04425516041111,91.6
824105,663568,2026-06-09,"Kolek, Stephen",home,118,Kansas City Royals,140,Texas Rangers,3,10,86,88.95697674418605,2235.5348837209303,0.11627906976744186,0.22749793559042114,4.8,0.09597242128702949,90.15434301181674,94.2
824099,663568,2026-06-14,"Kolek, Stephen",home,118,Kansas City Royals,117,Houston Astros,4,11,97,89.47113402061856,2292.5154639175257,0.1134020618556701,0.21707406056183876,4.2,0.09156866077243275,89.9404192117178,92.6
824095,663568,2026-06-21,"Kolek, Stephen",home,118,Kansas City Royals,138,St. Louis Cardinals,0,1,49,89.33673469387755,2244.5510204081634,0.02040816326530612,0.20371031038173384,4.4,0.10205395119234725,89.84123138169515,95.6
824093,663568,2026-07-02,"Kolek, Stephen",home,118,Kansas City Royals,139,Tampa Bay Rays,0,4,51,91.97058823529412,2281.529411764706,0.0784313725490196,0.18680971915430736,4.0,0.09317262088244552,89.76043017232251,83.8
824613,663623,2026-04-25,"Irvin, Jake",away,120,Washington Nationals,145,Chicago White Sox,9,15,88,85.88409090909092,2356.318181818182,0.17045454545454544,0.23867069486404835,5.0,0.09486527514231499,87.82117229601519,86.2
822744,663623,2026-05-01,"Irvin, Jake",home,120,Washington Nationals,158,Milwaukee Brewers,5,8,98,85.35204081632654,2342.7755102040815,0.08163265306122448,0.2076923076923077,5.4,0.10314973262032086,87.52057112299465,85.2
822741,663623,2026-05-07,"Irvin, Jake",home,120,Washington Nationals,142,Minnesota Twins,2,7,92,86.14891304347826,2339.282608695652,0.07608695652173914,0.2206605762473647,5.6,0.09594685146785986,86.92509693331878,87.8
824519,663623,2026-05-13,"Irvin, Jake",away,120,Washington Nationals,113,Cincinnati Reds,4,8,86,84.34302325581395,2410.6511627906975,0.09302325581395349,0.24433249370277077,5.0,0.0991642427722077,86.55747954201443,86.2
822734,663623,2026-05-18,"Irvin, Jake",home,120,Washington Nationals,121,New York Mets,6,9,74,89.96756756756757,2347.8513513513512,0.12162162162162163,0.2072387624051372,4.8,0.09894536452323369,86.07384889905957,86.4
824920,663623,2026-05-23,"Irvin, Jake",away,120,Washington Nationals,144,Atlanta Braves,7,12,80,86.295,2474.475,0.15,0.20644511581067473,5.2,0.10856380649461683,86.33912711845544,87.6
824894,663623,2026-07-30,"Irvin, Jake",away,120,Washington Nationals,144,Atlanta Braves,1,5,61,86.47868852459015,2396.3934426229507,0.08196721311475409,0.21421592574499268,4.8,0.10447289740370773,86.42130893663726,86.0
823429,663623,2026-08-05,"Irvin, Jake",away,120,Washington Nationals,143,Philadelphia Phillies,3,7,83,86.67710843373494,2364.385542168675,0.08433734939759036,0.23487544483985764,4.0,0.10453980941441368,86.64663847828999,78.6
822697,663623,2026-08-11,"Irvin, Jake",home,120,Washington Nationals,112,Chicago Cubs,4,7,88,90.49659090909091,2348.1363636363635,0.07954545454545454,0.21705919796308085,4.2,0.10618988798958391,86.75227755634133,76.8
823590,663623,2026-08-16,"Irvin, Jake",away,120,Washington Nationals,121,New York Mets,6,10,98,87.9857142857143,2332.3979591836733,0.10204081632653061,0.22633832976445395,4.2,0.10349432773588411,87.98299108699672,77.2
823831,663623,2026-08-22,"Irvin, Jake",away,120,Washington Nationals,146,Miami Marlins,4,8,104,87.11346153846154,2298.778846153846,0.07692307692307693,0.21631059983566145,4.2,0.09957816667686592,87.58662043062607,82.0
822778,663776,2026-08-11,"Sandoval, Patrick",away,111,Boston Red Sox,141,Toronto Blue Jays,4,4,84,87.18690476190476,2111.3690476190477,0.047619047619047616,0.1961572832886506,5.0,0.11117126833091144,88.71815594028098,81.2
823344,663776,2026-08-16,"Sandoval, Patrick",away,111,Boston Red Sox,134,Pittsburgh Pirates,6,10,89,87.30449438202248,2165.3595505617977,0.11235955056179775,0.24138638228055784,4.8,0.10223353939318251,88.62969073881577,85.0
824718,663776,2026-08-22,"Sandoval, Patrick",home,111,Boston Red Sox,137,San Francisco Giants,6,12,93,87.48387096774194,2135.3010752688174,0.12903225806451613,0.21286818466680593,5.0,0.10102123897922628,88.3771685625887,87.6
824527,663903,2026-04-25,"Singer, Brady",home,113,Cincinnati Reds,116,Detroit Tigers,3,13,94,86.31489361702128,2415.9574468085107,0.13829787234042554,0.21311475409836064,3.2,0.07449311958664817,86.96589638827811,82.6
823389,663903,2026-05-01,"Singer, Brady",away,113,Cincinnati Reds,134,Pittsburgh Pirates,1,3,56,86.9875,2376.125,0.05357142857142857,0.24285714285714285,2.8,0.07512566702770625,86.77103727384453,86.6
824683,663903,2026-05-06,"Singer, Brady",away,113,Cincinnati Reds,112,Chicago Cubs,6,12,96,85.63020833333333,2359.8229166666665,0.125,0.2016748080949058,2.0,0.07204684929371609,86.54577865315488,80.4
824521,663903,2026-05-12,"Singer, Brady",home,113,Cincinnati Reds,120,Washington Nationals,2,7,75,86.78800000000001,2363.693333333333,0.09333333333333334,0.2185929648241206,2.6,0.08334821915672978,86.40086141571194,85.0
824436,663903,2026-05-17,"Singer, Brady",away,113,Cincinnati Reds,114,Cleveland Guardians,6,10,86,87.15697674418605,2377.5348837209303,0.11627906976744186,0.1968503937007874,2.8,0.0993482191567298,86.3339280823786,85.0
824513,663903,2026-05-30,"Singer, Brady",home,113,Cincinnati Reds,144,Atlanta Braves,2,7,94,87.96808510638297,2380.404255319149,0.07446808510638298,0.20857787810383746,3.6,0.10529634080252585,86.57551573890814,81.4
823049,663903,2026-06-05,"Singer, Brady",away,113,Cincinnati Reds,138,St. Louis Cardinals,6,8,89,86.7629213483146,2365.2696629213483,0.0898876404494382,0.2123500666370502,3.4,0.09253038335571735,86.90615403678046,81.4
823287,663903,2026-06-10,"Singer, Brady",away,113,Cincinnati Reds,135,San Diego Padres,5,6,95,88.05368421052631,2353.0947368421052,0.06315789473684211,0.23275145469659186,4.4,0.09979362573131928,86.8612383064434,88.0
824504,663903,2026-06-16,"Singer, Brady",home,113,Cincinnati Reds,121,New York Mets,5,12,91,88.58901098901099,2399.6263736263736,0.13186813186813187,0.22188905547226387,4.2,0.08742520467868768,87.34593348188199,87.8
824502,663903,2026-06-22,"Singer, Brady",home,113,Cincinnati Reds,158,Milwaukee Brewers,7,13,106,86.79716981132076,2418.1792452830186,0.12264150943396226,0.20762423417290674,4.8,0.0951321643856474,87.7061356796842,91.0
823362,663903,2026-06-28,"Singer, Brady",away,113,Cincinnati Reds,134,Pittsburgh Pirates,6,15,98,86.87755102040816,2331.408163265306,0.15306122448979592,0.23717357910906298,5.0,0.09640465231895148,87.63417429311112,95.0
824498,663903,2026-07-03,"Singer, Brady",home,113,Cincinnati Reds,110,Baltimore Orioles,6,9,93,87.36451612903225,2418.1827956989246,0.0967741935483871,0.24250599520383692,5.8,0.11212328019563407,87.41606747591617,95.8
824494,663903,2026-07-09,"Singer, Brady",home,113,Cincinnati Reds,143,Philadelphia Phillies,5,11,89,88.9494382022472,2410.8314606741574,0.12359550561797752,0.23394495412844038,5.8,0.11350059081542385,87.5363864320597,96.6
824332,663903,2026-07-17,"Singer, Brady",away,113,Cincinnati Reds,115,Colorado Rockies,6,17,96,86.82708333333333,2434.425531914894,0.17708333333333334,0.22726060282742064,5.8,0.12558811299165093,87.71553723040387,95.4
823110,663903,2026-07-22,"Singer, Brady",away,113,Cincinnati Reds,136,Seattle Mariners,6,12,101,87.64554455445545,2395.29702970297,0.1188118811881188,0.22919937205651492,6.0,0.13463115328469125,87.36315169926834,96.4
824487,663903,2026-07-29,"Singer, Brady",home,113,Cincinnati Reds,114,Cleveland Guardians,3,11,100,87.696,2433.63,0.11,0.22279538197003193,5.8,0.13386522763552255,87.53282664789529,95.4
824484,663903,2026-08-04,"Singer, Brady",home,113,Cincinnati Reds,133,Athletics,6,13,101,87.32277227722773,2410.5445544554455,0.12871287128712872,0.2263623660922217,5.2,0.12525298273756336,87.69651644381365,95.8
822700,663903,2026-08-09,"Singer, Brady",away,113,Cincinnati Reds,120,Washington Nationals,3,9,103,88.0980582524272,2350.1553398058254,0.08737864077669903,0.21425476603119584,5.2,0.13164071828531165,87.68816767345274,97.4
824480,663903,2026-08-15,"Singer, Brady",home,113,Cincinnati Reds,146,Miami Marlins,4,6,93,88.7,2355.043010752688,0.06451612903225806,0.21647923875432526,4.8,0.12439734531705597,87.51789168348874,100.2
824474,663903,2026-08-20,"Singer, Brady",home,113,Cincinnati Reds,138,St. Louis Cardinals,3,10,103,88.29708737864078,2373.1747572815534,0.0970873786407767,0.20427652065600996,4.4,0.10188390445684092,87.89247501682208,99.6
823037,663969,2026-06-28,"Phillips, Tyler",away,146,Miami Marlins,138,St. Louis Cardinals,1,5,97,88.08144329896906,2090.556701030928,0.05154639175257732,0.2029081295439524,3.8,0.10279692412559208,89.19373906368074,73.8
824982,663969,2026-07-03,"Phillips, Tyler",away,146,Miami Marlins,133,Athletics,2,8,71,88.9112676056338,2022.3661971830986,0.11267605633802817,0.22400475341651813,3.2,0.07920789739136178,88.82731585906777,81.4
823848,663969,2026-07-08,"Phillips, Tyler",home,146,Miami Marlins,136,Seattle Mariners,3,10,71,88.51830985915493,2127.774647887324,0.14084507042253522,0.23146002317497102,3.2,0.08507644199230076,88.7612360468612,81.2
823842,663969,2026-07-12,"Phillips, Tyler",home,146,Miami Marlins,114,Cleveland Guardians,1,3,26,87.24615384615385,2102.1153846153848,0.11538461538461539,0.22433035714285715,2.8,0.0989597417910935,88.59004087583504,81.4
824165,663969,2026-07-21,"Phillips, Tyler",away,146,Miami Marlins,117,Houston Astros,2,9,68,88.76029411764705,2016.4705882352941,0.1323529411764706,0.21534076185540296,2.2,0.10431514588067481,88.05952480962277,70.8
823839,663969,2026-07-27,"Phillips, Tyler",home,146,Miami Marlins,143,Philadelphia Phillies,5,10,76,88.5171052631579,2187.6052631578946,0.13157894736842105,0.23825164224355735,1.8,0.11056101501484532,88.30349374551174,66.6
823594,663969,2026-08-01,"Phillips, Tyler",away,146,Miami Marlins,121,New York Mets,3,5,65,88.65538461538462,1955.8153846153846,0.07692307692307693,0.2255278310940499,2.6,0.12656752613801409,88.39062613834952,62.4
823836,663969,2026-08-07,"Phillips, Tyler",home,146,Miami Marlins,108,Los Angeles Angels,4,9,61,88.8704918032787,1931.72131147541,0.14754098360655737,0.25213971778857275,2.8,0.11941693025502383,88.33944954029967,61.2
823829,663969,2026-08-13,"Phillips, Tyler",home,146,Miami Marlins,134,Pittsburgh Pirates,6,11,92,87.5554347826087,2083.3804347826085,0.11956521739130435,0.24154589371980675,3.0,0.12075611289182826,88.40988592912443,59.2
823875,663978,2026-05-03,"Paddack, Chris",home,146,Miami Marlins,143,Philadelphia Phillies,1,1,73,85.73698630136987,1925.054794520548,0.0136986301369863,0.2158908507223114,4.4,0.10433580241335974,87.09546029917374,84.8
824435,663978,2026-05-16,"Paddack, Chris",away,113,Cincinnati Reds,114,Cleveland Guardians,3,8,78,87.64999999999999,2093.641025641026,0.10256410256410256,0.19711815561959653,3.4,0.07163249046607345,86.88260439489075,83.6
824518,663978,2026-05-23,"Paddack, Chris",home,113,Cincinnati Reds,138,St. Louis Cardinals,5,8,84,86.15,2096.4523809523807,0.09523809523809523,0.21149674620390455,3.2,0.07339531097889396,87.21218772822408,80.0
824515,663978,2026-05-29,"Paddack, Chris",home,113,Cincinnati Reds,144,Atlanta Braves,0,9,86,88.1639534883721,2085.779069767442,0.10465116279069768,0.21030832949838932,3.4,0.07722553872216517,86.93805729344146,78.4
824529,664285,2026-04-24,"Valdez, Framber",away,116,Detroit Tigers,113,Cincinnati Reds,4,8,89,87.63595505617978,2356.5730337078653,0.0898876404494382,0.2441860465116279,4.0,0.07796599704724816,88.36282391733337,89.2
824929,664285,2026-04-30,"Valdez, Framber",away,116,Detroit Tigers,144,Atlanta Braves,8,19,99,86.73131313131313,2252.151515151515,0.1919191919191919,0.19428090832632464,3.8,0.07184713959496712,87.97676191652116,90.4
824281,664285,2026-05-05,"Valdez, Framber",home,116,Detroit Tigers,111,Boston Red Sox,3,5,60,88.08666666666666,2316.233333333333,0.08333333333333333,0.21978851963746224,4.4,0.09924196698979453,87.64522234498158,92.0
823631,664285,2026-05-13,"Valdez, Framber",away,116,Detroit Tigers,121,New York Mets,7,10,106,88.0377358490566,2280.990566037736,0.09433962264150944,0.20855263157894738,4.6,0.10441438078289796,87.80232579325744,86.6
824277,664285,2026-05-18,"Valdez, Framber",home,116,Detroit Tigers,114,Cleveland Guardians,3,3,89,88.10112359550561,2371.3932584269664,0.033707865168539325,0.19746974697469746,5.8,0.11638575358706194,87.66343618145956,90.4
824839,664285,2026-05-24,"Valdez, Framber",away,116,Detroit Tigers,110,Baltimore Orioles,5,9,92,89.41847826086956,2216.608695652174,0.09782608695652174,0.24700364773319436,5.0,0.09863753070240244,87.71855885974436,88.6
824593,664285,2026-05-30,"Valdez, Framber",away,116,Detroit Tigers,145,Chicago White Sox,4,10,89,89.5685393258427,2257.932584269663,0.11235955056179775,0.24104683195592286,5.2,0.10022522000381914,88.07506350068232,89.2
824271,664285,2026-06-05,"Valdez, Framber",home,116,Detroit Tigers,136,Seattle Mariners,5,8,102,88.80686274509803,2233.078431372549,0.0784313725490196,0.23093042749371331,4.4,0.08431329173234031,88.64250873958822,87.2
824266,664285,2026-06-10,"Valdez, Framber",home,116,Detroit Tigers,142,Minnesota Twins,2,3,75,89.22133333333333,2185.173333333333,0.04,0.22826086956521738,4.8,0.08333289957547757,88.7865479552745,95.6
824182,664285,2026-06-16,"Valdez, Framber",away,116,Detroit Tigers,117,Houston Astros,6,8,92,88.56195652173913,2194.9021739130435,0.08695652173913043,0.21715913136347453,3.8,0.07246497504717568,89.02326745212984,89.4
824261,664285,2026-06-22,"Valdez, Framber",home,116,Detroit Tigers,147,New York Yankees,8,11,94,87.73404255319149,2340.1702127659573,0.11702127659574468,0.2266298723697827,4.4,0.0831147063612939,89.11543403737656,90.0
824257,664285,2026-06-27,"Valdez, Framber",home,116,Detroit Tigers,117,Houston Astros,2,5,88,88.91250000000001,2226.568181818182,0.056818181818181816,0.21599496221662468,5.0,0.08695374428913849,88.77854689584095,90.4
822884,664285,2026-07-02,"Valdez, Framber",away,116,Detroit Tigers,140,Texas Rangers,1,3,87,88.61034482758622,2277.4942528735633,0.034482758620689655,0.22432762836185818,4.6,0.07584547054041531,88.64733903067238,90.2
824251,664285,2026-07-09,"Valdez, Framber",home,116,Detroit Tigers,133,Athletics,9,16,87,88.11954022988505,2316.1609195402298,0.1839080459770115,0.22656909653813678,3.8,0.06705574775474932,88.60803544717004,87.2
824652,664285,2026-07-21,"Valdez, Framber",away,116,Detroit Tigers,112,Chicago Cubs,1,3,42,88.31428571428572,2380.190476190476,0.07142857142857142,0.2143761073146039,5.2,0.09583735695015162,88.38767682648037,89.6
824246,664285,2026-07-26,"Valdez, Framber",home,116,Detroit Tigers,118,Kansas City Royals,4,9,97,87.23298969072165,2347.2061855670104,0.09278350515463918,0.21314342828585708,4.2,0.09273176688803982,88.33814266498969,79.6
824972,664285,2026-08-01,"Valdez, Framber",away,116,Detroit Tigers,133,Athletics,6,9,96,85.97604166666667,2359.3333333333335,0.09375,0.22680901542111506,3.4,0.08788421259981871,88.23793209249574,80.2
823105,664285,2026-08-06,"Valdez, Framber",away,116,Detroit Tigers,136,Seattle Mariners,5,4,95,86.62421052631578,2292.2631578947367,0.042105263157894736,0.2280864915136015,4.2,0.09527057623618236,87.65064042582907,81.8
824241,664285,2026-08-12,"Valdez, Framber",home,116,Detroit Tigers,114,Cleveland Guardians,3,6,102,87.8313725490196,2294.0588235294117,0.058823529411764705,0.21998673446827327,5.0,0.09679507714362337,87.25341356557497,83.4
823343,664285,2026-08-17,"Valdez, Framber",away,116,Detroit Tigers,134,Pittsburgh Pirates,5,7,91,88.57802197802198,2253.561797752809,0.07692307692307693,0.24094424094424094,3.8,0.07177817383057401,87.19578002940189,86.4
823268,664299,2026-08-09,"Javier, Cristian",away,117,Houston Astros,135,San Diego Padres,2,4,86,88.38139534883722,2341.5116279069766,0.046511627906976744,0.21885675244818947,2.0,0.10788527408326547,88.25456181576124,64.2
824154,664299,2026-08-18,"Javier, Cristian",home,117,Houston Astros,108,Los Angeles Angels,5,15,87,88.65402298850574,2342.264367816092,0.1724137931034483,0.2517094017094017,2.2,0.10097138344844461,88.58732737201517,66.6
824735,665152,2026-07-22,"Kremer, Dean",away,110,Baltimore Orioles,111,Boston Red Sox,5,12,87,87.11034482758622,2122.551724137931,0.13793103448275862,0.2177765843179377,5.8,0.12744719514735942,86.22983112602773,85.8
824243,665152,2026-07-28,"Kremer, Dean",away,110,Baltimore Orioles,116,Detroit Tigers,4,7,81,86.1679012345679,2065.9753086419755,0.08641975308641975,0.23044132397191575,5.0,0.12503340204391114,86.41690009154497,87.2
824082,665152,2026-08-05,"Kremer, Dean",away,142,Minnesota Twins,118,Kansas City Royals,2,5,88,87.83749999999999,2150.6136363636365,0.056818181818181816,0.2119590507212657,4.4,0.1149489316085635,86.51511191740592,84.4
823675,665152,2026-08-10,"Kremer, Dean",home,142,Minnesota Twins,110,Baltimore Orioles,6,11,89,87.23033707865169,2176.7640449438204,0.12359550561797752,0.24235611510791366,4.0,0.1085910489848581,86.82843470221606,86.2
823670,665152,2026-08-16,"Kremer, Dean",home,142,Minnesota Twins,143,Philadelphia Phillies,6,12,89,86.47752808988764,2093.4606741573034,0.1348314606741573,0.2283617526440751,4.4,0.10504928054323621,86.86102385707683,85.6
823261,665152,2026-08-22,"Kremer, Dean",away,142,Minnesota Twins,135,San Diego Padres,5,9,101,87.38712871287129,2210.366336633663,0.0891089108910891,0.21794338051623646,4.6,0.10791918713589901,86.96472224613869,86.8
823310,665795,2026-04-28,"Cabrera, Edward",away,112,Chicago Cubs,135,San Diego Padres,7,18,99,90.43838383838383,2174.787878787879,0.18181818181818182,0.2178030303030303,4.2,0.11221522595260551,91.74599086216851,89.8
824684,665795,2026-05-04,"Cabrera, Edward",home,112,Chicago Cubs,113,Cincinnati Reds,8,12,89,91.80112359550562,2090.629213483146,0.1348314606741573,0.24667188723570868,4.6,0.11607886231624187,91.46241762984528,93.6
822905,665795,2026-05-09,"Cabrera, Edward",away,112,Chicago Cubs,140,Texas Rangers,6,9,88,91.54772727272727,2113.1477272727275,0.10227272727272728,0.2351294611616515,5.4,0.12242659775004242,91.3686217303897,92.0
824601,665795,2026-05-15,"Cabrera, Edward",away,112,Chicago Cubs,145,Chicago White Sox,2,11,88,92.24659090909091,2154.465909090909,0.125,0.2437538086532602,5.8,0.12043216361275114,91.24959575636372,90.0
824678,665795,2026-05-20,"Cabrera, Edward",home,112,Chicago Cubs,158,Milwaukee Brewers,2,4,61,92.90655737704918,2168.7868852459014,0.06557377049180328,0.20167130919220055,5.6,0.12565194383253137,91.43495789422586,89.4
824673,665795,2026-06-05,"Cabrera, Edward",home,112,Chicago Cubs,137,San Francisco Giants,6,10,80,93.4475,2134.95,0.125,0.20941076727426874,5.0,0.12189922805137392,91.78807659855136,85.0
824346,665795,2026-06-11,"Cabrera, Edward",away,112,Chicago Cubs,115,Colorado Rockies,5,10,83,94.10361445783133,2200.9036144578313,0.12048192771084337,0.23625096824167313,4.8,0.11053559168773756,92.3898998308746,81.2
824667,665795,2026-06-16,"Cabrera, Edward",home,112,Chicago Cubs,115,Colorado Rockies,3,7,67,93.4731343283582,2184.4626865671644,0.1044776119402985,0.23449264969523126,4.2,0.10766568509507479,92.85039800333973,80.0
823614,665795,2026-06-23,"Cabrera, Edward",away,112,Chicago Cubs,121,New York Mets,4,7,99,92.44545454545455,2253.1717171717173,0.0707070707070707,0.22268760907504362,3.6,0.10810666202858903,93.23547941446591,75.8
824642,665795,2026-08-16,"Cabrera, Edward",home,112,Chicago Cubs,138,St. Louis Cardinals,2,10,77,93.23766233766234,2220.4285714285716,0.12987012987012986,0.20255909780958578,4.0,0.09724807617000317,93.27525214173865,78.0
823613,665871,2026-06-24,"Assad, Javier",away,112,Chicago Cubs,121,New York Mets,5,7,83,90.9867469879518,2087.7831325301204,0.08433734939759036,0.2231404958677686,3.0,0.050502775871748486,89.07556821159004,84.2
824656,665871,2026-07-05,"Assad, Javier",home,112,Chicago Cubs,138,St. Louis Cardinals,2,3,80,90.25125,2070.4125,0.0375,0.20190534726490472,3.4,0.057370245751266556,89.41491760918039,84.8
824492,665871,2026-07-11,"Assad, Javier",away,112,Chicago Cubs,113,Cincinnati Reds,4,3,82,89.8780487804878,2094.7926829268295,0.036585365853658534,0.25070901871809415,3.2,0.052675123800047054,89.63955785308285,84.4
823023,665871,2026-07-30,"Assad, Javier",away,112,Chicago Cubs,138,St. Louis Cardinals,6,7,83,89.88674698795181,2087.6987951807228,0.08433734939759036,0.2027194066749073,3.4,0.047797075019559244,89.7919968774731,84.4
824645,665871,2026-08-04,"Assad, Javier",home,112,Chicago Cubs,119,Los Angeles Dodgers,3,8,88,90.01931818181818,2109.3977272727275,0.09090909090909091,0.2045611610228058,3.6,0.05289983901672437,89.890993333887,84.0
824121,666142,2026-04-25,"Ragans, Cole",home,118,Kansas City Royals,108,Los Angeles Angels,11,21,99,90.62020202020202,2445.1717171717173,0.21212121212121213,0.2521489971346705,4.4,0.0896589522491631,89.76876615487707,77.4
823146,666142,2026-05-01,"Ragans, Cole",away,118,Kansas City Royals,136,Seattle Mariners,8,10,95,92.1642105263158,2551.084210526316,0.10526315789473684,0.2360655737704918,5.6,0.10319430578451665,90.13347322558414,79.2
824118,666142,2026-05-06,"Ragans, Cole",home,118,Kansas City Royals,114,Cleveland Guardians,4,10,58,91.51896551724138,2553.8793103448274,0.1724137931034483,0.20159535895576505,5.6,0.09278626320616064,90.76339398253269,80.4
823048,666157,2026-06-06,"Lodolo, Nick",away,113,Cincinnati Reds,138,St. Louis Cardinals,3,6,95,89.05894736842106,2236.442105263158,0.06315789473684211,0.21245102307357422,4.4,0.10481715433856006,89.7922481917047,92.0
824507,666157,2026-06-12,"Lodolo, Nick",home,113,Cincinnati Reds,109,Arizona Diamondbacks,5,8,96,90.08333333333333,2287.0,0.08333333333333333,0.20451843043995244,4.6,0.09950001533721053,89.54070433205558,95.4
824503,666157,2026-06-17,"Lodolo, Nick",home,113,Cincinnati Reds,121,New York Mets,2,7,90,89.28888888888889,2301.088888888889,0.07777777777777778,0.22259136212624583,4.4,0.08628162453261283,89.74725605619349,97.2
824501,666157,2026-06-23,"Lodolo, Nick",home,113,Cincinnati Reds,158,Milwaukee Brewers,6,9,75,89.60266666666666,2310.826666666667,0.12,0.20880968392737054,4.2,0.08946604606754983,89.67864208139397,95.8
823771,666157,2026-06-29,"Lodolo, Nick",away,113,Cincinnati Reds,158,Milwaukee Brewers,4,5,96,89.909375,2188.6354166666665,0.052083333333333336,0.2111251580278129,4.0,0.08285380116959065,89.63876725146199,91.2
824497,666157,2026-07-05,"Lodolo, Nick",home,113,Cincinnati Reds,110,Baltimore Orioles,4,8,97,89.80927835051547,2218.7938144329896,0.08247422680412371,0.2417936694021102,4.0,0.07927046783625732,89.58864225146199,90.4
824492,666157,2026-07-11,"Lodolo, Nick",home,113,Cincinnati Reds,112,Chicago Cubs,4,9,78,90.09358974358975,2210.0,0.11538461538461539,0.21407387435966568,4.2,0.08313373424971363,89.73870844788087,90.8
824563,666157,2026-08-11,"Lodolo, Nick",away,113,Cincinnati Reds,145,Chicago White Sox,5,13,70,89.11714285714285,2348.5,0.18571428571428572,0.239237668161435,4.0,0.08954399065997005,89.74075972993215,87.2
824477,666157,2026-08-16,"Lodolo, Nick",home,113,Cincinnati Reds,146,Miami Marlins,2,6,73,90.34383561643835,2226.082191780822,0.0821917808219178,0.2160137015628345,4.6,0.11113129224727163,89.70641052358295,83.2
825045,666157,2026-08-21,"Lodolo, Nick",away,113,Cincinnati Reds,109,Arizona Diamondbacks,2,8,91,89.58681318681319,2216.78021978022,0.08791208791208792,0.19271155033971588,3.8,0.1035696484116552,89.85464431353728,82.8
823473,666200,2026-04-28,"Luzardo, Jesús",home,143,Philadelphia Phillies,137,San Francisco Giants,8,15,88,90.15113636363637,2181.4204545454545,0.17045454545454544,0.21083743842364533,6.6,0.14704241273676488,91.14501140977885,96.4
823875,666200,2026-05-03,"Luzardo, Jesús",away,143,Philadelphia Phillies,146,Miami Marlins,10,14,102,89.67352941176472,2198.705882352941,0.13725490196078433,0.2182254196642686,6.8,0.1528504935448457,91.10634979361723,94.2
823466,666200,2026-05-08,"Luzardo, Jesús",home,143,Philadelphia Phillies,115,Colorado Rockies,6,15,95,89.72947368421052,2143.221052631579,0.15789473684210525,0.25225225225225223,6.6,0.13585702949255812,90.92408597900047,94.8
824762,666200,2026-05-14,"Luzardo, Jesús",away,143,Philadelphia Phillies,111,Boston Red Sox,4,11,92,89.62826086956521,2122.7934782608695,0.11956521739130435,0.22398477157360405,6.2,0.13952900011679312,90.58439932049374,96.6
823464,666200,2026-05-19,"Luzardo, Jesús",home,143,Philadelphia Phillies,113,Cincinnati Reds,5,8,95,91.64842105263158,2143.4210526315787,0.08421052631578947,0.23848684210526316,6.2,0.1430338803297479,90.08148006583536,95.4
823296,666200,2026-05-25,"Luzardo, Jesús",away,143,Philadelphia Phillies,135,San Diego Padres,6,15,104,90.62307692307692,2094.875,0.14423076923076922,0.229957805907173,6.6,0.13387598559290578,90.16616427636168,94.4
823945,666200,2026-05-30,"Luzardo, Jesús",away,143,Philadelphia Phillies,119,Los Angeles Dodgers,6,10,95,90.62105263157895,2243.5052631578947,0.10526315789473684,0.20192307692307693,6.2,0.12863123034815052,90.26055238824979,97.6
823455,666200,2026-06-05,"Luzardo, Jesús",home,143,Philadelphia Phillies,145,Chicago White Sox,2,9,90,91.19555555555556,2118.222222222222,0.1,0.24082665541965415,5.4,0.12223288153494102,90.45005703221264,96.2
822804,666200,2026-06-10,"Luzardo, Jesús",away,143,Philadelphia Phillies,141,Toronto Blue Jays,8,13,96,90.70833333333333,2301.0625,0.13541666666666666,0.19314150571541192,4.6,0.11065393416651996,90.74327340648165,95.2
823451,666200,2026-06-16,"Luzardo, Jesús",home,143,Philadelphia Phillies,146,Miami Marlins,9,12,106,90.71981132075472,2192.0943396226417,0.11320754716981132,0.22047531992687386,5.4,0.11382422402159245,90.95928789923526,96.0
822718,666200,2026-06-23,"Luzardo, Jesús",away,143,Philadelphia Phillies,120,Washington Nationals,13,17,104,91.10673076923078,2323.2115384615386,0.16346153846153846,0.20992115637319317,6.2,0.1196236281923968,90.7735659528599,98.2
823608,666200,2026-06-28,"Luzardo, Jesús",away,143,Philadelphia Phillies,121,New York Mets,6,10,96,91.39375,2319.8854166666665,0.10416666666666667,0.22283311772315653,7.6,0.12346978203855066,90.87029672209067,98.2
824092,666200,2026-07-04,"Luzardo, Jesús",away,143,Philadelphia Phillies,118,Kansas City Royals,9,19,95,91.09894736842105,2246.7157894736843,0.2,0.21127185051235683,7.6,0.12325048379293661,91.02483619577488,98.4
824494,666200,2026-07-09,"Luzardo, Jesús",away,143,Philadelphia Phillies,113,Cincinnati Reds,11,19,96,90.28541666666666,2262.5729166666665,0.19791666666666666,0.24949348769898697,9.0,0.14325048379293664,91.00551455834798,99.4
823441,666200,2026-07-18,"Luzardo, Jesús",home,143,Philadelphia Phillies,121,New York Mets,7,9,90,89.89444444444445,2230.0,0.1,0.21898803046789989,9.6,0.15575048379293663,90.92093122501464,99.4
823434,666200,2026-07-24,"Luzardo, Jesús",home,143,Philadelphia Phillies,147,New York Yankees,9,10,105,90.20095238095239,2198.266666666667,0.09523809523809523,0.23980125523012552,9.2,0.15310897435897436,90.75585784975257,96.2
823837,666200,2026-07-29,"Luzardo, Jesús",away,143,Philadelphia Phillies,146,Miami Marlins,4,11,100,89.117,2190.1,0.11,0.21698576337751596,8.4,0.13946428571428574,90.5747021720969,96.4
823432,666200,2026-08-04,"Luzardo, Jesús",home,143,Philadelphia Phillies,120,Washington Nationals,7,13,98,91.24591836734695,2237.704081632653,0.1326530612244898,0.2126215788283194,8.0,0.1406309523809524,90.11935217209691,97.2
823425,666200,2026-08-09,"Luzardo, Jesús",home,143,Philadelphia Phillies,141,Toronto Blue Jays,12,19,100,90.021,2254.72,0.19,0.1952662721893491,7.6,0.12716156462585032,90.14874637188208,97.8
823671,666200,2026-08-15,"Luzardo, Jesús",away,143,Philadelphia Phillies,142,Minnesota Twins,9,14,109,89.3954128440367,2249.440366972477,0.12844036697247707,0.21352160890029953,7.8,0.12557823129251702,90.09586303854874,98.6
823420,666200,2026-08-21,"Luzardo, Jesús",home,143,Philadelphia Phillies,138,St. Louis Cardinals,9,10,110,90.82454545454546,2164.909090909091,0.09090909090909091,0.20366179798395392,8.2,0.13126630468701242,89.9960567184672,102.4
824044,667755,2026-04-22,"Soriano, José",home,108,Los Angeles Angels,141,Toronto Blue Jays,4,14,84,91.55357142857143,2097.6666666666665,0.16666666666666666,0.17848970251716248,7.8,0.12963274163429778,93.28824802291442,96.6
824610,667755,2026-04-28,"Soriano, José",away,108,Los Angeles Angels,145,Chicago White Sox,6,17,97,94.24226804123711,2027.701030927835,0.17525773195876287,0.24572457245724572,7.2,0.12560343760499373,92.74533593500234,95.2
824039,667755,2026-05-04,"Soriano, José",home,108,Los Angeles Angels,145,Chicago White Sox,5,10,88,94.65681818181817,2015.4545454545455,0.11363636363636363,0.24519600307455802,7.6,0.13843276177452407,93.24156732102755,96.6
822819,667755,2026-05-10,"Soriano, José",away,108,Los Angeles Angels,141,Toronto Blue Jays,7,11,103,92.13592233009709,2025.883495145631,0.10679611650485436,0.17735334242837653,6.6,0.13435591079045658,93.54406497800974,94.8
824038,667755,2026-05-16,"Soriano, José",home,108,Los Angeles Angels,119,Los Angeles Dodgers,6,16,92,92.16739130434782,2025.9130434782608,0.17391304347826086,0.2052325581395349,6.0,0.13873400201595576,93.17407963270838,94.2
824031,667755,2026-05-21,"Soriano, José",home,108,Los Angeles Angels,133,Athletics,7,14,103,94.68543689320389,2047.4174757281553,0.13592233009708737,0.2224565102793885,5.6,0.1472539844489817,92.95119425721433,92.8
824270,667755,2026-05-27,"Soriano, José",away,108,Los Angeles Angels,116,Detroit Tigers,4,13,105,91.10857142857142,2004.9809523809524,0.12380952380952381,0.2292179045745204,6.2,0.14110511713506582,93.57756735014081,96.6
824027,667755,2026-06-01,"Soriano, José",home,108,Los Angeles Angels,115,Colorado Rockies,6,19,108,91.25925925925925,2150.2314814814813,0.17592592592592593,0.23927465723131358,5.8,0.13081547550521802,92.95082802760767,98.2
823941,667755,2026-06-07,"Soriano, José",away,108,Los Angeles Angels,119,Los Angeles Dodgers,2,8,88,91.925,1979.0681818181818,0.09090909090909091,0.20160965794768612,6.0,0.14327338796313047,92.2713162430959,102.2
824019,667755,2026-06-13,"Soriano, José",home,108,Los Angeles Angels,139,Tampa Bay Rays,5,10,76,90.54868421052632,2017.9868421052631,0.13157894736842105,0.19015748031496063,5.0,0.14009598284397778,92.22913177707646,99.2
824990,667755,2026-06-19,"Soriano, José",away,108,Los Angeles Angels,133,Athletics,6,16,105,93.14095238095237,2030.5428571428572,0.1523809523809524,0.22103815744242009,4.8,0.1316291636220098,91.90539035831218,96.0
824018,667755,2026-06-24,"Soriano, José",home,108,Los Angeles Angels,110,Baltimore Orioles,4,9,69,92.36666666666667,2042.159420289855,0.13043478260869565,0.2406382285900358,4.6,0.13492088807878283,91.59649345586188,96.4
823122,667755,2026-06-30,"Soriano, José",away,108,Los Angeles Angels,136,Seattle Mariners,9,13,91,91.83626373626375,1985.2087912087911,0.14285714285714285,0.22696351267779838,4.6,0.13624593983861719,91.84811250348093,89.2
822881,667755,2026-07-07,"Soriano, José",away,108,Los Angeles Angels,140,Texas Rangers,4,8,93,90.86129032258064,2005.7956989247311,0.08602150537634409,0.22074468085106383,5.2,0.12963218322486056,91.96351339888182,85.8
823681,667755,2026-07-12,"Soriano, José",away,108,Los Angeles Angels,142,Minnesota Twins,0,6,77,93.33896103896105,2023.844155844156,0.07792207792207792,0.21561135371179038,5.6,0.1286546661183112,91.75077146339795,86.8
824006,667755,2026-07-20,"Soriano, José",home,108,Los Angeles Angels,138,St. Louis Cardinals,7,12,95,92.42421052631578,2127.3684210526317,0.12631578947368421,0.20222584147665582,4.6,0.11792329222904259,92.3088268290849,87.0
823194,667755,2026-07-26,"Soriano, José",away,108,Los Angeles Angels,137,San Francisco Giants,5,8,85,92.62117647058824,2032.164705882353,0.09411764705882353,0.21014864172219375,4.8,0.11271025964758893,92.16547845815758,85.0
823428,667755,2026-08-07,"Soriano, José",away,141,Toronto Blue Jays,143,Philadelphia Phillies,3,16,94,91.74361702127659,2103.021276595745,0.1702127659574468,0.23230912476722532,5.0,0.10544683253761451,92.2163804189419,88.2
822779,667755,2026-08-12,"Soriano, José",home,141,Toronto Blue Jays,111,Boston Red Sox,4,12,90,94.43555555555557,2013.6444444444444,0.13333333333333333,0.21631205673758866,3.8,0.11091795715767531,92.19785107594446,88.8
822938,667755,2026-08-18,"Soriano, José",away,141,Toronto Blue Jays,139,Tampa Bay Rays,2,5,91,92.06923076923076,1974.7252747252746,0.054945054945054944,0.18743366588834642,3.8,0.12038032274907315,92.91270412253944,88.2
825093,668678,2026-04-25,"Gallen, Zac",home,109,Arizona Diamondbacks,135,San Diego Padres,3,6,49,90.10408163265306,2333.183673469388,0.12244897959183673,0.2198505869797225,2.8,0.07521758942811574,89.22562087035772,86.2
824686,668678,2026-05-01,"Gallen, Zac",away,109,Arizona Diamondbacks,112,Chicago Cubs,3,5,95,89.3778947368421,2141.9894736842107,0.05263157894736842,0.2069243156199678,3.0,0.0760231748201673,89.18459509162517,80.8
825090,668678,2026-05-07,"Gallen, Zac",home,109,Arizona Diamondbacks,134,Pittsburgh Pirates,5,15,100,89.071,2319.66,0.15,0.23557692307692307,3.2,0.07291312697327734,89.34403767535723,82.2
822903,668678,2026-05-12,"Gallen, Zac",away,109,Arizona Diamondbacks,140,Texas Rangers,4,6,95,88.08631578947369,2116.4315789473685,0.06315789473684211,0.2337917485265226,3.2,0.08817628486801418,89.28560609640985,83.2
825087,668678,2026-05-18,"Gallen, Zac",home,109,Arizona Diamondbacks,137,San Francisco Giants,5,8,81,87.71358024691358,2186.3703703703704,0.09876543209876543,0.21510957324106114,3.6,0.09128405429157309,88.89763115906649,85.4
825080,668678,2026-05-23,"Gallen, Zac",home,109,Arizona Diamondbacks,115,Colorado Rockies,6,9,82,88.47439024390243,2307.7073170731705,0.10975609756097561,0.24397744746283956,4.0,0.09740077707496253,88.87057448117648,84.0
823135,668678,2026-05-29,"Gallen, Zac",away,109,Arizona Diamondbacks,136,Seattle Mariners,2,6,84,89.79880952380952,2121.059523809524,0.07142857142857142,0.23322535863026378,4.6,0.09486220066879031,88.54463620342635,90.6
825077,668678,2026-06-03,"Gallen, Zac",home,109,Arizona Diamondbacks,119,Los Angeles Dodgers,1,6,90,88.37777777777778,2184.9777777777776,0.06666666666666667,0.20214132762312634,4.4,0.09862159916503091,88.62881916081984,88.4
823858,668678,2026-06-09,"Gallen, Zac",away,109,Arizona Diamondbacks,146,Miami Marlins,3,11,94,87.40106382978725,2167.851063829787,0.11702127659574468,0.22235722964763063,3.6,0.08195493249836425,88.4901747163754,86.4
824506,668678,2026-06-14,"Gallen, Zac",away,109,Arizona Diamondbacks,113,Cincinnati Reds,4,9,78,90.0397435897436,2208.2820512820513,0.11538461538461539,0.2444022770398482,3.4,0.09272760887014478,88.35312432443811,86.2
825068,668678,2026-06-20,"Gallen, Zac",home,109,Arizona Diamondbacks,142,Minnesota Twins,2,6,81,89.29876543209876,2256.074074074074,0.07407407407407407,0.2219562243502052,3.2,0.09605144552731476,88.81835699300412,85.6
822962,668678,2026-06-26,"Gallen, Zac",away,109,Arizona Diamondbacks,139,Tampa Bay Rays,0,1,86,89.44883720930233,2118.7441860465115,0.011627906976744186,0.1901573485102109,2.4,0.08891504082993444,88.98323203064338,85.4
825064,668678,2026-07-01,"Gallen, Zac",home,109,Arizona Diamondbacks,137,San Francisco Giants,4,8,95,89.75368421052632,2238.821052631579,0.08421052631578947,0.20634422110552764,2.0,0.07695490793956901,88.91323756774194,85.8
823280,668678,2026-07-07,"Gallen, Zac",away,109,Arizona Diamondbacks,135,San Diego Padres,5,9,96,88.42812500000001,2059.6354166666665,0.09375,0.23039806996381182,2.6,0.08046367986939357,89.18841885429165,86.8
822827,668909,2026-04-24,"Williams, Gavin",away,114,Cleveland Guardians,141,Toronto Blue Jays,4,10,96,89.35104166666667,2279.5416666666665,0.10416666666666667,0.18092105263157895,8.0,0.13720134461903646,90.87939115337328,93.8
824445,668909,2026-04-29,"Williams, Gavin",home,114,Cleveland Guardians,139,Tampa Bay Rays,9,13,64,90.05,2227.3125,0.203125,0.18528368794326242,7.4,0.12657400379506642,90.32622870018976,95.2
824119,668909,2026-05-05,"Williams, Gavin",away,114,Cleveland Guardians,118,Kansas City Royals,7,10,97,89.54536082474226,2300.2061855670104,0.10309278350515463,0.22255639097744362,7.2,0.13661076850094878,90.11928752371917,91.0
824440,668909,2026-05-10,"Williams, Gavin",home,114,Cleveland Guardians,142,Minnesota Twins,6,21,101,90.28415841584159,2230.3564356435645,0.2079207920792079,0.2266839378238342,7.0,0.13958226637845028,89.92855576709898,90.0
824436,668909,2026-05-17,"Williams, Gavin",home,114,Cleveland Guardians,113,Cincinnati Reds,7,14,93,91.2247311827957,2311.6344086021504,0.15053763440860216,0.23814962878355225,7.4,0.15966104845020584,89.70431218145009,91.6
823461,668909,2026-05-22,"Williams, Gavin",away,114,Cleveland Guardians,143,Philadelphia Phillies,10,15,99,89.81818181818181,2242.7979797979797,0.15151515151515152,0.21863419798835362,6.6,0.15376857533192628,90.09105841800924,90.2
824432,668909,2026-05-27,"Williams, Gavin",home,114,Cleveland Guardians,120,Washington Nationals,4,9,94,90.3127659574468,2244.3297872340427,0.09574468085106383,0.21454545454545454,7.8,0.16323827230162324,90.18448644831227,90.8
823540,668909,2026-06-03,"Williams, Gavin",away,114,Cleveland Guardians,147,New York Yankees,6,16,96,89.77499999999999,2240.25,0.16666666666666666,0.22892092616863258,6.8,0.14176220847183602,90.23703963980162,96.8
824427,668909,2026-06-08,"Williams, Gavin",home,114,Cleveland Guardians,147,New York Yankees,5,8,90,91.16777777777779,2257.8555555555554,0.08888888888888889,0.22946760214609987,6.6,0.1544769851041384,90.28296747485317,96.6
823774,668909,2026-06-17,"Williams, Gavin",away,114,Cleveland Guardians,158,Milwaukee Brewers,4,10,87,90.95172413793104,2205.5862068965516,0.11494252873563218,0.20503465888361913,6.4,0.13067060446607462,90.45969134724041,94.4
824585,668909,2026-06-22,"Williams, Gavin",away,114,Cleveland Guardians,145,Chicago White Sox,8,14,95,92.61263157894737,2257.1052631578946,0.14736842105263157,0.2396951853134742,5.8,0.12355158333148061,90.40508993826748,93.2
824422,668909,2026-06-28,"Williams, Gavin",home,114,Cleveland Guardians,136,Seattle Mariners,6,12,103,91.68543689320389,2253.26213592233,0.11650485436893204,0.227892234548336,5.4,0.12272223723897664,90.96397989042059,92.4
824417,668909,2026-07-03,"Williams, Gavin",home,114,Cleveland Guardians,145,Chicago White Sox,6,9,79,92.03417721518987,2241.5949367088606,0.11392405063291139,0.23725190839694657,5.8,0.12687427194255027,91.23851407757202,94.2
823683,668909,2026-07-09,"Williams, Gavin",away,114,Cleveland Guardians,142,Minnesota Twins,11,13,103,90.75436893203884,2388.5631067961167,0.1262135922330097,0.21579095251475133,5.8,0.11632574873579922,91.69034952061,90.8
824414,668909,2026-07-18,"Williams, Gavin",home,114,Cleveland Guardians,134,Pittsburgh Pirates,11,14,84,93.15119047619048,2234.3928571428573,0.16666666666666666,0.23700026130128038,7.0,0.12379068940462337,91.60766775146219,93.4
824406,668909,2026-07-23,"Williams, Gavin",home,114,Cleveland Guardians,142,Minnesota Twins,11,18,97,91.66701030927835,2310.2474226804125,0.18556701030927836,0.2153061224489796,8.4,0.1341355169908303,92.04756101911408,92.8
824489,668909,2026-07-28,"Williams, Gavin",away,114,Cleveland Guardians,113,Cincinnati Reds,12,24,101,92.56237623762375,2342.069306930693,0.2376237623762376,0.24707973590655155,9.0,0.14177523484215965,91.8584367651803,93.2
824404,668909,2026-08-02,"Williams, Gavin",home,114,Cleveland Guardians,109,Arizona Diamondbacks,10,18,89,91.2247191011236,2347.2808988764045,0.20224719101123595,0.19133745835316515,10.2,0.16599901644362075,92.03382463406425,92.8
824565,668909,2026-08-08,"Williams, Gavin",away,114,Cleveland Guardians,145,Chicago White Sox,7,12,102,91.61274509803921,2331.176470588235,0.11764705882352941,0.2394526795895097,11.0,0.18366364451928566,91.871933011251,94.8
824399,668909,2026-08-14,"Williams, Gavin",home,114,Cleveland Guardians,135,San Diego Padres,5,11,91,89.47472527472527,2378.3626373626375,0.12087912087912088,0.21720950704225353,10.2,0.1819503378373896,92.04360824445108,94.6
824395,668909,2026-08-20,"Williams, Gavin",home,114,Cleveland Guardians,137,San Francisco Giants,11,16,96,90.03541666666666,2373.8020833333335,0.16666666666666666,0.21095076400679116,9.0,0.17279282867988044,91.30831520415805,96.0
822910,669022,2026-04-25,"Gore, MacKenzie",home,140,Texas Rangers,133,Athletics,7,13,106,91.71603773584906,2236.0283018867926,0.12264150943396226,0.23570712136409228,7.0,0.11506237779979347,89.841415517395,88.8
824287,669022,2026-05-01,"Gore, MacKenzie",away,140,Texas Rangers,116,Detroit Tigers,3,5,94,91.42659574468085,2154.595744680851,0.05319148936170213,0.21598639455782312,7.0,0.11514623524214147,90.1044008423426,92.0
823551,669022,2026-05-07,"Gore, MacKenzie",away,140,Texas Rangers,147,New York Yankees,3,11,96,89.47916666666667,2126.846153846154,0.11458333333333333,0.22633451957295372,5.8,0.09623907856902737,90.46267453673332,93.2
822903,669022,2026-05-12,"Gore, MacKenzie",home,140,Texas Rangers,109,Arizona Diamondbacks,5,7,95,90.1863157894737,2159.2315789473682,0.07368421052631578,0.21736158578263842,4.6,0.0996435501137428,90.43631274811544,96.0
824357,669022,2026-05-18,"Gore, MacKenzie",away,140,Texas Rangers,115,Colorado Rockies,2,4,28,88.71071428571429,2178.035714285714,0.14285714285714285,0.24887133182844243,4.6,0.09948677519772937,90.45251207622294,96.2
824028,669022,2026-05-24,"Gore, MacKenzie",away,140,Texas Rangers,108,Los Angeles Angels,7,17,99,89.0969696969697,2192.222222222222,0.1717171717171717,0.25162256615077383,4.0,0.1013915371024913,90.30376604447692,83.8
822894,669022,2026-05-29,"Gore, MacKenzie",home,140,Texas Rangers,118,Kansas City Royals,3,5,99,90.18686868686869,2132.686868686869,0.050505050505050504,0.21483253588516746,4.0,0.11120666955913316,89.77995243670105,82.4
823051,669022,2026-06-03,"Gore, MacKenzie",away,140,Texas Rangers,138,St. Louis Cardinals,5,12,100,90.544,2161.16,0.12,0.2123813827383642,4.0,0.11066938178780286,89.53200702513861,83.4
824103,669022,2026-06-10,"Gore, MacKenzie",away,140,Texas Rangers,118,Kansas City Royals,6,12,87,89.63908045977011,2197.4597701149423,0.13793103448275862,0.21295930462267879,4.4,0.11175271512113616,89.74497369180527,84.2
822887,669022,2026-06-15,"Gore, MacKenzie",home,140,Texas Rangers,142,Minnesota Twins,10,16,102,91.37941176470589,2165.029702970297,0.1568627450980392,0.22375090514120202,4.6,0.12460207991242474,89.63552662586456,82.6
822885,669022,2026-06-20,"Gore, MacKenzie",home,140,Texas Rangers,135,San Diego Padres,6,10,95,89.89368421052632,2188.452631578947,0.10526315789473684,0.23068391866913124,6.2,0.127403200360604,90.16926612166289,97.4
822797,669022,2026-06-25,"Gore, MacKenzie",away,140,Texas Rangers,141,Toronto Blue Jays,5,7,98,90.34081632653061,2145.0408163265306,0.07142857142857142,0.1954636424282855,6.0,0.11411239759611705,90.3286090243742,96.6
824419,669022,2026-07-01,"Gore, MacKenzie",away,140,Texas Rangers,114,Cleveland Guardians,7,15,92,90.28260869565217,2162.8804347826085,0.16304347826086957,0.21838006230529594,6.4,0.11829710178082123,90.3593985523066,96.4
822880,669022,2026-07-08,"Gore, MacKenzie",home,140,Texas Rangers,108,Los Angeles Angels,7,13,90,89.53111111111112,2151.4,0.14444444444444443,0.2503597122302158,6.8,0.12690579743299515,90.30712029143702,94.8
822876,669022,2026-07-12,"Gore, MacKenzie",home,140,Texas Rangers,117,Houston Astros,4,7,65,91.37846153846155,2164.107692307692,0.1076923076923077,0.21527967257844474,7.0,0.1282084794253323,90.28552642170523,95.4
824899,669022,2026-07-18,"Gore, MacKenzie",away,140,Texas Rangers,144,Atlanta Braves,7,12,87,90.12758620689655,2141.597701149425,0.13793103448275862,0.21136426022508922,5.8,0.118374391944186,90.28533637645634,88.0
822872,669022,2026-07-24,"Gore, MacKenzie",home,140,Texas Rangers,136,Seattle Mariners,5,12,96,91.57083333333333,2175.53125,0.125,0.2287344398340249,6.0,0.12490796726179036,90.3321167757304,86.4
822947,669022,2026-07-29,"Gore, MacKenzie",away,140,Texas Rangers,139,Tampa Bay Rays,9,8,95,90.70315789473683,2152.357894736842,0.08421052631578947,0.19057121476677474,6.0,0.13562225297607608,90.57812017709094,86.0
822865,669022,2026-08-04,"Gore, MacKenzie",home,140,Texas Rangers,137,San Francisco Giants,4,13,99,91.3060606060606,2164.6969696969695,0.13131313131313133,0.20791146691782433,6.4,0.11985566258706004,90.66223001690787,86.6
823998,669022,2026-08-10,"Gore, MacKenzie",away,140,Texas Rangers,108,Los Angeles Angels,9,22,103,90.6747572815534,2128.3980582524273,0.21359223300970873,0.2531017369727047,5.8,0.11722939996079744,91.01721991589777,88.4
824966,669022,2026-08-15,"Gore, MacKenzie",away,140,Texas Rangers,133,Athletics,5,12,99,90.6020202020202,2167.252525252525,0.12121212121212122,0.22685284640171857,6.8,0.13840938502427763,90.87647906451613,96.0
822857,669022,2026-08-21,"Gore, MacKenzie",home,140,Texas Rangers,108,Los Angeles Angels,7,18,100,89.72200000000001,2175.48,0.18,0.25062447960033307,6.4,0.13506560237015017,90.97136586354087,98.4
823065,669160,2026-05-03,"May, Dustin",home,138,St. Louis Cardinals,119,Los Angeles Dodgers,3,7,95,91.84105263157895,2437.2315789473682,0.07368421052631578,0.20708661417322835,3.6,0.06736530513892798,92.26385863242368,83.8
823304,669160,2026-05-09,"May, Dustin",away,138,St. Louis Cardinals,135,San Diego Padres,7,14,97,93.08453608247423,2516.226804123711,0.14432989690721648,0.22142857142857142,3.6,0.06898739314583048,92.56911833906733,90.6
823061,669160,2026-05-15,"May, Dustin",home,138,St. Louis Cardinals,118,Kansas City Royals,3,8,91,93.94505494505495,2516.934065934066,0.08791208791208792,0.21712907117008443,4.2,0.07918670586060711,92.47002555556219,95.0
823056,669160,2026-05-21,"May, Dustin",home,138,St. Louis Cardinals,134,Pittsburgh Pirates,7,15,91,91.75934065934067,2564.21978021978,0.16483516483516483,0.23171987641606592,4.0,0.0923735190474203,92.79464094017757,95.0
823783,669160,2026-05-27,"May, Dustin",away,138,St. Louis Cardinals,158,Milwaukee Brewers,9,13,87,91.34942528735631,2608.4712643678163,0.14942528735632185,0.20694789081885856,4.4,0.10678385098352543,92.57083896895293,93.8
823052,669160,2026-06-02,"May, Dustin",home,138,St. Louis Cardinals,140,Texas Rangers,9,11,90,91.92222222222222,2600.766666666667,0.12222222222222222,0.22747546833184656,5.8,0.12403732950742137,92.39588192116102,92.2
823620,669160,2026-06-09,"May, Dustin",away,138,St. Louis Cardinals,121,New York Mets,6,10,101,92.39405940594058,2467.90099009901,0.09900990099009901,0.2190988011575031,7.0,0.13374493184660266,92.41211583928967,91.2
823046,669160,2026-06-15,"May, Dustin",home,138,St. Louis Cardinals,135,San Diego Padres,9,15,101,93.31683168316832,2571.930693069307,0.1485148514851485,0.2294186500195084,6.8,0.12468093266317914,92.27402050398294,92.0
824095,669160,2026-06-21,"May, Dustin",away,138,St. Louis Cardinals,118,Kansas City Royals,2,1,44,91.82727272727273,2583.6136363636365,0.022727272727272728,0.20766335956209375,8.0,0.1368014853777913,92.1483758516056,94.0
824906,669160,2026-07-02,"May, Dustin",away,138,St. Louis Cardinals,144,Atlanta Braves,1,4,34,93.47647058823529,2603.529411764706,0.11764705882352941,0.21062618595825428,7.0,0.10837990695621284,92.16196226519203,84.6
823036,669160,2026-07-06,"May, Dustin",home,138,St. Louis Cardinals,158,Milwaukee Brewers,7,9,81,93.75555555555556,2573.567901234568,0.1111111111111111,0.2100669188245563,5.4,0.10202426124965439,92.58737132536783,74.0
823029,669160,2026-07-12,"May, Dustin",home,138,St. Louis Cardinals,144,Atlanta Braves,4,5,84,93.45833333333333,2463.4761904761904,0.05952380952380952,0.2137426077161363,5.0,0.09980203902743215,92.95403799203449,72.2
825059,669160,2026-07-18,"May, Dustin",away,138,St. Louis Cardinals,109,Arizona Diamondbacks,6,10,98,93.18673469387754,2520.091836734694,0.10204081632653061,0.19607843137254902,4.6,0.09190482073417425,93.16689277751304,68.8
823031,669160,2026-07-24,"May, Dustin",home,138,St. Louis Cardinals,113,Cincinnati Reds,8,12,89,93.15955056179776,2524.38202247191,0.1348314606741573,0.24515960230245945,4.0,0.08261001370245068,93.14087337965489,68.2
823022,669160,2026-07-29,"May, Dustin",home,138,St. Louis Cardinals,112,Chicago Cubs,3,3,70,91.87714285714286,2534.3142857142857,0.04285714285714286,0.21727871939736346,5.2,0.10503085129182761,93.40732894655989,77.2
823754,669160,2026-08-06,"May, Dustin",home,158,Milwaukee Brewers,134,Pittsburgh Pirates,5,9,97,92.27731958762887,2416.814432989691,0.09278350515463918,0.2422975352112676,5.6,0.09007286809855028,93.0874634003414,84.4
823263,669160,2026-08-12,"May, Dustin",away,158,Milwaukee Brewers,135,San Diego Padres,6,13,83,91.97710843373494,2530.6746987951806,0.1566265060240964,0.2176810306530431,5.2,0.0864073469072559,92.79181620675607,87.6
823748,669160,2026-08-19,"May, Dustin",home,158,Milwaukee Brewers,136,Seattle Mariners,1,2,66,91.99242424242425,2608.242424242424,0.030303030303030304,0.22894122639507744,5.6,0.10582788620731327,92.4955712268364,87.4
825094,669194,2026-04-26,"Nelson, Ryne",home,109,Arizona Diamondbacks,135,San Diego Padres,4,6,93,94.2978494623656,2378.569892473118,0.06451612903225806,0.22153846153846155,4.0,0.1219241577026001,91.73123725539163,74.2
824685,669194,2026-05-02,"Nelson, Ryne",away,109,Arizona Diamondbacks,112,Chicago Cubs,4,7,84,94.75119047619049,2270.7738095238096,0.08333333333333333,0.20500782472613457,4.0,0.11073099796688304,92.07755413581657,76.2
825088,669194,2026-05-08,"Nelson, Ryne",home,109,Arizona Diamondbacks,121,New York Mets,7,5,95,94.15473684210527,2338.0315789473684,0.05263157894736842,0.2090313182811362,4.2,0.1123976646335497,92.93204223105467,77.0
822900,669194,2026-05-13,"Nelson, Ryne",away,109,Arizona Diamondbacks,140,Texas Rangers,8,13,88,91.9715909090909,2367.784090909091,0.14772727272727273,0.23450479233226837,4.6,0.09734258507418617,93.25717564598735,78.8
825086,669194,2026-05-19,"Nelson, Ryne",home,109,Arizona Diamondbacks,137,San Francisco Giants,3,5,88,92.85568181818182,2343.625,0.056818181818181816,0.21481062747314866,4.8,0.10297499614137987,93.22040687128379,78.0
825081,669194,2026-05-24,"Nelson, Ryne",home,109,Arizona Diamondbacks,115,Colorado Rockies,3,7,103,94.04271844660194,2248.6796116504856,0.06796116504854369,0.24283559577677225,5.2,0.08100529917168288,93.60620990158682,89.6
823132,669194,2026-05-30,"Nelson, Ryne",away,109,Arizona Diamondbacks,136,Seattle Mariners,3,8,99,92.9121212121212,2343.090909090909,0.08080808080808081,0.23307587460245344,5.0,0.08169430637493999,93.55518369843409,91.6
825076,669194,2026-06-04,"Nelson, Ryne",home,109,Arizona Diamondbacks,119,Los Angeles Dodgers,3,6,94,93.96808510638297,2260.68085106383,0.06382978723404255,0.20058749475451113,4.8,0.0811892558698895,93.18736984562022,94.6
823856,669194,2026-06-10,"Nelson, Ryne",away,109,Arizona Diamondbacks,146,Miami Marlins,2,6,82,92.00121951219512,2332.0,0.07317073170731707,0.22014331210191082,4.0,0.08342889752722434,93.15003949847576,94.4
825071,669194,2026-06-15,"Nelson, Ryne",home,109,Arizona Diamondbacks,108,Los Angeles Angels,5,10,95,92.99684210526317,2213.536842105263,0.10526315789473684,0.24826831935836674,2.8,0.06851758932323318,93.1559652190966,93.2
823147,669302,2026-04-22,"Gilbert, Logan",home,136,Seattle Mariners,133,Athletics,3,12,89,88.28539325842696,1959.3595505617977,0.1348314606741573,0.24239130434782608,6.4,0.12477179364383266,87.98519841913992,92.2
823716,669302,2026-04-28,"Gilbert, Logan",away,136,Seattle Mariners,142,Minnesota Twins,4,11,93,87.88494623655914,1927.6129032258063,0.11827956989247312,0.2277580071174377,5.6,0.12383110903447807,87.92530032663926,92.8
823143,669302,2026-05-04,"Gilbert, Logan",home,136,Seattle Mariners,144,Atlanta Braves,4,11,89,88.70337078651686,1975.943820224719,0.12359550561797752,0.19571639586410636,5.2,0.12432912827613059,87.80523694237215,92.4
824605,669302,2026-05-10,"Gilbert, Logan",away,136,Seattle Mariners,145,Chicago White Sox,9,12,87,88.8080459770115,1865.5238095238096,0.13793103448275862,0.24266666666666667,5.0,0.12613156273305942,88.30674443300884,91.0
823139,669302,2026-05-16,"Gilbert, Logan",home,136,Seattle Mariners,135,San Diego Padres,5,14,97,87.6082474226804,1760.5360824742268,0.14432989690721648,0.23281733746130032,5.4,0.12312953433549352,88.29776539311703,91.4
824110,669302,2026-05-22,"Gilbert, Logan",away,136,Seattle Mariners,118,Kansas City Royals,6,10,94,88.0968085106383,2031.2978723404256,0.10638297872340426,0.2173219978746015,5.0,0.1317934935149166,88.25800073623898,91.0
825003,669302,2026-05-27,"Gilbert, Logan",away,136,Seattle Mariners,133,Athletics,6,8,91,89.60989010989012,1743.5604395604396,0.08791208791208792,0.22180451127819548,5.6,0.126103797124766,88.22028378668124,92.0
823129,669302,2026-06-02,"Gilbert, Logan",home,136,Seattle Mariners,121,New York Mets,8,19,99,89.22626262626262,1785.030303030303,0.1919191919191919,0.21704035874439462,6.0,0.12003030072868896,88.56527256134744,91.6
824830,669302,2026-06-09,"Gilbert, Logan",away,136,Seattle Mariners,110,Baltimore Orioles,5,15,105,88.92571428571429,1907.2095238095237,0.14285714285714285,0.23508634222919939,6.8,0.13369503798893184,88.66985092929659,93.6
823128,669302,2026-06-16,"Gilbert, Logan",home,136,Seattle Mariners,110,Baltimore Orioles,10,17,94,90.87765957446808,2086.4148936170213,0.18085106382978725,0.23461676862180642,6.0,0.13468025966380867,88.69338459103714,97.2
823123,669302,2026-06-21,"Gilbert, Logan",home,136,Seattle Mariners,111,Boston Red Sox,8,17,94,92.93191489361702,2179.074468085106,0.18085106382978725,0.22122302158273383,7.0,0.14198449304832284,89.34726702139469,96.6
824421,669302,2026-06-27,"Gilbert, Logan",away,136,Seattle Mariners,114,Cleveland Guardians,7,13,103,92.15145631067962,2028.3009708737864,0.1262135922330097,0.218128464297359,7.4,0.15687811006959942,90.31428829799043,96.6
823118,669302,2026-07-04,"Gilbert, Logan",home,136,Seattle Mariners,141,Toronto Blue Jays,7,15,91,92.86263736263736,2114.032967032967,0.16483516483516483,0.19884287454323996,7.6,0.1645384109337838,90.82260153814832,99.0
822953,669302,2026-07-11,"Gilbert, Logan",away,136,Seattle Mariners,139,Tampa Bay Rays,5,13,96,90.23229166666665,2042.9895833333333,0.13541666666666666,0.18866304036644718,7.4,0.15912160551697838,91.54987648542327,97.4
823113,669302,2026-07-19,"Gilbert, Logan",home,136,Seattle Mariners,137,San Francisco Giants,10,18,95,90.8221052631579,1902.821052631579,0.18947368421052632,0.20727075420510038,7.4,0.15763351027888314,91.81119196161376,95.6
822870,669302,2026-07-26,"Gilbert, Logan",away,136,Seattle Mariners,140,Texas Rangers,4,10,93,90.43763440860216,1890.0430107526881,0.10752688172043011,0.22225063938618925,7.4,0.15935803435503096,91.80008109935171,95.8
823109,669302,2026-08-01,"Gilbert, Logan",home,136,Seattle Mariners,142,Minnesota Twins,6,15,96,89.93124999999999,1992.9479166666667,0.15625,0.2142517814726841,6.6,0.14469319793315955,91.30122500234873,95.6
823103,669302,2026-08-07,"Gilbert, Logan",home,136,Seattle Mariners,139,Tampa Bay Rays,6,12,95,91.51473684210526,2114.0526315789475,0.12631578947368421,0.1903765690376569,6.4,0.15070047948655757,90.8571837402128,94.2
823508,669302,2026-08-13,"Gilbert, Logan",away,136,Seattle Mariners,147,New York Yankees,7,15,95,89.51578947368421,1666.4947368421053,0.15789473684210525,0.24433081369497556,6.2,0.14299660441426149,90.5876036361064,95.0
823748,669302,2026-08-19,"Gilbert, Logan",away,136,Seattle Mariners,158,Milwaukee Brewers,5,7,100,90.45100000000001,1979.85,0.07,0.21524663677130046,6.6,0.14749221844934918,90.44430319750991,94.8
824849,669358,2026-04-28,"Baz, Shane",home,110,Baltimore Orioles,117,Houston Astros,6,7,98,90.51122448979592,2426.826530612245,0.07142857142857142,0.19522968197879859,4.6,0.10082140082140083,91.26529565672422,94.4
823552,669358,2026-05-04,"Baz, Shane",away,110,Baltimore Orioles,147,New York Yankees,4,8,96,90.15416666666665,2453.1770833333335,0.08333333333333333,0.22976098689282962,5.0,0.08946608946608947,91.07292517006803,98.4
824847,669358,2026-05-09,"Baz, Shane",home,110,Baltimore Orioles,133,Athletics,5,8,100,91.251,2381.27,0.08,0.22539035980991173,4.8,0.08572459286745002,90.89253401360544,98.0
822739,669358,2026-05-15,"Baz, Shane",away,110,Baltimore Orioles,120,Washington Nationals,4,5,108,90.63611111111112,2441.2685185185187,0.046296296296296294,0.2202797202797203,5.0,0.08556297670583385,90.84172391259534,98.2
822977,669358,2026-05-20,"Baz, Shane",away,110,Baltimore Orioles,139,Tampa Bay Rays,6,6,94,89.88085106382978,2396.255319148936,0.06382978723404255,0.18594355285002767,4.6,0.07866061980347694,90.83662290249433,100.0
824837,669358,2026-05-26,"Baz, Shane",home,110,Baltimore Orioles,139,Tampa Bay Rays,9,10,99,90.26666666666667,2433.2727272727275,0.10101010101010101,0.18537328593194516,5.0,0.06897759765844871,90.48667066628069,99.2
824754,669358,2026-06-02,"Baz, Shane",away,110,Baltimore Orioles,111,Boston Red Sox,6,11,94,89.86276595744681,2456.255319148936,0.11702127659574468,0.22005444646098005,5.6,0.07489390357475463,90.43775910165485,99.4
822807,669358,2026-06-07,"Baz, Shane",away,110,Baltimore Orioles,141,Toronto Blue Jays,3,8,81,89.89382716049383,2373.5308641975307,0.09876543209876543,0.1915330867242088,6.0,0.08163149222723691,90.37947895981088,99.0
824826,669358,2026-06-12,"Baz, Shane",home,110,Baltimore Orioles,135,San Diego Padres,1,12,103,90.85728155339805,2388.1747572815534,0.11650485436893204,0.23209169054441262,5.6,0.08538457864698998,90.10804439190964,95.2
823125,669358,2026-06-18,"Baz, Shane",away,110,Baltimore Orioles,136,Seattle Mariners,9,13,99,89.91414141414141,2428.6363636363635,0.13131313131313133,0.22437477985206059,5.0,0.09942629026151714,90.15227848036702,94.2
824017,669358,2026-06-23,"Baz, Shane",away,110,Baltimore Orioles,108,Los Angeles Angels,5,8,91,90.95604395604396,2437.8241758241757,0.08791208791208792,0.2482781239750738,5.6,0.11292295907733489,90.15893655042935,95.2
824822,669358,2026-06-29,"Baz, Shane",home,110,Baltimore Orioles,145,Chicago White Sox,6,10,109,90.90275229357798,2420.587155963303,0.09174311926605505,0.23846153846153847,4.8,0.11030335645773229,90.29681200830481,93.6
824820,669358,2026-07-07,"Baz, Shane",home,110,Baltimore Orioles,112,Chicago Cubs,3,6,100,90.02600000000001,2363.94,0.06,0.21392476137001684,4.8,0.10524772499179436,90.50480927553104,96.6
824814,669358,2026-07-12,"Baz, Shane",home,110,Baltimore Orioles,118,Kansas City Royals,9,17,104,90.91442307692309,2310.8076923076924,0.16346153846153846,0.21267217630853993,4.8,0.09749463857204127,90.53124384343228,100.4
824736,669358,2026-07-20,"Baz, Shane",away,110,Baltimore Orioles,111,Boston Red Sox,6,7,77,91.46103896103897,2381.4415584415583,0.09090909090909091,0.21734417344173443,6.4,0.10688597539056258,90.54267214813729,100.6
824810,669358,2026-07-26,"Baz, Shane",home,110,Baltimore Orioles,144,Atlanta Braves,2,10,90,89.8411111111111,2370.4222222222224,0.1111111111111111,0.21394169835234475,5.8,0.09880516730975446,90.8520516575168,96.2
824808,669358,2026-08-01,"Baz, Shane",home,110,Baltimore Orioles,143,Philadelphia Phillies,4,8,99,92.05252525252526,2367.090909090909,0.08080808080808081,0.23708576998050682,5.2,0.10344497194955911,90.62906508853023,96.0
822863,669358,2026-08-07,"Baz, Shane",away,110,Baltimore Orioles,140,Texas Rangers,9,12,93,91.33440860215055,2332.7526881720432,0.12903225806451613,0.22691415313225058,4.8,0.10125796425796427,90.85901968031969,94.0
823672,669358,2026-08-12,"Baz, Shane",away,110,Baltimore Orioles,142,Minnesota Twins,2,7,65,89.42153846153846,2352.6153846153848,0.1076923076923077,0.21296497715901674,6.0,0.11506441587086749,91.1207014007498,92.6
824803,669358,2026-08-18,"Baz, Shane",home,110,Baltimore Orioles,147,New York Yankees,10,16,104,91.72115384615384,2400.4903846153848,0.15384615384615385,0.24498165335635658,4.6,0.10391056971702133,90.82212447767287,84.8
823467,669372,2026-05-07,"Ginn, J.T.",away,133,Athletics,143,Philadelphia Phillies,8,10,96,91.17812500000001,1996.1458333333333,0.10416666666666667,0.2105638829407566,3.8,0.11135797280298558,91.24869736614622,74.4
825010,669372,2026-05-13,"Ginn, J.T.",home,133,Athletics,138,St. Louis Cardinals,3,5,95,91.43052631578946,2045.421052631579,0.05263157894736842,0.21868916288124596,4.6,0.1116030708422013,91.1672635426168,80.0
824035,669372,2026-05-18,"Ginn, J.T.",away,133,Athletics,108,Los Angeles Angels,10,14,105,92.00380952380952,2069.3333333333335,0.13333333333333333,0.2591343451377178,4.6,0.10161656611885446,91.31747136987725,83.4
823300,669372,2026-05-23,"Ginn, J.T.",away,133,Athletics,135,San Diego Padres,4,9,73,91.54383561643836,2028.1780821917807,0.1232876712328767,0.22971491228070176,5.4,0.10437018930726025,91.38540718768265,86.0
825000,669372,2026-05-30,"Ginn, J.T.",home,133,Athletics,147,New York Yankees,4,12,80,90.79875,1941.8,0.15,0.22842639593908629,5.8,0.09859294094513994,91.28330474575293,91.4
824672,669372,2026-06-04,"Ginn, J.T.",away,133,Athletics,112,Chicago Cubs,8,17,88,90.5965909090909,1958.5,0.19318181818181818,0.21132540008206813,5.8,0.11268385003604901,91.39100929120748,89.8
824999,669372,2026-06-09,"Ginn, J.T.",home,133,Athletics,158,Milwaukee Brewers,5,13,97,89.61134020618556,1945.9381443298969,0.13402061855670103,0.20492454328832407,5.8,0.13048688033907935,91.27470247302566,88.2
824993,669372,2026-06-15,"Ginn, J.T.",home,133,Athletics,134,Pittsburgh Pirates,3,11,98,88.84795918367347,1953.7448979591836,0.11224489795918367,0.23716814159292035,6.2,0.14676468826094585,90.91086525110487,88.6
824988,669372,2026-06-20,"Ginn, J.T.",home,133,Athletics,108,Los Angeles Angels,5,8,98,90.23775510204081,2061.1938775510203,0.08163265306122448,0.24829467939972716,4.8,0.1425470011861159,90.27969518307766,87.2
824014,669372,2026-06-26,"Ginn, J.T.",away,133,Athletics,108,Los Angeles Angels,5,10,89,89.52022471910112,2024.1460674157304,0.11235955056179775,0.24992010226909556,5.0,0.13421599755178548,90.01847908019815,92.2
824985,669372,2026-07-01,"Ginn, J.T.",home,133,Athletics,119,Los Angeles Dodgers,4,10,104,90.11153846153846,1928.2788461538462,0.09615384615384616,0.20311563810665068,5.2,0.12668790766414503,89.76277402401837,94.0
824254,669372,2026-07-07,"Ginn, J.T.",away,133,Athletics,116,Detroit Tigers,4,5,61,88.32459016393443,1848.344262295082,0.08196721311475409,0.2294887039239001,4.4,0.10728231325855062,89.66576353450787,97.2
824574,669372,2026-07-12,"Ginn, J.T.",away,133,Athletics,145,Chicago White Sox,7,18,87,89.05172413793103,1875.8505747126437,0.20689655172413793,0.23661340061676478,4.2,0.09687163217016123,89.40841352605766,90.0
824979,669372,2026-07-18,"Ginn, J.T.",home,133,Athletics,120,Washington Nationals,7,9,82,90.02926829268293,1858.7560975609756,0.10975609756097561,0.21351564554299238,5.0,0.11580196292315208,89.44916651690917,87.8
824484,669372,2026-08-04,"Ginn, J.T.",away,133,Athletics,113,Cincinnati Reds,5,10,91,90.63296703296703,1964.4175824175825,0.10989010989010989,0.2516067602951678,5.4,0.1214266518231023,89.4074691550376,84.6
824724,669372,2026-08-09,"Ginn, J.T.",away,133,Athletics,111,Boston Red Sox,2,10,95,90.25473684210527,1860.8736842105263,0.10526315789473684,0.21764839663406868,5.4,0.12093276368876474,89.63001761781076,85.0
824966,669372,2026-08-15,"Ginn, J.T.",home,133,Athletics,140,Texas Rangers,7,10,94,90.62340425531916,1911.8829787234042,0.10638297872340426,0.22710463345660215,5.0,0.12275462603694287,89.65865729392415,83.2
824152,669372,2026-08-21,"Ginn, J.T.",away,133,Athletics,117,Houston Astros,3,9,94,90.86382978723405,1982.563829787234,0.09574468085106383,0.21471254893880073,5.6,0.12763777915867291,90.1184201122011,89.8
824288,669373,2026-04-23,"Skubal, Tarik",home,116,Detroit Tigers,158,Milwaukee Brewers,5,11,94,93.12234042553192,2147.6702127659573,0.11702127659574468,0.2121546961325967,6.6,0.13997570902842726,92.46031353563691,88.2
824930,669373,2026-04-29,"Skubal, Tarik",away,116,Detroit Tigers,144,Atlanta Braves,7,13,91,92.22747252747253,2179.043956043956,0.14285714285714285,0.192573402417962,6.4,0.1363529373205492,92.50532216128384,92.2
824426,669373,2026-06-13,"Skubal, Tarik",away,116,Detroit Tigers,114,Cleveland Guardians,4,9,80,93.14874999999999,2209.8375,0.1125,0.20689655172413793,7.2,0.1511312624437019,92.40736839091628,93.0
824264,669373,2026-06-19,"Skubal, Tarik",home,116,Detroit Tigers,145,Chicago White Sox,8,13,94,93.0031914893617,2195.436170212766,0.13829787234042554,0.23974082073434125,6.6,0.13784178875949138,92.51964470670576,90.0
824259,669373,2026-06-24,"Skubal, Tarik",home,116,Detroit Tigers,147,New York Yankees,9,20,85,92.65176470588234,2144.764705882353,0.23529411764705882,0.22939791456441305,6.8,0.1425846965609098,92.58799133791142,89.6
823528,669373,2026-06-30,"Skubal, Tarik",away,116,Detroit Tigers,147,New York Yankees,9,13,87,92.56091954022989,2207.390804597701,0.14942528735632185,0.23394206549118388,6.6,0.14919408188807437,92.8307038296497,88.8
824254,669373,2026-07-07,"Skubal, Tarik",home,116,Detroit Tigers,133,Athletics,9,19,96,92.58333333333333,2214.65625,0.19791666666666666,0.22461892436008052,7.4,0.15567488404018984,92.71841965258929,87.4
824250,669373,2026-07-12,"Skubal, Tarik",home,116,Detroit Tigers,143,Philadelphia Phillies,5,20,93,93.49139784946237,2162.6559139784945,0.21505376344086022,0.23350960200389648,7.8,0.1666867888020946,92.78959181376145,88.4
824008,669373,2026-07-18,"Skubal, Tarik",away,116,Detroit Tigers,108,Los Angeles Angels,9,19,87,92.15287356321839,2102.1609195402298,0.21839080459770116,0.25101105419250475,8.0,0.18719754149026663,92.85812138365392,91.0
824248,669373,2026-07-24,"Skubal, Tarik",home,116,Detroit Tigers,118,Kansas City Royals,12,25,91,91.9846153846154,2170.3406593406594,0.27472527472527475,0.21225216065073715,8.2,0.20321612794172178,92.68805779842526,89.6
824242,669373,2026-07-29,"Skubal, Tarik",home,116,Detroit Tigers,110,Baltimore Orioles,6,9,92,91.11847826086957,2139.913043478261,0.09782608695652174,0.24087591240875914,8.8,0.21110235935736493,92.55462793417186,90.8
824645,669373,2026-08-04,"Skubal, Tarik",away,119,Los Angeles Dodgers,112,Chicago Cubs,6,13,85,93.61529411764707,2148.752941176471,0.15294117647058825,0.21762469246253635,8.2,0.20078251927740492,92.26613967829982,91.8
823918,669373,2026-08-10,"Skubal, Tarik",home,119,Los Angeles Dodgers,118,Kansas City Royals,6,13,95,92.41684210526316,2141.1894736842105,0.1368421052631579,0.20868786386027766,7.6,0.1917874212381892,92.47253183516257,89.6
823912,669373,2026-08-16,"Skubal, Tarik",home,119,Los Angeles Dodgers,158,Milwaukee Brewers,7,17,109,92.54220183486238,2164.8256880733943,0.1559633027522936,0.21575556017459988,7.8,0.17614508960264874,92.25762068632272,90.0
823910,669373,2026-08-22,"Skubal, Tarik",home,119,Los Angeles Dodgers,134,Pittsburgh Pirates,11,17,106,93.02547169811321,2299.7830188679245,0.16037735849056603,0.24131121642969985,7.4,0.16365958923356724,92.33548634065151,94.4
823388,669387,2026-05-02,"Mlodzinski, Carmen",home,134,Pittsburgh Pirates,113,Cincinnati Reds,10,13,101,89.62673267326731,1929.7029702970297,0.12871287128712872,0.24378109452736318,5.0,0.07715544043184777,89.41517841497412,84.8
823225,669387,2026-05-08,"Mlodzinski, Carmen",away,134,Pittsburgh Pirates,137,San Francisco Giants,1,3,74,91.34729729729729,2030.9864864864865,0.04054054054054054,0.22046651617757712,5.4,0.0840744852775088,89.31252494962757,88.0
823057,669387,2026-05-20,"Mlodzinski, Carmen",away,134,Pittsburgh Pirates,138,St. Louis Cardinals,1,4,95,90.36526315789474,2070.778947368421,0.042105263157894736,0.21037789058093626,4.6,0.07789687909990264,89.6136510757537,86.0
823380,669387,2026-05-25,"Mlodzinski, Carmen",home,134,Pittsburgh Pirates,112,Chicago Cubs,2,9,86,90.87790697674419,2149.0697674418607,0.10465116279069768,0.2105009633911368,4.4,0.07891052432407417,89.93979012708573,88.8
823349,669387,2026-08-07,"Mlodzinski, Carmen",home,134,Pittsburgh Pirates,121,New York Mets,1,3,63,91.09047619047618,2227.4603174603176,0.047619047619047616,0.22641941391941392,3.6,0.08048591817253628,90.13257582350984,87.4
823833,669387,2026-08-12,"Mlodzinski, Carmen",away,134,Pittsburgh Pirates,146,Miami Marlins,1,2,59,89.56949152542373,2224.0,0.03389830508474576,0.21556489055936326,3.0,0.07272577707906186,90.66153525913595,83.8
823343,669387,2026-08-17,"Mlodzinski, Carmen",home,134,Pittsburgh Pirates,116,Detroit Tigers,3,7,59,90.4,2251.9322033898306,0.11864406779661017,0.22506393861892582,1.2,0.05376286383858527,90.65008702956723,75.4
824851,669432,2026-04-25,"Rogers, Trevor",home,110,Baltimore Orioles,111,Boston Red Sox,2,8,62,89.41774193548386,2111.6129032258063,0.12903225806451613,0.22933884297520662,5.0,0.11943560637151049,87.9460018436488,94.8
824843,669432,2026-05-12,"Rogers, Trevor",home,110,Baltimore Orioles,147,New York Yankees,3,11,73,90.02328767123288,2181.1917808219177,0.1506849315068493,0.23366834170854273,4.4,0.12251478525714096,88.15341386710921,89.6
822980,669432,2026-05-18,"Rogers, Trevor",away,110,Baltimore Orioles,139,Tampa Bay Rays,3,4,88,91.20795454545454,2118.9545454545455,0.045454545454545456,0.18677494199535963,4.4,0.13287155177829107,88.54554392882831,86.0
824840,669432,2026-05-24,"Rogers, Trevor",home,110,Baltimore Orioles,116,Detroit Tigers,2,4,90,90.10222222222222,2218.211111111111,0.044444444444444446,0.23225469728601253,3.8,0.1162198866117744,89.17347147158259,83.4
824835,669432,2026-05-29,"Rogers, Trevor",home,110,Baltimore Orioles,141,Toronto Blue Jays,3,8,84,88.47619047619048,2155.3214285714284,0.09523809523809523,0.19322990126939352,3.0,0.09076534115722897,89.46118864329976,81.6
824753,669432,2026-06-04,"Rogers, Trevor",away,110,Baltimore Orioles,111,Boston Red Sox,3,9,87,89.78850574712644,2222.264367816092,0.10344827586206896,0.2198332602018429,2.6,0.0929708549416901,89.8454793701168,79.4
824830,669432,2026-06-09,"Rogers, Trevor",home,110,Baltimore Orioles,136,Seattle Mariners,3,7,97,88.24948453608248,2241.0103092783506,0.07216494845360824,0.22907662082514735,2.8,0.08785405850120068,89.91963213244532,84.4
824823,669432,2026-06-14,"Rogers, Trevor",home,110,Baltimore Orioles,135,San Diego Padres,4,11,82,88.60975609756098,2216.2804878048782,0.13414634146341464,0.23019017432646594,2.8,0.07215006189055247,89.56487150541524,89.2
823937,669432,2026-06-20,"Rogers, Trevor",away,110,Baltimore Orioles,119,Los Angeles Dodgers,6,11,96,90.61666666666667,2247.3645833333335,0.11458333333333333,0.20484807101399796,3.0,0.0898884210923263,89.04523181583652,88.0
824824,669432,2026-06-26,"Rogers, Trevor",home,110,Baltimore Orioles,120,Washington Nationals,7,13,87,90.3632183908046,2250.4827586206898,0.14942528735632185,0.21455696202531646,3.8,0.10391619887010409,89.14812070472541,89.2
824498,669432,2026-07-03,"Rogers, Trevor",away,110,Baltimore Orioles,113,Cincinnati Reds,4,9,93,90.11612903225806,2322.8602150537636,0.0967741935483871,0.24954128440366974,4.6,0.11475363729374939,89.52552628764825,89.8
824816,669432,2026-07-09,"Rogers, Trevor",home,110,Baltimore Orioles,112,Chicago Cubs,4,8,89,89.01460674157303,2173.820224719101,0.0898876404494382,0.2123043120021972,4.8,0.11341882083101303,89.59105094467455,91.0
824169,669432,2026-07-18,"Rogers, Trevor",away,110,Baltimore Orioles,117,Houston Astros,8,12,99,89.03333333333333,2274.020202020202,0.12121212121212122,0.21501068376068377,5.0,0.11696335923017902,89.74407538577267,89.4
824812,669432,2026-07-24,"Rogers, Trevor",home,110,Baltimore Orioles,144,Atlanta Braves,6,18,88,88.59318181818182,2184.9772727272725,0.20454545454545456,0.21271646420263635,5.8,0.11437651517992034,89.82879083292714,92.8
824242,669432,2026-07-29,"Rogers, Trevor",away,110,Baltimore Orioles,116,Detroit Tigers,6,12,94,87.70106382978723,2132.531914893617,0.1276595744680851,0.22954883490332176,5.8,0.13236893942234457,89.42409386323018,91.2
824806,669432,2026-08-05,"Rogers, Trevor",home,110,Baltimore Orioles,108,Los Angeles Angels,9,11,93,90.62795698924731,2312.6774193548385,0.11827956989247312,0.2521166509877705,5.6,0.12801579684469724,88.8916629510267,92.6
823675,669432,2026-08-10,"Rogers, Trevor",away,110,Baltimore Orioles,142,Minnesota Twins,4,5,79,88.9518987341772,2295.746835443038,0.06329113924050633,0.21328903654485049,6.6,0.13231687211351445,88.99402854242456,92.6
822940,669432,2026-08-16,"Rogers, Trevor",away,110,Baltimore Orioles,139,Tampa Bay Rays,6,12,98,90.5295918367347,2254.5510204081634,0.12244897959183673,0.1865832614322692,6.6,0.12699757187172805,88.98148694094537,90.6
824800,669432,2026-08-21,"Rogers, Trevor",home,110,Baltimore Orioles,139,Tampa Bay Rays,6,12,103,90.03203883495145,2220.1941747572814,0.11650485436893204,0.18659194686591946,6.2,0.12724494354767116,89.28073864162566,90.4
822785,669456,2026-07-23,"Bieber, Shane",home,141,Toronto Blue Jays,139,Tampa Bay Rays,3,6,86,89.1453488372093,2181.3255813953488,0.06976744186046512,0.18863991662324128,3.8,0.10348901753802817,88.18535917846417,86.6
822703,669456,2026-07-28,"Bieber, Shane",away,141,Toronto Blue Jays,120,Washington Nationals,0,0,42,87.93095238095238,2121.904761904762,0.0,0.21371841155234658,4.0,0.10410917257678784,88.43896227923936,88.8
824160,669456,2026-08-03,"Bieber, Shane",away,141,Toronto Blue Jays,117,Houston Astros,6,7,87,87.5551724137931,2364.609195402299,0.08045977011494253,0.21553127179725645,3.2,0.08454395518548351,88.38123971195158,78.8
823425,669456,2026-08-09,"Bieber, Shane",away,141,Toronto Blue Jays,143,Philadelphia Phillies,4,9,97,88.8659793814433,2198.082474226804,0.09278350515463918,0.23066392881587952,3.8,0.07816399909611246,88.19811689133942,78.4
822777,669456,2026-08-14,"Bieber, Shane",home,141,Toronto Blue Jays,147,New York Yankees,5,5,84,89.12738095238095,2220.9523809523807,0.05952380952380952,0.2447583314941514,3.8,0.07610214342600936,88.28224060267962,78.4
822934,669456,2026-08-20,"Bieber, Shane",away,141,Toronto Blue Jays,139,Tampa Bay Rays,7,12,101,88.94059405940594,2267.6732673267325,0.1188118811881188,0.18620689655172415,3.6,0.060506905330771264,88.52496679315581,79.2
823070,669461,2026-04-25,"Liberatore, Matthew",home,138,St. Louis Cardinals,136,Seattle Mariners,3,6,64,89.3046875,2221.6875,0.09375,0.24070450097847357,3.2,0.07700703549394736,89.35881871883396,86.6
823066,669461,2026-05-01,"Liberatore, Matthew",home,138,St. Louis Cardinals,119,Los Angeles Dodgers,4,7,96,89.346875,2270.9375,0.07291666666666667,0.20784641068447413,3.4,0.08550062523753713,89.43693570601344,83.8
823306,669461,2026-05-07,"Liberatore, Matthew",away,138,St. Louis Cardinals,135,San Diego Padres,6,9,81,89.0679012345679,2276.3456790123455,0.1111111111111111,0.2171641791044776,3.8,0.08955764278139676,89.58841596917134,87.8
825010,669461,2026-05-13,"Liberatore, Matthew",away,138,St. Louis Cardinals,133,Athletics,5,13,89,89.01348314606741,2380.483146067416,0.14606741573033707,0.22635561160151324,3.8,0.0878668215253581,89.49438752043275,85.6
823059,669461,2026-05-19,"Liberatore, Matthew",home,138,St. Louis Cardinals,134,Pittsburgh Pirates,9,13,77,88.94025974025973,2480.883116883117,0.16883116883116883,0.23284710967044842,4.4,0.10184220943333029,89.17536986393195,82.4
823784,669461,2026-05-25,"Liberatore, Matthew",away,138,St. Louis Cardinals,158,Milwaukee Brewers,10,16,101,89.36336633663367,2419.6237623762377,0.15841584158415842,0.20257731958762887,5.4,0.11853527246785674,89.134641324179,81.4
823053,669461,2026-05-31,"Liberatore, Matthew",home,138,St. Louis Cardinals,112,Chicago Cubs,4,5,85,88.95176470588235,2520.0,0.058823529411764705,0.2111587982832618,6.8,0.13146844078468842,89.14637709150574,88.8
823048,669461,2026-06-06,"Liberatore, Matthew",home,138,St. Louis Cardinals,113,Cincinnati Reds,4,8,84,88.96785714285714,2347.464285714286,0.09523809523809523,0.24534686971235195,6.8,0.128649813333708,89.06735503268223,86.6
823694,669461,2026-06-13,"Liberatore, Matthew",away,138,St. Louis Cardinals,142,Minnesota Twins,4,7,70,89.20714285714286,2325.157142857143,0.1,0.22478600669892074,6.4,0.12547521015910484,89.04734621434007,87.2
824098,669461,2026-06-18,"Liberatore, Matthew",away,138,St. Louis Cardinals,118,Kansas City Royals,2,4,48,89.24583333333334,2450.2708333333335,0.08333333333333333,0.21061884669479605,6.2,0.11626172701303743,89.08607815655515,83.4
823041,669461,2026-06-24,"Liberatore, Matthew",home,138,St. Louis Cardinals,109,Arizona Diamondbacks,3,5,98,89.14489795918368,2462.918367346939,0.05102040816326531,0.1955193482688391,4.8,0.09916215991347034,89.14719287516986,77.6
824907,669461,2026-06-30,"Liberatore, Matthew",away,138,St. Louis Cardinals,144,Atlanta Braves,9,14,98,88.03571428571429,2487.408163265306,0.14285714285714285,0.2103046014257939,3.4,0.07768307322929172,89.10349919967987,77.0
824656,669461,2026-07-05,"Liberatore, Matthew",away,138,St. Louis Cardinals,112,Chicago Cubs,3,6,78,88.33589743589744,2451.628205128205,0.07692307692307693,0.21418439716312057,4.4,0.09448979591836734,88.92028911564626,79.6
823030,669461,2026-07-11,"Liberatore, Matthew",home,138,St. Louis Cardinals,144,Atlanta Braves,6,9,71,88.44929577464788,2507.6478873239435,0.1267605633802817,0.21274175199089876,4.2,0.09082679225536369,88.79389717425431,78.4
824005,669461,2026-07-21,"Liberatore, Matthew",away,138,St. Louis Cardinals,108,Los Angeles Angels,7,13,95,88.66315789473684,2368.8315789473686,0.1368421052631579,0.2510482180293501,4.6,0.09617890493142002,88.64232775775534,78.6
823025,669461,2026-07-27,"Liberatore, Matthew",home,138,St. Louis Cardinals,112,Chicago Cubs,5,8,67,88.92686567164179,2467.1194029850744,0.11940298507462686,0.21735994229382063,5.6,0.10688065931738493,88.52579267003603,88.0
822783,669461,2026-08-02,"Liberatore, Matthew",away,138,St. Louis Cardinals,141,Toronto Blue Jays,7,8,85,88.5870588235294,2421.258823529412,0.09411764705882353,0.1928207615813728,6.0,0.12055717469965725,88.48218621252765,81.8
823021,669461,2026-08-08,"Liberatore, Matthew",home,138,St. Louis Cardinals,115,Colorado Rockies,3,7,94,88.42978723404255,2301.8829787234044,0.07446808510638298,0.22786811201445348,5.6,0.11080927553999338,88.59245512009068,79.2
824643,669461,2026-08-14,"Liberatore, Matthew",away,138,St. Louis Cardinals,112,Chicago Cubs,6,14,95,86.27894736842106,2575.9052631578948,0.14736842105263157,0.21771523178807947,5.6,0.11031827717665459,88.6112330797197,82.4
824476,669461,2026-08-19,"Liberatore, Matthew",away,138,St. Louis Cardinals,113,Cincinnati Reds,9,8,100,88.958,2381.14,0.08,0.2540792540792541,5.6,0.11443984871112459,88.17716339847433,87.2
823392,669467,2026-04-29,"Pallante, Andre",away,138,St. Louis Cardinals,134,Pittsburgh Pirates,6,12,91,88.99120879120879,2230.747252747253,0.13186813186813187,0.24533106960950765,4.0,0.09828933619314745,89.04369741883444,89.6
823063,669467,2026-05-06,"Pallante, Andre",home,138,St. Louis Cardinals,158,Milwaukee Brewers,3,3,104,89.38653846153846,2340.653846153846,0.028846153846153848,0.20195195195195195,4.6,0.1019356898395011,88.80330281343984,90.2
825011,669467,2026-05-12,"Pallante, Andre",away,138,St. Louis Cardinals,133,Athletics,4,11,85,89.61882352941177,2334.6235294117646,0.12941176470588237,0.2270967741935484,4.8,0.0963412842450955,88.9367468693839,93.4
823058,669467,2026-05-17,"Pallante, Andre",home,138,St. Louis Cardinals,118,Kansas City Royals,7,10,99,89.52929292929292,2362.040404040404,0.10101010101010101,0.2120689655172414,5.2,0.10538153192311409,89.09861683842414,91.4
824518,669467,2026-05-23,"Pallante, Andre",away,138,St. Louis Cardinals,113,Cincinnati Reds,3,8,93,89.83978494623656,2321.043010752688,0.08602150537634409,0.23792016806722688,5.6,0.10489389695272049,89.19206163117927,93.8
823055,669467,2026-05-29,"Pallante, Andre",home,138,St. Louis Cardinals,112,Chicago Cubs,3,5,75,90.97466666666668,2329.693333333333,0.06666666666666667,0.21266161390994204,4.6,0.09543153136132264,89.47312973153771,94.4
823051,669467,2026-06-03,"Pallante, Andre",home,138,St. Louis Cardinals,140,Texas Rangers,5,6,85,90.7835294117647,2316.576470588235,0.07058823529411765,0.23006134969325154,4.0,0.0823912383210296,89.86982130662928,91.2
823618,669467,2026-06-10,"Pallante, Andre",away,138,St. Louis Cardinals,121,New York Mets,5,8,93,89.49139784946237,2251.05376344086,0.08602150537634409,0.21991024071807425,4.4,0.09073965461062236,90.14921949667453,87.4
823045,669467,2026-06-16,"Pallante, Andre",home,138,St. Louis Cardinals,135,San Diego Padres,6,6,92,89.66956521739131,2398.695652173913,0.06521739130434782,0.23041296796603628,4.6,0.0820616027447147,90.12373436068465,89.0
823040,669467,2026-06-22,"Pallante, Andre",home,138,St. Louis Cardinals,109,Arizona Diamondbacks,2,6,85,90.63529411764706,2313.764705882353,0.07058823529411765,0.19811977715877438,4.4,0.07490306080356407,90.15178881830433,87.6
823038,669467,2026-06-27,"Pallante, Andre",home,138,St. Louis Cardinals,146,Miami Marlins,4,9,98,90.2173469387755,2366.887755102041,0.09183673469387756,0.21994134897360704,4.2,0.07181640678711877,90.31089065258644,86.0
824659,669467,2026-07-03,"Pallante, Andre",away,138,St. Louis Cardinals,112,Chicago Cubs,2,4,102,91.10490196078432,2215.3039215686276,0.0392156862745098,0.21337579617834396,4.4,0.07685042039256096,90.15942670700818,90.6
823034,669467,2026-07-09,"Pallante, Andre",home,138,St. Louis Cardinals,158,Milwaukee Brewers,2,7,97,89.78969072164949,2281.185567010309,0.07216494845360824,0.20890125173852572,3.8,0.07057591058863939,90.22370121681212,94.0
825057,669467,2026-07-19,"Pallante, Andre",away,138,St. Louis Cardinals,109,Arizona Diamondbacks,3,6,88,90.2715909090909,2321.443181818182,0.06818181818181818,0.1963894967177243,3.2,0.06780459920409221,90.28335979124954,94.8
823027,669467,2026-07-25,"Pallante, Andre",home,138,St. Louis Cardinals,113,Cincinnati Reds,8,14,90,89.28333333333333,2123.711111111111,0.15555555555555556,0.2454051255500906,2.6,0.06839748457958628,90.40376492958946,94.0
823023,669467,2026-07-30,"Pallante, Andre",home,138,St. Louis Cardinals,112,Chicago Cubs,3,11,90,90.37444444444444,2300.633333333333,0.12222222222222222,0.21716818287846978,3.8,0.08539094863187387,90.13337277272672,95.0
823516,669467,2026-08-05,"Pallante, Andre",away,138,St. Louis Cardinals,147,New York Yankees,4,11,103,91.37864077669903,2153.5339805825242,0.10679611650485436,0.2425661437602435,3.6,0.09146804613754281,90.1647922738605,93.4
823019,669467,2026-08-11,"Pallante, Andre",home,138,St. Louis Cardinals,143,Philadelphia Phillies,2,4,97,90.74639175257731,2197.082474226804,0.041237113402061855,0.2300133988387673,4.0,0.10498413218361172,90.21954003704343,93.6
824478,669467,2026-08-17,"Pallante, Andre",away,138,St. Louis Cardinals,113,Cincinnati Reds,5,10,88,89.74318181818181,2242.3636363636365,0.11363636363636363,0.25249025552187093,4.0,0.09879856517330245,90.410880243229,93.6
823069,669923,2026-04-24,"Kirby, George",away,136,Seattle Mariners,138,St. Louis Cardinals,2,11,81,93.10740740740741,2417.037037037037,0.13580246913580246,0.22334455667789002,5.4,0.09167759051186017,92.18960559244127,92.8
823717,669923,2026-04-29,"Kirby, George",away,136,Seattle Mariners,142,Minnesota Twins,5,11,97,90.18144329896907,2224.381443298969,0.1134020618556701,0.22652885443583118,4.6,0.1010603065612429,92.4544204072561,91.0
823142,669923,2026-05-05,"Kirby, George",home,136,Seattle Mariners,144,Atlanta Braves,5,6,88,90.72386363636363,2290.284090909091,0.06818181818181818,0.19626168224299065,4.4,0.11025757286496118,91.91700120188136,92.6
824199,669923,2026-05-11,"Kirby, George",away,136,Seattle Mariners,117,Houston Astros,7,11,99,92.51212121212122,2350.8888888888887,0.1111111111111111,0.20278833967046894,4.6,0.11278282539021371,91.57044059582076,92.2
823138,669923,2026-05-17,"Kirby, George",home,136,Seattle Mariners,135,San Diego Padres,6,13,98,93.68673469387754,2329.3571428571427,0.1326530612244898,0.2313749242883101,4.8,0.11278282539021371,91.7989254443056,92.2
824109,669923,2026-05-23,"Kirby, George",away,136,Seattle Mariners,118,Kansas City Royals,3,9,92,90.5695652173913,2405.532608695652,0.09782608695652174,0.218798955613577,5.0,0.11223010430177834,92.04231404974777,92.6
823135,669923,2026-05-29,"Kirby, George",home,136,Seattle Mariners,109,Arizona Diamondbacks,4,8,87,93.00344827586207,2342.67816091954,0.09195402298850575,0.203125,5.2,0.1046348278659222,91.53474561174455,94.8
823130,669923,2026-06-03,"Kirby, George",home,136,Seattle Mariners,121,New York Mets,5,11,89,90.8752808988764,2240.9662921348313,0.12359550561797752,0.21873619089703933,5.0,0.10034522009248932,92.09914660712316,92.8
824831,669923,2026-06-10,"Kirby, George",away,136,Seattle Mariners,110,Baltimore Orioles,9,13,104,93.40865384615384,2285.0096153846152,0.125,0.2341820987654321,5.0,0.1114279575797212,92.1294300596257,93.0
823127,669923,2026-06-17,"Kirby, George",home,136,Seattle Mariners,110,Baltimore Orioles,5,10,92,91.53695652173913,2257.586956521739,0.10869565217391304,0.23621487015297046,5.4,0.11420573535749896,92.30873658643223,94.0
823365,669923,2026-06-23,"Kirby, George",away,136,Seattle Mariners,134,Pittsburgh Pirates,5,7,91,91.42637362637362,2207.5164835164837,0.07692307692307693,0.23521724926494608,5.2,0.10941425354738361,91.87878095200455,92.8
823121,669923,2026-06-29,"Kirby, George",home,136,Seattle Mariners,108,Los Angeles Angels,7,17,100,91.185,2317.24,0.17,0.2491499227202473,5.6,0.10523365154069464,92.05014263380102,92.6
823848,669923,2026-07-08,"Kirby, George",away,136,Seattle Mariners,146,Miami Marlins,7,12,86,91.3313953488372,2305.686046511628,0.13953488372093023,0.213631156930126,6.2,0.12084284694299349,91.6864529786286,95.2
823112,669923,2026-07-20,"Kirby, George",home,136,Seattle Mariners,113,Cincinnati Reds,6,11,80,92.93375,2196.3,0.1375,0.24710943802097338,6.6,0.12403072256358402,91.77767586862076,94.6
822868,669923,2026-07-27,"Kirby, George",away,136,Seattle Mariners,140,Texas Rangers,3,8,66,91.56969696969698,2183.287878787879,0.12121212121212122,0.22332065906210394,6.0,0.12653072256358405,91.68269509938999,89.8
823107,669923,2026-08-02,"Kirby, George",home,136,Seattle Mariners,142,Minnesota Twins,3,8,94,91.51808510638298,2101.8297872340427,0.0851063829787234,0.2146559849198869,5.6,0.1290340163712257,91.68924318898156,84.6
823102,669923,2026-08-08,"Kirby, George",home,136,Seattle Mariners,139,Tampa Bay Rays,2,10,99,93.24444444444445,2326.868686868687,0.10101010101010101,0.19055299539170506,5.2,0.13067067758235498,91.70758548498343,85.2
824159,669923,2026-08-14,"Kirby, George",away,136,Seattle Mariners,117,Houston Astros,2,7,99,91.12929292929292,2413.1414141414143,0.0707070707070707,0.21285313780461504,4.2,0.11687269778437517,92.11947437387232,85.0
823747,669923,2026-08-20,"Kirby, George",away,136,Seattle Mariners,158,Milwaukee Brewers,3,6,84,89.57738095238095,2223.845238095238,0.07142857142857142,0.21552769915082895,3.2,0.10310713518160326,92.07905388996348,87.6
824529,671096,2026-04-24,"Abbott, Andrew",home,113,Cincinnati Reds,116,Detroit Tigers,4,9,89,86.62696629213484,2475.14606741573,0.10112359550561797,0.2165058949624866,3.0,0.087477029479204,87.6175913721806,86.0
824524,671096,2026-04-30,"Abbott, Andrew",home,113,Cincinnati Reds,115,Colorado Rockies,5,5,86,85.91046511627907,2475.953488372093,0.05813953488372093,0.2506372132540357,3.0,0.09083427870080953,87.3376834257883,87.2
824682,671096,2026-05-05,"Abbott, Andrew",away,113,Cincinnati Reds,112,Chicago Cubs,4,7,98,87.41632653061224,2426.3673469387754,0.07142857142857142,0.20273184759166069,3.0,0.08200764022300824,86.99750372177138,86.8
824520,671096,2026-05-10,"Abbott, Andrew",home,113,Cincinnati Reds,117,Houston Astros,5,10,85,87.10235294117646,2509.364705882353,0.11764705882352941,0.20025839793281655,3.4,0.08310654132190935,86.82318661031141,88.2
824439,671096,2026-05-15,"Abbott, Andrew",away,113,Cincinnati Reds,114,Cleveland Guardians,2,3,90,87.77888888888889,2523.733333333333,0.03333333333333333,0.19858156028368795,4.2,0.08410074181900959,86.70957269150443,91.0
823462,671096,2026-05-20,"Abbott, Andrew",away,113,Cincinnati Reds,143,Philadelphia Phillies,3,13,96,88.99270833333333,2476.0833333333335,0.13541666666666666,0.21910415542363734,4.0,0.07633441879495462,86.9669999538183,89.6
823626,671096,2026-05-27,"Abbott, Andrew",away,113,Cincinnati Reds,121,New York Mets,4,10,101,88.23069306930692,2536.7425742574255,0.09900990099009901,0.21669106881405564,3.8,0.08319303302716434,87.440148362058,91.0
824511,671096,2026-06-02,"Abbott, Andrew",home,113,Cincinnati Reds,118,Kansas City Royals,5,11,105,86.90095238095239,2543.5904761904762,0.10476190476190476,0.21314387211367672,3.6,0.09136710624843997,87.90419395266358,94.0
823289,671096,2026-06-08,"Abbott, Andrew",away,113,Cincinnati Reds,135,San Diego Padres,6,12,101,88.03069306930693,2391.841584158416,0.1188118811881188,0.23298880275624462,3.8,0.09803377291510663,87.80111912273159,95.4
824506,671096,2026-06-14,"Abbott, Andrew",home,113,Cincinnati Reds,109,Arizona Diamondbacks,5,11,84,88.16071428571429,2420.8214285714284,0.13095238095238096,0.2032988108937476,4.0,0.09826673738802452,87.98678714835769,98.6
823532,671096,2026-06-20,"Abbott, Andrew",away,113,Cincinnati Reds,147,New York Yankees,6,11,97,87.20103092783505,2496.7525773195875,0.1134020618556701,0.2263549415515409,4.6,0.11779054691183403,88.06315222772278,97.4
823363,671096,2026-06-26,"Abbott, Andrew",away,113,Cincinnati Reds,134,Pittsburgh Pirates,6,15,94,87.55638297872339,2460.904255319149,0.1595744680851064,0.23629489603024575,5.2,0.11338762594963474,87.70481674662312,97.6
823767,671096,2026-07-01,"Abbott, Andrew",away,113,Cincinnati Reds,158,Milwaukee Brewers,3,7,96,87.52083333333333,2497.8854166666665,0.07291666666666667,0.21172839506172839,5.6,0.1255005393686362,87.56995472850642,96.2
824495,671096,2026-07-07,"Abbott, Andrew",home,113,Cincinnati Reds,143,Philadelphia Phillies,8,11,95,86.41263157894737,2551.1052631578946,0.11578947368421053,0.23467292461132297,5.2,0.11913149174958859,87.6939309189826,94.4
824491,671096,2026-07-12,"Abbott, Andrew",home,113,Cincinnati Reds,112,Chicago Cubs,3,4,79,87.72405063291139,2402.3924050632913,0.05063291139240506,0.2136569751933849,5.6,0.11852701024880692,87.37031862091068,93.2
823112,671096,2026-07-20,"Abbott, Andrew",away,113,Cincinnati Reds,136,Seattle Mariners,6,14,100,86.755,2472.66,0.14,0.22982362373062534,5.2,0.10246311633681175,87.28298589035009,92.2
823028,671096,2026-07-26,"Abbott, Andrew",away,113,Cincinnati Reds,138,St. Louis Cardinals,4,8,100,86.09,2393.32,0.08,0.2040082219938335,5.2,0.10778270396567773,87.19377970478308,92.8
824485,671096,2026-08-01,"Abbott, Andrew",home,113,Cincinnati Reds,134,Pittsburgh Pirates,1,8,98,86.59795918367347,2462.622448979592,0.08163265306122448,0.2397526906343027,4.8,0.09186781034865646,86.90050310903841,94.0
824481,671096,2026-08-06,"Abbott, Andrew",home,113,Cincinnati Reds,133,Athletics,4,7,88,87.13636363636364,2472.8522727272725,0.07954545454545454,0.22639780018331807,4.4,0.09361100762756802,86.71592827910645,94.4
824561,671096,2026-08-13,"Abbott, Andrew",away,113,Cincinnati Reds,145,Chicago White Sox,3,1,93,87.69784946236558,2474.2365591397847,0.010752688172043012,0.23908248786943095,3.6,0.08636220379981682,86.8606746905897,93.0
824475,671096,2026-08-18,"Abbott, Andrew",home,113,Cincinnati Reds,138,St. Louis Cardinals,6,9,98,87.84183673469387,2476.877551020408,0.09183673469387756,0.20346137610806247,3.6,0.07838615915574441,86.85543445648054,95.8
822992,671737,2026-04-24,"Bradley, Taj",away,142,Minnesota Twins,139,Tampa Bay Rays,3,3,93,92.23010752688171,2135.430107526882,0.03225806451612903,0.18506834910620398,6.8,0.11502224746359282,91.76895096933875,100.2
823717,671737,2026-04-29,"Bradley, Taj",home,142,Minnesota Twins,136,Seattle Mariners,7,17,114,92.23596491228069,2130.0087719298244,0.14912280701754385,0.23539373412362405,5.6,0.08669125167116645,91.873668126889,100.4
822743,671737,2026-05-05,"Bradley, Taj",away,142,Minnesota Twins,120,Washington Nationals,8,13,96,93.11666666666667,2149.0416666666665,0.13541666666666666,0.22457937088514995,6.4,0.10051581307467523,91.64166110934514,103.2
824760,671737,2026-05-23,"Bradley, Taj",away,142,Minnesota Twins,111,Boston Red Sox,7,11,73,93.02191780821919,2181.5890410958905,0.1506849315068493,0.22175066312997346,6.0,0.10067606948493164,91.92287905806309,101.6
823377,671737,2026-05-29,"Bradley, Taj",away,142,Minnesota Twins,134,Pittsburgh Pirates,6,13,87,93.38965517241378,2197.597701149425,0.14942528735632185,0.2357142857142857,6.0,0.11571871616365999,92.18537582725409,95.0
823701,671737,2026-06-03,"Bradley, Taj",home,142,Minnesota Twins,145,Chicago White Sox,5,11,104,92.63557692307693,2270.6346153846152,0.10576923076923077,0.24160206718346253,6.2,0.12338155141270213,92.79886241729241,92.6
824267,671737,2026-06-09,"Bradley, Taj",away,142,Minnesota Twins,116,Detroit Tigers,3,5,89,92.78651685393258,2158.123595505618,0.056179775280898875,0.22636103151862463,6.6,0.1380837846633225,92.87995629653145,94.8
823693,671737,2026-06-14,"Bradley, Taj",home,142,Minnesota Twins,138,St. Louis Cardinals,7,9,101,93.47623762376239,2246.6732673267325,0.0891089108910891,0.2096273291925466,5.8,0.1194951783159935,92.99006668486183,89.8
825068,671737,2026-06-20,"Bradley, Taj",away,142,Minnesota Twins,109,Arizona Diamondbacks,4,6,91,94.18351648351648,2167.5604395604396,0.06593406593406594,0.19942713927676334,5.6,0.11023362716087799,93.06198087628097,90.8
823688,671737,2026-06-26,"Bradley, Taj",home,142,Minnesota Twins,115,Colorado Rockies,7,13,99,94.52323232323232,2241.030303030303,0.13131313131313133,0.23329007138221933,5.0,0.0932834540463213,93.29430061134043,94.4
824174,671737,2026-07-01,"Bradley, Taj",away,142,Minnesota Twins,117,Houston Astros,11,8,97,92.8319587628866,2182.0515463917527,0.08247422680412371,0.21632163216321632,5.2,0.08966102283768321,93.52101604150414,96.8
823687,671737,2026-07-07,"Bradley, Taj",home,142,Minnesota Twins,114,Cleveland Guardians,10,24,101,93.23267326732673,2191.227722772277,0.2376237623762376,0.22009991184249192,6.4,0.08500202204466178,93.56029240946607,95.4
823681,671737,2026-07-12,"Bradley, Taj",home,142,Minnesota Twins,108,Los Angeles Angels,6,9,99,94.0,2239.4343434343436,0.09090909090909091,0.24986256184716876,7.8,0.12129081946372952,93.64952369214491,97.8
824657,671737,2026-07-18,"Bradley, Taj",away,142,Minnesota Twins,112,Chicago Cubs,6,13,94,92.26382978723403,2139.8297872340427,0.13829787234042554,0.21365062761506276,7.6,0.1216508554673299,93.75427616739242,97.4
824406,671737,2026-07-23,"Bradley, Taj",away,142,Minnesota Twins,114,Cleveland Guardians,5,7,109,92.49633027522935,2135.678899082569,0.06422018348623854,0.22294316117311186,8.0,0.13612361674860182,93.37033882813594,98.0
823676,671737,2026-07-28,"Bradley, Taj",home,142,Minnesota Twins,118,Kansas City Royals,10,13,102,92.87352941176471,2227.9117647058824,0.12745098039215685,0.21301335972290944,7.6,0.12270502718322325,92.96495841853535,100.0
823107,671737,2026-08-02,"Bradley, Taj",away,142,Minnesota Twins,136,Seattle Mariners,2,6,94,93.69574468085106,2164.2021276595747,0.06382978723404255,0.2302003816793893,7.4,0.1317003779008299,92.97327254831097,101.0
823752,671737,2026-08-08,"Bradley, Taj",away,142,Minnesota Twins,158,Milwaukee Brewers,7,12,97,93.28865979381443,2265.40206185567,0.12371134020618557,0.21173072650522107,5.8,0.09694158287239088,93.06588683101583,99.6
823669,671737,2026-08-13,"Bradley, Taj",home,142,Minnesota Twins,143,Philadelphia Phillies,3,4,89,93.04831460674157,2191.4157303370785,0.0449438202247191,0.22943246810382753,6.0,0.1035020327318098,92.92361878977871,99.2
823664,671737,2026-08-19,"Bradley, Taj",home,142,Minnesota Twins,144,Atlanta Braves,7,9,88,93.07272727272726,2193.6022727272725,0.10227272727272728,0.21421019242968914,5.4,0.08483122230866852,93.08051575368022,98.2
824122,672282,2026-04-26,"Detmers, Reid",away,108,Los Angeles Angels,118,Kansas City Royals,5,8,93,88.6247311827957,2233.440860215054,0.08602150537634409,0.22628458498023715,6.2,0.13331638867107976,87.91027993986691,96.0
824042,672282,2026-05-02,"Detmers, Reid",home,108,Los Angeles Angels,121,New York Mets,8,14,95,85.39473684210526,2199.2526315789473,0.14736842105263157,0.21065989847715735,5.4,0.1189417423779275,88.04322617642603,95.6
822822,672282,2026-05-08,"Detmers, Reid",away,108,Los Angeles Angels,141,Toronto Blue Jays,3,5,99,87.94040404040405,2195.1111111111113,0.050505050505050504,0.18004338394793926,6.2,0.12533850351153075,87.49121200638555,93.8
824438,672282,2026-05-13,"Detmers, Reid",away,108,Los Angeles Angels,114,Cleveland Guardians,6,7,102,88.94117647058823,2196.0588235294117,0.06862745098039216,0.19710669077757687,6.0,0.11152647013427999,87.47407542316202,95.2
824033,672282,2026-05-19,"Detmers, Reid",home,108,Los Angeles Angels,133,Athletics,8,15,92,88.2804347826087,2164.554347826087,0.16304347826086957,0.22246817930271168,5.4,0.0949489300273281,87.56332081828977,95.8
824028,672282,2026-05-24,"Detmers, Reid",home,108,Los Angeles Angels,140,Texas Rangers,14,22,96,89.31979166666667,2226.34375,0.22916666666666666,0.2278876170655567,6.0,0.10311318123505757,87.83629666370038,96.2
822975,672282,2026-05-30,"Detmers, Reid",away,108,Los Angeles Angels,139,Tampa Bay Rays,7,12,92,88.61195652173913,2266.0434782608695,0.13043478260869565,0.18530964954392704,7.8,0.1317422134931221,87.97530876047458,96.8
823943,672282,2026-06-05,"Detmers, Reid",away,108,Los Angeles Angels,119,Los Angeles Dodgers,6,11,91,90.02747252747253,2249.5054945054944,0.12087912087912088,0.19991721854304637,7.6,0.1283554858043349,88.61875269640136,96.2
824022,672282,2026-06-10,"Detmers, Reid",home,108,Los Angeles Angels,117,Houston Astros,9,8,89,88.60449438202248,2259.6516853932585,0.0898876404494382,0.21845215402211207,8.2,0.14243029987914896,89.03616639381505,94.6
825070,672282,2026-06-16,"Detmers, Reid",away,108,Los Angeles Angels,109,Arizona Diamondbacks,3,4,90,87.29888888888888,2234.277777777778,0.044444444444444446,0.20141738157403954,8.8,0.1466823377729582,88.9688299761019,92.0
824987,672282,2026-06-21,"Detmers, Reid",away,108,Los Angeles Angels,133,Athletics,4,12,90,86.95333333333333,2220.311111111111,0.13333333333333333,0.2225192114934848,7.8,0.12296253100967318,88.77252079735794,91.6
824015,672282,2026-06-27,"Detmers, Reid",home,108,Los Angeles Angels,133,Athletics,8,17,99,88.3111111111111,2355.090909090909,0.1717171717171717,0.22162841873624647,5.8,0.1037958643430065,88.29922913069127,90.4
824013,672282,2026-07-03,"Detmers, Reid",home,108,Los Angeles Angels,111,Boston Red Sox,5,13,104,88.48076923076923,2230.3653846153848,0.125,0.2195659012268009,6.0,0.1120523421647017,88.23906004856568,91.8
822877,672282,2026-07-09,"Detmers, Reid",away,108,Los Angeles Angels,140,Texas Rangers,6,9,82,87.1719512195122,2225.268292682927,0.10975609756097561,0.2222222222222222,5.8,0.11287651798887754,87.92971938922501,94.4
824009,672282,2026-07-17,"Detmers, Reid",home,108,Los Angeles Angels,116,Detroit Tigers,7,9,86,88.24418604651163,2351.8720930232557,0.10465116279069768,0.23203802068772714,5.2,0.11685020941118503,87.64321075672294,93.0
824004,672282,2026-07-22,"Detmers, Reid",home,108,Los Angeles Angels,138,St. Louis Cardinals,6,9,85,88.11411764705882,2241.2823529411767,0.10588235294117647,0.2044788056518262,6.0,0.12889155308043565,87.83227018824749,92.2
824003,672282,2026-07-28,"Detmers, Reid",home,108,Los Angeles Angels,117,Houston Astros,9,16,84,86.95,2220.1666666666665,0.19047619047619047,0.21482750183508686,6.4,0.1234013570020043,88.06442705099259,91.2
824806,672282,2026-08-05,"Detmers, Reid",away,108,Los Angeles Angels,110,Baltimore Orioles,5,9,81,86.41604938271605,2225.4074074074074,0.1111111111111111,0.24196198075569114,6.6,0.12715316075380803,87.79220482877037,88.2
823998,672282,2026-08-10,"Detmers, Reid",home,108,Los Angeles Angels,140,Texas Rangers,6,17,88,89.0284090909091,2166.6022727272725,0.19318181818181818,0.22726241778180994,6.6,0.12437538297603026,87.37926085915974,83.6
823990,672282,2026-08-15,"Detmers, Reid",home,108,Los Angeles Angels,118,Kansas City Royals,11,16,92,88.72608695652174,2269.086956521739,0.17391304347826086,0.21065165620264126,6.6,0.14106052710019878,87.75055243343913,84.8
822857,672282,2026-08-21,"Detmers, Reid",away,108,Los Angeles Angels,140,Texas Rangers,5,7,89,87.0876404494382,2213.9775280898875,0.07865168539325842,0.22946353730092203,7.4,0.1549129032377114,87.84693261544115,86.0
824284,672456,2026-05-02,"Montero, Keider",home,116,Detroit Tigers,140,Texas Rangers,2,5,85,89.7,2329.0823529411764,0.058823529411764705,0.24438902743142144,4.6,0.07859478687932035,90.01272301255763,80.0
824116,672456,2026-05-08,"Montero, Keider",away,116,Detroit Tigers,118,Kansas City Royals,4,4,71,89.15070422535211,2397.478873239437,0.056338028169014086,0.22291666666666668,4.4,0.08083568323786378,89.87272301255763,84.4
823630,672456,2026-05-14,"Montero, Keider",away,116,Detroit Tigers,121,New York Mets,2,1,70,88.54285714285714,2313.1285714285714,0.014285714285714285,0.21116816431322208,3.8,0.0746032888716666,89.81311385762805,82.6
824276,672456,2026-05-19,"Montero, Keider",home,116,Detroit Tigers,114,Cleveland Guardians,1,5,85,88.80470588235293,2376.7764705882355,0.058823529411764705,0.1967741935483871,3.2,0.058183323295074516,89.35903468378984,80.0
824275,672456,2026-05-26,"Montero, Keider",home,116,Detroit Tigers,108,Los Angeles Angels,7,10,89,90.4123595505618,2356.8651685393256,0.11235955056179775,0.25343811394891946,2.8,0.05858439281379109,89.31383949662407,79.4
824592,672456,2026-05-31,"Montero, Keider",away,116,Detroit Tigers,145,Chicago White Sox,4,6,65,90.13538461538462,2356.0,0.09230769230769231,0.24050632911392406,3.2,0.06012607036801111,89.3221253602248,80.0
824269,672456,2026-06-06,"Montero, Keider",home,116,Detroit Tigers,136,Seattle Mariners,1,3,79,89.14810126582279,2273.6202531645567,0.0379746835443038,0.23073753605274,3.6,0.06682290294719663,89.40920228330172,76.0
824265,672456,2026-06-11,"Montero, Keider",home,116,Detroit Tigers,142,Minnesota Twins,4,7,96,89.07916666666667,2347.75,0.07291666666666667,0.2257448433919022,3.0,0.06315023402225457,89.40868169139586,77.6
824260,672456,2026-06-21,"Montero, Keider",home,116,Detroit Tigers,145,Chicago White Sox,3,6,76,89.64868421052631,2374.6315789473683,0.07894736842105263,0.2402665731322343,3.4,0.07487642449844505,89.51594359615777,82.8
824255,672456,2026-06-26,"Montero, Keider",home,116,Detroit Tigers,117,Houston Astros,3,11,96,90.58749999999999,2295.46875,0.11458333333333333,0.2166719694559338,3.8,0.07890119230030264,89.68473926179243,81.0
824650,672456,2026-07-22,"Montero, Keider",away,116,Detroit Tigers,112,Chicago Cubs,8,13,81,87.88888888888889,2385.864197530864,0.16049382716049382,0.21410705352676337,3.0,0.07934594885460974,89.71976735168008,82.4
824245,672456,2026-07-27,"Montero, Keider",home,116,Detroit Tigers,110,Baltimore Orioles,1,5,80,89.91625,2345.875,0.0625,0.24269440316988608,3.8,0.09298317582517004,89.27046820638093,85.6
824971,672456,2026-08-02,"Montero, Keider",away,116,Detroit Tigers,133,Athletics,2,7,86,89.0046511627907,2284.4651162790697,0.08139534883720931,0.2266322217003288,3.8,0.0978882391163093,89.42409795321637,85.8
823191,672456,2026-08-07,"Montero, Keider",away,116,Detroit Tigers,137,San Francisco Giants,5,7,82,90.27682926829269,2385.060975609756,0.08536585365853659,0.2084200786490863,3.4,0.09958397555041783,89.40919485244117,83.8
824238,672456,2026-08-13,"Montero, Keider",home,116,Detroit Tigers,114,Cleveland Guardians,0,2,88,89.82045454545454,2283.8977272727275,0.022727272727272728,0.21891418563922943,3.8,0.1008676725979146,89.53482386399446,85.0
823341,672456,2026-08-18,"Montero, Keider",away,116,Detroit Tigers,134,Pittsburgh Pirates,3,8,78,90.13333333333333,2415.5128205128203,0.10256410256410256,0.24126791843327278,3.2,0.08249646047670249,89.38141477308537,83.4
824504,673540,2026-06-16,"Senga, Kodai",away,121,New York Mets,113,Cincinnati Reds,4,11,82,90.08170731707317,2235.6341463414633,0.13414634146341464,0.24234599778679455,4.6,0.115694942738421,89.28013349886828,73.4
823614,673540,2026-06-23,"Senga, Kodai",home,121,New York Mets,112,Chicago Cubs,6,12,98,89.89285714285714,2244.204081632653,0.12244897959183673,0.20941718801448797,3.6,0.10991551537893,89.16038800576118,71.4
823593,673540,2026-07-31,"Senga, Kodai",home,121,New York Mets,146,Miami Marlins,4,6,49,89.2795918367347,2179.4897959183672,0.12244897959183673,0.21678321678321677,3.4,0.11167803857002463,89.28009579796897,73.4
822713,674841,2026-07-07,"Alvarez, Andrew",home,120,Washington Nationals,117,Houston Astros,3,7,97,88.09381443298969,2478.40206185567,0.07216494845360824,0.21627774615822423,5.0,0.12126711382363686,86.97984023908006,77.2
824328,674841,2026-07-20,"Alvarez, Andrew",away,120,Washington Nationals,115,Colorado Rockies,2,7,74,86.54864864864865,2483.5405405405404,0.0945945945945946,0.2272020725388601,4.6,0.10399278644118777,87.42518849153166,80.2
823431,674841,2026-08-03,"Alvarez, Andrew",away,120,Washington Nationals,143,Philadelphia Phillies,5,10,81,87.31728395061728,2527.456790123457,0.12345679012345678,0.23642943305186973,4.2,0.10735614980455115,87.18780711015027,77.0
822701,674841,2026-08-08,"Alvarez, Andrew",home,120,Washington Nationals,113,Cincinnati Reds,2,7,73,86.2068493150685,2497.986301369863,0.0958904109589041,0.25322878228782286,4.2,0.10790957679475974,87.41747079682546,81.6
823591,674841,2026-08-14,"Alvarez, Andrew",away,120,Washington Nationals,121,New York Mets,4,5,73,87.3890410958904,2490.1643835616437,0.0684931506849315,0.2255819012399391,3.4,0.0976758942806582,87.11854654219209,82.6
822861,674841,2026-08-20,"Alvarez, Andrew",away,120,Washington Nationals,140,Texas Rangers,5,8,75,86.62533333333333,2485.4933333333333,0.10666666666666667,0.22942169691853104,3.2,0.09091997896309904,87.1111274886429,79.6
824258,675512,2026-06-25,"Melton, Troy",home,116,Detroit Tigers,117,Houston Astros,6,12,88,93.6625,2253.159090909091,0.13636363636363635,0.21665059466409514,3.8,0.09057880155655358,90.86621450804185,86.8
823530,675512,2026-07-01,"Melton, Troy",away,116,Detroit Tigers,147,New York Yankees,7,11,84,91.96190476190476,2162.904761904762,0.13095238095238096,0.2349641632907448,4.4,0.10013000984193907,91.02428412829501,88.6
824253,675512,2026-07-08,"Melton, Troy",home,116,Detroit Tigers,133,Athletics,9,14,91,93.310989010989,2214.5604395604396,0.15384615384615385,0.22554038680318544,5.6,0.11283733996499953,91.43194597955235,87.6
824009,675512,2026-07-17,"Melton, Troy",away,116,Detroit Tigers,108,Los Angeles Angels,9,16,94,94.28617021276595,2191.3297872340427,0.1702127659574468,0.24959172563962984,6.4,0.12871295371295371,92.0083991008991,87.0
824247,675512,2026-07-23,"Melton, Troy",home,116,Detroit Tigers,118,Kansas City Royals,5,10,90,90.68444444444445,2221.088888888889,0.1111111111111111,0.21263482280431434,7.2,0.14684641599535217,92.71836041617955,88.2
824243,675512,2026-07-28,"Melton, Troy",home,116,Detroit Tigers,110,Baltimore Orioles,5,11,92,91.54673913043477,2183.7934782608695,0.11956521739130435,0.2409313725490196,7.2,0.14049720964614582,92.78120168602084,89.4
823108,675512,2026-08-04,"Melton, Troy",away,116,Detroit Tigers,136,Seattle Mariners,4,12,97,92.36288659793816,2167.556701030928,0.12371134020618557,0.22898961284230407,7.0,0.13713752585167943,92.35804951210778,90.2
823190,675512,2026-08-09,"Melton, Troy",away,116,Detroit Tigers,137,San Francisco Giants,5,14,92,91.91521739130435,2202.8152173913045,0.15217391304347827,0.2088939566704675,6.4,0.13568931770244036,92.43824587931447,92.8
824239,675512,2026-08-15,"Melton, Troy",home,116,Detroit Tigers,145,Chicago White Sox,4,9,87,90.40344827586208,2242.7586206896553,0.10344827586206896,0.23837335063811377,5.6,0.13535486954190523,92.15909155537754,93.0
824072,675512,2026-08-21,"Melton, Troy",away,116,Detroit Tigers,118,Kansas City Royals,3,8,94,91.23085106382979,2182.31914893617,0.0851063829787234,0.20928792569659443,4.6,0.12200197152282966,91.38254716799676,91.6
824500,675660,2026-06-24,"Drohan, Shane",away,158,Milwaukee Brewers,113,Cincinnati Reds,5,5,98,90.04183673469389,2567.6428571428573,0.05102040816326531,0.24983096686950643,4.2,0.11206961004976597,90.01269278363183,76.6
823767,675660,2026-07-01,"Drohan, Shane",home,158,Milwaukee Brewers,113,Cincinnati Reds,7,14,78,89.38974358974359,2545.230769230769,0.1794871794871795,0.2482780212899186,4.8,0.11274988215860951,90.18518711469758,83.6
823036,675660,2026-07-06,"Drohan, Shane",away,158,Milwaukee Brewers,138,St. Louis Cardinals,2,5,85,90.17529411764706,2533.4470588235295,0.058823529411764705,0.2012158054711246,5.2,0.11629437687957482,89.65519465617572,85.6
823356,675660,2026-07-11,"Drohan, Shane",away,158,Milwaukee Brewers,134,Pittsburgh Pirates,6,16,83,89.31686746987953,2536.0481927710844,0.1927710843373494,0.23747980613893377,4.8,0.10878197432819281,89.81675950380153,86.0
823763,675660,2026-07-18,"Drohan, Shane",home,158,Milwaukee Brewers,146,Miami Marlins,9,11,90,90.04666666666667,2600.011111111111,0.12222222222222222,0.21241565452091768,4.6,0.11400285786232937,89.50628684393128,87.0
823759,675660,2026-07-24,"Drohan, Shane",home,158,Milwaukee Brewers,115,Colorado Rockies,6,10,92,91.39999999999999,2486.3695652173915,0.10869565217391304,0.22552227535867103,5.8,0.12086488472435623,89.79408171572614,86.8
823999,675660,2026-07-31,"Drohan, Shane",away,158,Milwaukee Brewers,108,Los Angeles Angels,7,11,86,90.72325581395349,2619.3488372093025,0.12790697674418605,0.24933236222384073,6.0,0.13239993352648577,90.06571436878737,85.6
823750,675660,2026-08-07,"Drohan, Shane",home,158,Milwaukee Brewers,142,Minnesota Twins,4,7,94,90.14148936170211,2621.627659574468,0.07446808510638298,0.2127901684114702,6.0,0.12208389297788709,90.33241681362935,87.2
823915,675660,2026-08-13,"Drohan, Shane",away,158,Milwaukee Brewers,119,Los Angeles Dodgers,5,8,85,91.19764705882353,2628.4823529411765,0.09411764705882353,0.20388768898488122,6.4,0.12521280411681074,90.32565586244036,89.0
824512,675911,2026-05-31,"Strider, Spencer",away,144,Atlanta Braves,113,Cincinnati Reds,8,11,90,90.13444444444445,2322.5,0.12222222222222222,0.24128440366972478,6.4,0.13541871921182266,88.59618128078817,89.8
824915,675911,2026-06-06,"Strider, Spencer",home,144,Atlanta Braves,134,Pittsburgh Pirates,3,6,84,87.8797619047619,2285.154761904762,0.07142857142857142,0.23415213946117275,6.8,0.13457580733442803,89.0747943076081,90.4
823617,675911,2026-06-12,"Strider, Spencer",away,144,Atlanta Braves,121,New York Mets,3,6,68,87.26029411764705,2227.794117647059,0.08823529411764706,0.2203255260023819,5.8,0.12029009304871374,88.6593181171319,89.0
823956,676083,2026-04-28,"Junk, Janson",away,146,Miami Marlins,119,Los Angeles Dodgers,4,5,76,86.8921052631579,2208.1315789473683,0.06578947368421052,0.21263345195729538,3.4,0.08505559185358118,87.72133961586835,82.8
823874,676083,2026-05-04,"Junk, Janson",home,146,Miami Marlins,143,Philadelphia Phillies,6,9,92,88.80217391304348,2096.736263736264,0.09782608695652174,0.21367521367521367,3.2,0.07289703089422075,87.39014041533537,82.2
823869,676083,2026-05-09,"Junk, Janson",home,146,Miami Marlins,120,Washington Nationals,6,7,94,88.02234042553192,2128.574468085106,0.07446808510638298,0.2206851119894598,3.8,0.07177259311311132,87.68758669219694,83.2
822983,676083,2026-05-15,"Junk, Janson",away,146,Miami Marlins,139,Tampa Bay Rays,4,5,100,88.43799999999999,2199.0,0.05,0.18718905472636815,4.2,0.07050459397277174,87.96821639346493,82.2
823866,676083,2026-05-20,"Junk, Janson",home,146,Miami Marlins,144,Atlanta Braves,3,5,86,88.8546511627907,2162.3953488372094,0.05813953488372093,0.20784103114930183,4.4,0.07190244343513733,88.06592392034665,83.6
822812,676083,2026-05-25,"Junk, Janson",away,146,Miami Marlins,141,Toronto Blue Jays,3,2,93,89.53118279569892,2220.7849462365593,0.021505376344086023,0.19151086407276402,4.6,0.06924463612616724,88.2018541529048,89.6
823846,676083,2026-07-09,"Junk, Janson",home,146,Miami Marlins,136,Seattle Mariners,5,3,79,90.55189873417721,2261.6962025316457,0.0379746835443038,0.23178427997705106,4.4,0.06038781665814232,88.729669659413,93.0
824167,676083,2026-07-20,"Junk, Janson",away,146,Miami Marlins,117,Houston Astros,3,6,80,89.11625000000001,2230.9625,0.075,0.21527596128694743,4.2,0.04841753597569874,89.07961462363974,90.4
823840,676083,2026-07-26,"Junk, Janson",home,146,Miami Marlins,135,San Diego Padres,6,4,75,89.652,2324.0266666666666,0.05333333333333334,0.22333333333333333,3.6,0.048523918954422145,89.29839653853337,87.6
823593,676083,2026-07-31,"Junk, Janson",away,146,Miami Marlins,121,New York Mets,4,2,79,88.56075949367089,2270.772151898734,0.02531645569620253,0.2245885769603098,4.0,0.049190585621088814,89.54119653853337,82.6
824885,676083,2026-08-06,"Junk, Janson",away,146,Miami Marlins,144,Atlanta Braves,1,1,47,90.2595744680851,2276.2978723404253,0.02127659574468085,0.21269177126917713,4.2,0.04262596978358514,89.4824182047094,81.2
823833,676083,2026-08-12,"Junk, Janson",home,146,Miami Marlins,134,Pittsburgh Pirates,2,2,81,86.87901234567902,2210.135802469136,0.024691358024691357,0.242225513010366,3.8,0.042580213663704104,89.62809653918664,72.0
823427,676083,2026-08-17,"Junk, Janson",away,146,Miami Marlins,143,Philadelphia Phillies,2,4,88,86.1375,2195.5795454545455,0.045454545454545456,0.22795376712328766,3.2,0.03992354855978161,88.893519261487,72.4
823068,676106,2026-04-26,"Hancock, Emerson",away,136,Seattle Mariners,138,St. Louis Cardinals,4,7,94,90.04042553191489,2292.127659574468,0.07446808510638298,0.2175257731958763,5.4,0.11287076834985714,89.36468801252185,90.0
823144,676106,2026-05-02,"Hancock, Emerson",home,136,Seattle Mariners,118,Kansas City Royals,14,21,103,89.97961165048544,2334.0,0.20388349514563106,0.21774856203779785,4.4,0.11333139568041209,89.66596899519348,89.4
824607,676106,2026-05-08,"Hancock, Emerson",away,136,Seattle Mariners,145,Chicago White Sox,4,7,94,88.34148936170213,2295.1063829787236,0.07446808510638298,0.2438510189739986,6.2,0.12483980202661146,89.756037666754,93.6
823140,676106,2026-05-15,"Hancock, Emerson",home,136,Seattle Mariners,135,San Diego Padres,6,10,91,90.17692307692307,2292.3516483516482,0.10989010989010989,0.23354430379746835,6.2,0.1124606917751608,89.88206281182168,94.8
823134,676106,2026-05-20,"Hancock, Emerson",home,136,Seattle Mariners,145,Chicago White Sox,4,10,86,90.08837209302327,2284.9651162790697,0.11627906976744186,0.24396929824561403,6.2,0.11607136681440726,89.97663110067569,93.4
825004,676106,2026-05-26,"Hancock, Emerson",away,136,Seattle Mariners,133,Athletics,3,6,87,89.92183908045976,2334.022988505747,0.06896551724137931,0.22312470138557094,6.4,0.11579776900318975,89.72536434280975,93.6
823131,676106,2026-06-01,"Hancock, Emerson",home,136,Seattle Mariners,121,New York Mets,7,8,91,88.25714285714285,2328.1758241758243,0.08791208791208792,0.21474067333939945,6.2,0.11469725543018902,89.70164705251872,92.2
824829,676106,2026-06-08,"Hancock, Emerson",away,136,Seattle Mariners,110,Baltimore Orioles,3,10,92,92.01195652173914,2344.836956521739,0.10869565217391304,0.2364433811802233,4.8,0.0915029739834804,89.35715329385022,89.8
822722,676106,2026-06-14,"Hancock, Emerson",away,136,Seattle Mariners,120,Washington Nationals,2,3,59,93.0813559322034,2324.1525423728813,0.05084745762711865,0.21262699564586357,4.6,0.0983484873969864,90.09124672585762,89.4
823126,676106,2026-06-20,"Hancock, Emerson",home,136,Seattle Mariners,111,Boston Red Sox,6,7,76,89.77499999999999,2355.815789473684,0.09210526315789473,0.22027716994894236,3.8,0.08653995694438815,90.67213329691369,83.0
824422,676106,2026-06-28,"Hancock, Emerson",away,136,Seattle Mariners,114,Cleveland Guardians,6,8,98,88.91734693877551,2340.816326530612,0.08163265306122448,0.2185280826339574,4.2,0.08170519562247873,90.60945887830903,81.0
823117,676106,2026-07-05,"Hancock, Emerson",home,136,Seattle Mariners,141,Toronto Blue Jays,5,14,92,90.03804347826087,2332.3152173913045,0.15217391304347827,0.19957729468599034,4.8,0.08423862278644775,90.40856044997217,83.2
822951,676106,2026-07-12,"Hancock, Emerson",away,136,Seattle Mariners,139,Tampa Bay Rays,2,3,19,92.67894736842106,2288.7894736842104,0.15789473684210525,0.18810198300283287,4.4,0.09709098781272582,90.76474057419578,83.4
823110,676106,2026-07-22,"Hancock, Emerson",home,136,Seattle Mariners,113,Cincinnati Reds,3,9,95,90.54947368421054,2372.547368421053,0.09473684210526316,0.2462351387054161,4.2,0.10693080474636427,90.89813874353217,68.8
823924,676106,2026-07-29,"Hancock, Emerson",away,136,Seattle Mariners,119,Los Angeles Dodgers,5,12,92,90.4391304347826,2392.7608695652175,0.13043478260869565,0.20470531166626244,4.4,0.11570868164199317,90.3917622939336,76.0
823108,676106,2026-08-04,"Hancock, Emerson",home,136,Seattle Mariners,116,Detroit Tigers,6,10,94,90.58510638297872,2283.0425531914893,0.10638297872340426,0.2272189349112426,4.2,0.12337458553215334,90.52458838089011,79.2
823104,676106,2026-08-09,"Hancock, Emerson",home,136,Seattle Mariners,139,Tampa Bay Rays,3,8,96,91.175,2297.1875,0.08333333333333333,0.19049794426678848,4.2,0.1283246506645893,90.85814026973075,78.4
824157,676106,2026-08-15,"Hancock, Emerson",away,136,Seattle Mariners,117,Houston Astros,8,12,97,88.97938144329896,2489.3505154639174,0.12371134020618557,0.21234778893398845,3.8,0.11455653472256033,91.08553157407859,79.2
823101,676106,2026-08-21,"Hancock, Emerson",home,136,Seattle Mariners,112,Chicago Cubs,6,11,98,89.89387755102041,2359.3061224489797,0.11224489795918367,0.21769245992479716,5.0,0.10771985539537639,90.34561838905417,94.8
822826,676282,2026-04-25,"Cantillo, Joey",away,114,Cleveland Guardians,141,Toronto Blue Jays,4,10,89,83.20674157303371,1931.4044943820224,0.11235955056179775,0.1791359325605901,5.8,0.1159157093933745,86.11219269973655,86.4
825012,676282,2026-05-01,"Cantillo, Joey",away,114,Cleveland Guardians,133,Athletics,2,8,69,84.38695652173912,1838.0144927536232,0.11594202898550725,0.228643216080402,5.6,0.12080520192331648,85.45288167368395,86.0
824118,676282,2026-05-06,"Cantillo, Joey",away,114,Cleveland Guardians,118,Kansas City Royals,1,6,70,86.02857142857142,1856.6285714285714,0.08571428571428572,0.22450476889214968,4.8,0.1196033638179789,85.39954127071469,83.4
824441,676282,2026-05-11,"Cantillo, Joey",home,114,Cleveland Guardians,108,Los Angeles Angels,4,14,93,86.53010752688172,1965.3978494623657,0.15053763440860216,0.25399872040946897,3.2,0.10947349368810877,85.39366464733807,79.8
824435,676282,2026-05-16,"Cantillo, Joey",home,114,Cleveland Guardians,113,Cincinnati Reds,4,13,87,85.2551724137931,1973.6206896551723,0.14942528735632185,0.23848396501457725,3.4,0.11762980105763407,85.33114956734856,82.0
824274,676282,2026-05-21,"Cantillo, Joey",away,114,Cleveland Guardians,116,Detroit Tigers,6,16,98,83.29387755102042,1849.0,0.16326530612244897,0.227765726681128,3.0,0.12279575740530295,85.08150989280381,81.6
824434,676282,2026-05-26,"Cantillo, Joey",home,114,Cleveland Guardians,120,Washington Nationals,1,2,69,84.04782608695652,1840.623188405797,0.028985507246376812,0.21574074074074073,3.4,0.1329769085174332,85.09893708840116,83.4
823541,676282,2026-06-02,"Cantillo, Joey",away,114,Cleveland Guardians,147,New York Yankees,4,11,91,84.63296703296703,1995.131868131868,0.12087912087912088,0.228,3.2,0.1155856041696071,85.03111100144464,83.4
822890,676282,2026-06-07,"Cantillo, Joey",away,114,Cleveland Guardians,140,Texas Rangers,7,11,97,84.48556701030928,1901.5979381443299,0.1134020618556701,0.22815126050420168,3.8,0.12261857120257413,84.75199012232375,87.6
824426,676282,2026-06-13,"Cantillo, Joey",home,114,Cleveland Guardians,116,Detroit Tigers,4,8,79,85.27721518987342,2032.2784810126582,0.10126582278481013,0.22688751926040063,4.4,0.11519145669198774,84.34308201900927,88.4
824180,676282,2026-06-20,"Cantillo, Joey",away,114,Cleveland Guardians,117,Houston Astros,9,20,98,83.85,2130.091836734694,0.20408163265306123,0.21670660732625813,4.4,0.10555956377768538,84.34749057422533,86.8
824423,676282,2026-06-26,"Cantillo, Joey",home,114,Cleveland Guardians,136,Seattle Mariners,9,18,90,84.73777777777778,2290.211111111111,0.2,0.2267706302794022,5.0,0.11372282908380785,84.45871506402125,86.8
824419,676282,2026-07-01,"Cantillo, Joey",home,114,Cleveland Guardians,140,Texas Rangers,4,11,93,85.43333333333334,2137.1935483870966,0.11827956989247312,0.22462871287128713,6.6,0.14792572763453246,84.5967054021855,91.0
823687,676282,2026-07-07,"Cantillo, Joey",away,114,Cleveland Guardians,142,Minnesota Twins,7,12,94,84.62127659574467,2195.744680851064,0.1276595744680851,0.21656600517687663,6.6,0.1474058174372029,84.75677866225877,91.4
823842,676282,2026-07-12,"Cantillo, Joey",away,114,Cleveland Guardians,146,Miami Marlins,9,20,85,83.77411764705883,2007.0235294117647,0.23529411764705882,0.21029452243325075,6.6,0.1502573199596859,84.78392057934585,90.8
824411,676282,2026-07-19,"Cantillo, Joey",home,114,Cleveland Guardians,134,Pittsburgh Pirates,7,16,80,84.23375,2111.95,0.2,0.23859559200410047,7.6,0.17706297893213566,84.48330107078293,92.0
822952,676282,2026-07-24,"Cantillo, Joey",away,114,Cleveland Guardians,139,Tampa Bay Rays,4,8,74,85.18243243243244,2206.5945945945946,0.10810810810810811,0.18872802481902792,7.2,0.17624665240152343,84.56005107078292,88.4
824487,676282,2026-07-29,"Cantillo, Joey",away,114,Cleveland Guardians,113,Cincinnati Reds,8,12,89,84.88539325842697,2224.1011235955057,0.1348314606741573,0.2491885143570537,6.2,0.15786827402314504,84.64898200171385,85.2
824403,676282,2026-08-04,"Cantillo, Joey",home,114,Cleveland Guardians,121,New York Mets,5,7,81,84.05555555555556,2178.6666666666665,0.08641975308641975,0.22487022180273714,7.0,0.16117865217948188,84.53939398673258,84.4
824564,676282,2026-08-09,"Cantillo, Joey",away,114,Cleveland Guardians,145,Chicago White Sox,3,4,31,86.19677419354838,1988.3870967741937,0.12903225806451613,0.23908617959737616,6.6,0.15293068790314882,84.42624977869477,81.8
824400,676282,2026-08-15,"Cantillo, Joey",home,114,Cleveland Guardians,135,San Diego Padres,7,13,87,84.22183908045977,2103.0459770114944,0.14942528735632185,0.2169173751907565,5.4,0.13167831598664026,84.91078108799266,71.0
824317,676282,2026-08-21,"Cantillo, Joey",away,114,Cleveland Guardians,115,Colorado Rockies,5,9,89,83.65505617977529,2123.7191011235955,0.10112359550561797,0.2262322128273871,5.4,0.12156337345790462,84.90839890408462,72.4
824449,676440,2026-04-22,"Bibee, Tanner",home,114,Cleveland Guardians,117,Houston Astros,3,9,95,86.65789473684211,2252.2105263157896,0.09473684210526316,0.19312436804853386,4.6,0.12875605990177735,87.52144581846542,85.6
824447,676440,2026-04-28,"Bibee, Tanner",home,114,Cleveland Guardians,139,Tampa Bay Rays,6,11,93,85.76236559139785,2342.2473118279568,0.11827956989247312,0.1851512373968836,3.8,0.10924188986129153,87.27020425301333,89.0
824120,676440,2026-05-04,"Bibee, Tanner",away,114,Cleveland Guardians,118,Kansas City Royals,4,8,77,88.05974025974027,2342.6363636363635,0.1038961038961039,0.223338485316847,4.2,0.11397888492086723,86.74375845237398,92.8
824444,676440,2026-05-09,"Bibee, Tanner",home,114,Cleveland Guardians,142,Minnesota Twins,9,20,98,88.19183673469387,2193.091836734694,0.20408163265306123,0.2214095744680851,4.4,0.11176959995296158,86.9520283434025,90.8
824439,676440,2026-05-15,"Bibee, Tanner",home,114,Cleveland Guardians,113,Cincinnati Reds,2,8,96,87.753125,2200.3229166666665,0.08333333333333333,0.24193548387096775,5.4,0.1375321630427136,86.99082579786815,91.8
824273,676440,2026-05-20,"Bibee, Tanner",away,114,Cleveland Guardians,116,Detroit Tigers,5,8,104,89.21538461538461,2214.6634615384614,0.07692307692307693,0.22744881018262314,4.8,0.12086549637604696,87.28499246453482,91.8
824437,676440,2026-05-25,"Bibee, Tanner",home,114,Cleveland Guardians,120,Washington Nationals,3,7,61,88.33278688524591,2227.3934426229507,0.11475409836065574,0.21482530689329557,5.2,0.1173027433396097,87.79649044024332,93.6
824430,676440,2026-05-31,"Bibee, Tanner",home,114,Cleveland Guardians,111,Boston Red Sox,5,11,90,88.53777777777778,2273.034090909091,0.12222222222222222,0.22016651248843663,4.6,0.11659764903324624,88.31057469901293,87.2
822891,676440,2026-06-06,"Bibee, Tanner",away,114,Cleveland Guardians,140,Texas Rangers,3,4,87,87.62183908045978,2342.9655172413795,0.04597701149425287,0.22936170212765958,4.8,0.12026287269846989,88.40618220262043,89.8
824425,676440,2026-06-12,"Bibee, Tanner",home,114,Cleveland Guardians,116,Detroit Tigers,8,13,91,89.24835164835166,2235.1428571428573,0.14285714285714285,0.22612085769980506,3.6,0.08864194846670823,88.2921826717736,87.6
824179,676440,2026-06-19,"Bibee, Tanner",away,114,Cleveland Guardians,117,Houston Astros,7,8,95,88.81263157894738,2396.7263157894736,0.08421052631578947,0.21582234559333796,4.8,0.10054671037147012,88.59122800144395,86.6
824583,676440,2026-06-24,"Bibee, Tanner",away,114,Cleveland Guardians,145,Chicago White Sox,2,7,89,88.8123595505618,2308.044943820225,0.07865168539325842,0.24254742547425473,5.2,0.10200420025001264,88.5106773941565,84.8
824418,676440,2026-06-30,"Bibee, Tanner",home,114,Cleveland Guardians,140,Texas Rangers,2,5,91,87.78021978021978,2356.131868131868,0.054945054945054944,0.22538293216630198,5.0,0.09478371765653318,88.60659192721968,90.4
824413,676440,2026-07-05,"Bibee, Tanner",home,114,Cleveland Guardians,145,Chicago White Sox,1,7,62,87.96774193548387,2186.548387096774,0.11290322580645161,0.23717183770883055,4.4,0.08132828420109971,88.45508032770809,90.6
823844,676440,2026-07-11,"Bibee, Tanner",away,114,Cleveland Guardians,146,Miami Marlins,3,2,94,86.43085106382979,2326.925531914894,0.02127659574468085,0.211287183764248,4.0,0.09471352706353946,88.5242608987129,85.6
824410,676440,2026-07-20,"Bibee, Tanner",home,114,Cleveland Guardians,142,Minnesota Twins,5,8,95,87.54842105263158,2365.5052631578947,0.08421052631578947,0.21494343593791107,3.0,0.07039741764104705,87.96076078180852,86.2
822948,676440,2026-07-25,"Bibee, Tanner",away,114,Cleveland Guardians,139,Tampa Bay Rays,5,9,107,88.50654205607478,2392.878504672897,0.08411214953271028,0.18916155419222905,2.6,0.07039741764104707,87.70791867654536,86.2
824407,676440,2026-07-31,"Bibee, Tanner",home,114,Cleveland Guardians,109,Arizona Diamondbacks,3,7,100,86.499,2417.9,0.07,0.19237308719941706,3.2,0.07148951046893744,87.64675517764796,89.8
824402,676440,2026-08-05,"Bibee, Tanner",home,114,Cleveland Guardians,121,New York Mets,10,16,98,86.6204081632653,2310.6020408163267,0.16326530612244897,0.22497661365762395,3.4,0.07450049947992646,87.390511221604,91.6
824240,676440,2026-08-11,"Bibee, Tanner",away,114,Cleveland Guardians,116,Detroit Tigers,4,10,96,86.54375,2259.90625,0.10416666666666667,0.22569832402234638,5.2,0.08457291554312592,87.12104446716029,98.8
824397,676440,2026-08-16,"Bibee, Tanner",home,114,Cleveland Guardians,135,San Diego Padres,3,7,96,87.528125,2354.5520833333335,0.07291666666666667,0.21784322217410135,5.4,0.10115092972752308,87.14362425439433,99.2
824316,676440,2026-08-22,"Bibee, Tanner",away,114,Cleveland Guardians,115,Colorado Rockies,6,13,96,85.65104166666667,2277.40625,0.13541666666666666,0.22647299509001637,5.0,0.09889215779769851,87.13956504386802,99.4
824437,676571,2026-05-25,"Poulin, PJ",away,120,Washington Nationals,114,Cleveland Guardians,0,1,29,86.53103448275863,2197.551724137931,0.034482758620689655,0.1984511132623427,1.0,0.08498412698412698,85.18383492063492,22.8
824432,676571,2026-05-27,"Poulin, PJ",away,120,Washington Nationals,114,Cleveland Guardians,1,0,13,86.3076923076923,2170.3846153846152,0.0,0.2005610098176718,0.8,0.047436234263820466,85.77670848385331,26.8
822722,676571,2026-06-14,"Poulin, PJ",home,120,Washington Nationals,136,Seattle Mariners,0,2,15,84.46666666666667,2248.733333333333,0.13333333333333333,0.2248995983935743,0.8,0.039436234263820466,85.75504694539178,24.4
822966,676571,2026-06-19,"Poulin, PJ",away,120,Washington Nationals,139,Tampa Bay Rays,1,0,23,85.83043478260869,2187.913043478261,0.0,0.1899338721528288,0.8,0.06610290093048712,85.38338027872511,24.2
822718,676571,2026-06-23,"Poulin, PJ",home,120,Washington Nationals,143,Philadelphia Phillies,1,1,8,86.7625,2208.5,0.125,0.2318840579710145,0.8,0.0446743295019157,85.4466100923897,23.2
822711,676571,2026-07-11,"Poulin, PJ",home,120,Washington Nationals,147,New York Yankees,3,3,31,85.18064516129031,2247.9032258064517,0.0967741935483871,0.24089240327591077,0.6,0.0585632183908046,85.97966564794527,17.6
823271,676664,2026-07-30,"Sears, JP",home,135,San Diego Padres,137,San Francisco Giants,2,6,67,88.05522388059701,2047.5757575757575,0.08955223880597014,0.20946278955150321,4.0,0.09150688168232027,87.13148127473565,75.8
822745,676917,2026-04-23,"Cavalli, Cade",home,120,Washington Nationals,144,Atlanta Braves,10,12,85,91.72588235294117,2256.6941176470586,0.1411764705882353,0.18795430944963656,3.6,0.08638015946434077,91.11009912779173,78.6
823633,676917,2026-04-29,"Cavalli, Cade",away,120,Washington Nationals,121,New York Mets,10,18,97,91.35360824742267,2204.1546391752577,0.18556701030927836,0.21175373134328357,4.6,0.09861545358198784,91.18247559837997,80.6
822743,676917,2026-05-05,"Cavalli, Cade",home,120,Washington Nationals,142,Minnesota Twins,2,8,76,90.89473684210526,2199.4605263157896,0.10526315789473684,0.22659732540861813,6.0,0.11430028421527208,91.37224486691211,83.2
823868,676917,2026-05-10,"Cavalli, Cade",away,120,Washington Nationals,146,Miami Marlins,4,11,95,88.72105263157894,2176.442105263158,0.11578947368421053,0.21727574750830564,5.8,0.12045929877294285,91.59480925660976,79.6
822737,676917,2026-05-16,"Cavalli, Cade",home,120,Washington Nationals,110,Baltimore Orioles,8,8,94,91.96489361702129,2213.6063829787236,0.0851063829787234,0.245260663507109,6.2,0.1269505268431183,91.02818644959221,89.0
822733,676917,2026-05-21,"Cavalli, Cade",home,120,Washington Nationals,121,New York Mets,9,8,84,91.83690476190476,2156.0843373493976,0.09523809523809523,0.20695274307441608,6.8,0.1265804990910369,90.93203473821387,89.4
824434,676917,2026-05-26,"Cavalli, Cade",away,120,Washington Nationals,114,Cleveland Guardians,7,12,87,91.06896551724138,2206.2988505747126,0.13793103448275862,0.19857142857142857,6.6,0.11739282402100888,90.95423922000658,89.2
822730,676917,2026-06-01,"Cavalli, Cade",home,120,Washington Nationals,146,Miami Marlins,6,9,89,92.1438202247191,2207.191011235955,0.10112359550561797,0.2179144385026738,6.0,0.10786562885570491,90.89731067397034,87.2
825074,676917,2026-06-07,"Cavalli, Cade",away,120,Washington Nationals,109,Arizona Diamondbacks,2,9,88,91.38409090909092,2201.0454545454545,0.10227272727272728,0.20160269928300295,6.8,0.10703771637788115,91.1471273504931,89.8
822725,676917,2026-06-13,"Cavalli, Cade",home,120,Washington Nationals,136,Seattle Mariners,5,7,81,93.03950617283951,2219.8518518518517,0.08641975308641975,0.22510181414291003,6.4,0.1043343670955845,91.67973500599548,88.4
822967,676917,2026-06-20,"Cavalli, Cade",away,120,Washington Nationals,139,Tampa Bay Rays,1,3,68,91.01617647058823,2193.0757575757575,0.04411764705882353,0.18874773139745918,5.8,0.10459704111712378,91.89465751715913,85.8
822717,676917,2026-06-25,"Cavalli, Cade",home,120,Washington Nationals,143,Philadelphia Phillies,7,11,97,92.88762886597938,2270.8865979381444,0.1134020618556701,0.23131076097888031,4.2,0.09437295148126942,91.73051185889582,82.6
824742,676917,2026-06-30,"Cavalli, Cade",away,120,Washington Nationals,111,Boston Red Sox,13,17,100,93.245,2276.68,0.17,0.2171814671814672,4.2,0.08946715695585172,92.09424452864343,84.6
822715,676917,2026-07-05,"Cavalli, Cade",home,120,Washington Nationals,134,Pittsburgh Pirates,3,9,63,91.46825396825396,2238.222222222222,0.14285714285714285,0.23943661971830985,5.6,0.10324243785472813,92.31448048369961,86.8
822708,676917,2026-07-12,"Cavalli, Cade",home,120,Washington Nationals,147,New York Yankees,5,3,85,92.45647058823529,2195.423529411765,0.03529411764705882,0.24001117630623078,5.8,0.11135932097161125,92.33131309553222,81.8
824981,676917,2026-07-17,"Cavalli, Cade",away,120,Washington Nationals,133,Athletics,9,12,95,92.57263157894737,2279.073684210526,0.12631578947368421,0.22809872525088148,5.8,0.10113419388373908,92.21470597861138,82.6
824327,676917,2026-07-22,"Cavalli, Cade",away,120,Washington Nationals,115,Colorado Rockies,8,9,90,93.21777777777778,2266.5444444444443,0.1,0.22510162601626016,7.4,0.11757382236671118,92.5259970002832,88.0
822703,676917,2026-07-28,"Cavalli, Cade",home,120,Washington Nationals,141,Toronto Blue Jays,3,8,98,91.55918367346938,2282.030612244898,0.08163265306122448,0.19551524313429075,7.6,0.11489340999557718,92.59202678264288,86.6
824891,676917,2026-08-02,"Cavalli, Cade",away,120,Washington Nationals,144,Atlanta Braves,3,7,90,91.12777777777778,2308.6,0.07777777777777778,0.2125178486435031,5.6,0.09721994060782208,92.25486351733676,86.2
822699,676917,2026-08-07,"Cavalli, Cade",home,120,Washington Nationals,113,Cincinnati Reds,8,19,100,91.329,2294.85,0.19,0.25296442687747034,5.6,0.08420406759194907,92.18676827924152,91.6
822696,676917,2026-08-13,"Cavalli, Cade",home,120,Washington Nationals,112,Chicago Cubs,10,13,103,91.41747572815534,2245.78640776699,0.1262135922330097,0.21673953778888194,6.2,0.1151452440625373,91.96127416159446,94.6
822860,676917,2026-08-19,"Cavalli, Cade",away,120,Washington Nationals,140,Texas Rangers,11,14,84,91.67023809523809,2231.440476190476,0.16666666666666666,0.22821929451763706,6.4,0.1151248046144024,91.73024299143606,96.2
824669,676962,2026-06-06,"Brown, Ben",home,112,Chicago Cubs,137,San Francisco Giants,5,7,87,91.22758620689656,2176.712643678161,0.08045977011494253,0.20888704318936877,5.8,0.14504911562392814,92.55968240692602,71.6
823213,676962,2026-06-13,"Brown, Ben",away,112,Chicago Cubs,137,San Francisco Giants,3,8,86,93.67441860465117,2126.1162790697676,0.09302325581395349,0.20817562452687358,6.2,0.12635846095126446,92.38519964830532,79.8
824663,676962,2026-06-19,"Brown, Ben",home,112,Chicago Cubs,141,Toronto Blue Jays,4,10,72,89.97361111111111,2194.1388888888887,0.1388888888888889,0.19572192513368983,5.4,0.11727080442174746,92.68316029231248,84.0
823230,676974,2026-04-26,"Meyer, Max",away,146,Miami Marlins,137,San Francisco Giants,5,7,77,91.44415584415584,2673.012987012987,0.09090909090909091,0.21267893660531698,5.6,0.14671764997944742,90.80505315705723,86.0
823876,676974,2026-05-02,"Meyer, Max",home,146,Miami Marlins,143,Philadelphia Phillies,7,12,83,91.40361445783132,2503.132530120482,0.14457831325301204,0.21264367816091953,5.6,0.13280070272916683,91.01264975798718,85.2
823870,676974,2026-05-07,"Meyer, Max",home,146,Miami Marlins,110,Baltimore Orioles,5,11,94,91.17234042553193,2545.8297872340427,0.11702127659574468,0.24251069900142652,5.8,0.13699726425617373,91.09247377314894,84.0
823710,676974,2026-05-13,"Meyer, Max",away,146,Miami Marlins,142,Minnesota Twins,9,22,96,90.63020833333333,2512.3333333333335,0.22916666666666666,0.22744128553770088,6.0,0.14201071497762152,91.03728668584154,85.4
823867,676974,2026-05-18,"Meyer, Max",home,146,Miami Marlins,144,Atlanta Braves,6,11,97,91.27319587628865,2527.577319587629,0.1134020618556701,0.2059483726150393,6.8,0.15369770684754022,90.96698688909356,88.2
823862,676974,2026-05-23,"Meyer, Max",home,146,Miami Marlins,121,New York Mets,8,9,95,90.98315789473683,2629.294736842105,0.09473684210526316,0.2112159329140461,6.4,0.13901548185603688,91.18470298742821,89.4
823623,676974,2026-05-29,"Meyer, Max",away,146,Miami Marlins,121,New York Mets,6,10,106,90.48301886792453,2514.830188679245,0.09433962264150944,0.2155544887181949,7.0,0.13978103209527132,91.0925033975444,93.0
822727,676974,2026-06-03,"Meyer, Max",away,146,Miami Marlins,120,Washington Nationals,7,12,92,91.1304347826087,2608.75,0.13043478260869565,0.21316225165562913,6.8,0.12973329397297081,90.90838427956305,97.6
823858,676974,2026-06-09,"Meyer, Max",home,146,Miami Marlins,109,Arizona Diamondbacks,5,11,95,90.23684210526316,2614.9578947368423,0.11578947368421053,0.2002492729538845,7.2,0.132415995175561,90.9000031509784,97.2
823368,676974,2026-06-14,"Meyer, Max",away,146,Miami Marlins,134,Pittsburgh Pirates,8,13,105,91.09904761904761,2668.7238095238095,0.12380952380952381,0.2362657091561939,6.4,0.10974055657906978,90.82132990536438,97.0
823854,676974,2026-06-20,"Meyer, Max",home,146,Miami Marlins,137,San Francisco Giants,7,8,98,91.66530612244898,2696.734693877551,0.08163265306122448,0.2026120720084716,6.8,0.11182204896984052,90.78650025391616,98.6
823039,676974,2026-06-26,"Meyer, Max",away,146,Miami Marlins,138,St. Louis Cardinals,5,8,89,91.88988764044943,2625.2022471910113,0.0898876404494382,0.2021636240703178,6.6,0.10920121116103279,90.9229298994586,99.2
824337,676974,2026-07-01,"Meyer, Max",away,146,Miami Marlins,115,Colorado Rockies,5,13,78,90.26282051282051,2709.0897435897436,0.16666666666666666,0.2319634703196347,6.4,0.10831081472261854,91.20430365396359,95.8
823847,676974,2026-07-07,"Meyer, Max",home,146,Miami Marlins,136,Seattle Mariners,4,5,80,91.1875,2693.575,0.0625,0.23203285420944558,6.0,0.11555719153421273,91.03078080000594,93.0
823763,676974,2026-07-18,"Meyer, Max",away,146,Miami Marlins,158,Milwaukee Brewers,5,7,74,91.55,2756.391891891892,0.0945945945945946,0.20990255464840663,5.8,0.10489929679737062,91.22091237895332,90.0
824851,676979,2026-04-25,"Crochet, Garrett",away,111,Boston Red Sox,110,Baltimore Orioles,7,12,90,92.54555555555557,2338.9,0.13333333333333333,0.24172517552657974,6.0,0.10343220416404016,92.20347027480106,85.6
822824,677944,2026-04-26,"Cecconi, Slade",away,114,Cleveland Guardians,141,Toronto Blue Jays,5,10,90,88.90333333333334,2233.8,0.1111111111111111,0.18255578093306288,4.0,0.08391167491065724,86.4426779590543,88.8
825014,677944,2026-05-02,"Cecconi, Slade",away,114,Cleveland Guardians,133,Athletics,3,8,69,89.88260869565217,2286.68115942029,0.11594202898550725,0.2255456750202102,4.0,0.09108013369201924,87.13022634615108,88.2
824117,677944,2026-05-07,"Cecconi, Slade",away,114,Cleveland Guardians,118,Kansas City Royals,3,2,82,88.82317073170732,2338.560975609756,0.024390243902439025,0.2246065808297568,3.4,0.08368030419500304,87.7116892617521,85.0
824442,677944,2026-05-12,"Cecconi, Slade",home,114,Cleveland Guardians,108,Los Angeles Angels,7,8,89,92.4134831460674,2323.449438202247,0.0898876404494382,0.25327510917030566,3.4,0.07914658826960849,88.22032340809358,84.4
824277,677944,2026-05-18,"Cecconi, Slade",away,114,Cleveland Guardians,116,Detroit Tigers,4,6,96,88.75729166666667,2253.3125,0.0625,0.2267743796884016,4.0,0.08103216233650763,88.84600854305418,84.8
823458,677944,2026-05-23,"Cecconi, Slade",away,114,Cleveland Guardians,143,Philadelphia Phillies,5,7,86,87.99302325581395,2175.4767441860463,0.08139534883720931,0.22146951537258988,4.4,0.08076620488969913,89.75597751468538,85.2
824433,677944,2026-05-29,"Cecconi, Slade",home,114,Cleveland Guardians,111,Boston Red Sox,3,6,69,89.3768115942029,2298.5942028985505,0.08695652173913043,0.22040423484119345,4.4,0.07482305243491875,89.5739154991815,84.4
823542,677944,2026-06-04,"Cecconi, Slade",away,114,Cleveland Guardians,147,New York Yankees,4,11,82,86.5390243902439,2268.390243902439,0.13414634146341464,0.22997416020671835,4.4,0.06902595098564339,89.47275607889165,84.4
824429,677944,2026-06-09,"Cecconi, Slade",home,114,Cleveland Guardians,147,New York Yankees,7,10,87,87.78735632183908,2343.1954022988507,0.11494252873563218,0.22961460446247464,4.6,0.09097717049783852,89.01592681059897,84.4
823775,677944,2026-06-16,"Cecconi, Slade",away,114,Cleveland Guardians,158,Milwaukee Brewers,4,6,82,87.39146341463415,2289.817073170732,0.07317073170731707,0.2055350553505535,4.6,0.09598814815507731,88.0907014457533,84.0
824177,677944,2026-06-21,"Cecconi, Slade",away,114,Cleveland Guardians,117,Houston Astros,1,4,79,88.12658227848101,2365.253164556962,0.05063291139240506,0.21808330511344395,4.6,0.09812229449654072,87.8175357953468,81.2
824421,677944,2026-06-27,"Cecconi, Slade",home,114,Cleveland Guardians,136,Seattle Mariners,4,8,87,88.03563218390805,2326.183908045977,0.09195402298850575,0.22832369942196531,3.8,0.09196980700757987,87.84424759988022,79.8
824416,677944,2026-07-02,"Cecconi, Slade",home,114,Cleveland Guardians,145,Chicago White Sox,3,5,100,89.009,2390.58,0.05,0.23825710754017304,4.0,0.09296930725745493,87.57601171782123,83.4
823684,677944,2026-07-08,"Cecconi, Slade",away,114,Cleveland Guardians,142,Minnesota Twins,4,6,67,88.5268656716418,2303.8805970149256,0.08955223880597014,0.21650071123755335,3.8,0.07614003896477202,88.07000683977246,87.0
824408,677944,2026-07-22,"Cecconi, Slade",home,114,Cleveland Guardians,142,Minnesota Twins,5,6,88,88.17613636363636,2299.693181818182,0.06818181818181818,0.21548387096774194,3.2,0.07106198097883962,88.217908709733,83.0
824490,677944,2026-07-28,"Cecconi, Slade",away,114,Cleveland Guardians,113,Cincinnati Reds,2,6,84,90.21428571428571,2380.9880952380954,0.07142857142857142,0.24707973590655155,3.4,0.07006419827373983,88.37484329953345,84.2
823390,677952,2026-04-28,"Ashcraft, Braxton",home,134,Pittsburgh Pirates,138,St. Louis Cardinals,7,12,87,93.0896551724138,2451.896551724138,0.13793103448275862,0.21421709894332372,6.4,0.13385753563303088,92.17409396977848,87.0
823387,677952,2026-05-03,"Ashcraft, Braxton",home,134,Pittsburgh Pirates,113,Cincinnati Reds,6,10,82,91.0890243902439,2577.3536585365855,0.12195121951219512,0.2463884430176565,7.2,0.14305293793188142,92.52696753299688,87.0
823224,677952,2026-05-09,"Ashcraft, Braxton",away,134,Pittsburgh Pirates,137,San Francisco Giants,6,10,80,92.9225,2357.175,0.125,0.218475073313783,6.8,0.1490523772366193,92.20132413518358,86.0
823384,677952,2026-05-15,"Ashcraft, Braxton",home,134,Pittsburgh Pirates,143,Philadelphia Phillies,5,9,100,93.223,2448.66,0.09,0.21566265060240963,6.2,0.14028614347038554,92.44946049881995,86.6
823056,677952,2026-05-21,"Ashcraft, Braxton",away,134,Pittsburgh Pirates,138,St. Louis Cardinals,9,11,98,92.80918367346938,2529.6530612244896,0.11224489795918367,0.20962389380530974,5.8,0.12050836569260777,92.76228272104217,88.6
823379,677952,2026-05-26,"Ashcraft, Braxton",home,134,Pittsburgh Pirates,112,Chicago Cubs,5,12,95,93.10631578947368,2502.6315789473683,0.12631578947368421,0.21022727272727273,6.6,0.11742543039082746,92.62667264722542,89.4
823373,677952,2026-05-31,"Ashcraft, Braxton",home,134,Pittsburgh Pirates,142,Minnesota Twins,11,23,80,92.76875,2494.5875,0.2875,0.2296756996890271,6.2,0.1151023813890126,92.63000477063738,91.0
824915,677952,2026-06-06,"Ashcraft, Braxton",away,134,Pittsburgh Pirates,144,Atlanta Braves,5,7,86,93.80465116279069,2454.139534883721,0.08139534883720931,0.20509658857377722,7.2,0.14821213748657358,92.96594989258861,90.6
823370,677952,2026-06-12,"Ashcraft, Braxton",home,134,Pittsburgh Pirates,146,Miami Marlins,4,9,90,92.51222222222222,2470.4777777777776,0.1,0.2173576133281674,7.0,0.13949120725401545,93.14238012514674,91.8
824992,677952,2026-06-17,"Ashcraft, Braxton",away,134,Pittsburgh Pirates,133,Athletics,7,10,93,92.53440860215055,2419.7204301075267,0.10752688172043011,0.22065562213605922,6.8,0.14149120725401543,93.0002245695912,89.8
823367,677952,2026-06-24,"Ashcraft, Braxton",home,134,Pittsburgh Pirates,136,Seattle Mariners,10,15,86,91.91976744186047,2519.720930232558,0.1744186046511628,0.22562396006655575,6.4,0.14054760400626473,92.94526955532743,88.8
823444,677952,2026-06-29,"Ashcraft, Braxton",away,134,Pittsburgh Pirates,143,Philadelphia Phillies,8,15,97,91.6319587628866,2471.4742268041236,0.15463917525773196,0.23214285714285715,7.4,0.15016816704176045,92.7079598858048,87.0
822716,677952,2026-07-04,"Ashcraft, Braxton",away,134,Pittsburgh Pirates,120,Washington Nationals,7,13,94,92.15212765957446,2441.2340425531916,0.13829787234042554,0.2151788310555394,6.8,0.12359600209330683,92.48060163838211,90.4
823357,677952,2026-07-11,"Ashcraft, Braxton",home,134,Pittsburgh Pirates,158,Milwaukee Brewers,6,10,98,91.59081632653061,2480.622448979592,0.10204081632653061,0.20874587458745875,7.2,0.13497650679395007,92.15009693773885,92.0
823522,677952,2026-07-20,"Ashcraft, Braxton",away,134,Pittsburgh Pirates,147,New York Yankees,2,6,74,92.68243243243244,2332.0135135135133,0.08108108108108109,0.2397094430992736,7.6,0.1353846700592562,91.96581575860054,93.6
823354,677952,2026-07-26,"Ashcraft, Braxton",home,134,Pittsburgh Pirates,112,Chicago Cubs,5,9,93,91.25376344086023,2599.2795698924733,0.0967741935483871,0.21728574896819616,6.6,0.13009550993138638,91.99542052465691,89.8
824485,677952,2026-08-01,"Ashcraft, Braxton",away,134,Pittsburgh Pirates,113,Cincinnati Reds,5,6,69,93.08985507246376,2476.913043478261,0.08695652173913043,0.25157537566650506,5.6,0.11456662771083126,91.86221972445686,91.2
823754,677952,2026-08-06,"Ashcraft, Braxton",away,134,Pittsburgh Pirates,158,Milwaukee Brewers,5,10,82,92.29634146341463,2452.1463414634145,0.12195121951219512,0.21097808899932233,5.0,0.10103009700711096,92.1537989863723,85.6
823829,677952,2026-08-13,"Ashcraft, Braxton",away,134,Pittsburgh Pirates,146,Miami Marlins,10,8,85,92.96588235294118,2444.141176470588,0.09411764705882353,0.21467688937568455,4.6,0.09776076644146486,92.18264174714034,83.2
823341,677952,2026-08-18,"Ashcraft, Braxton",home,134,Pittsburgh Pirates,116,Detroit Tigers,4,6,80,93.8075,2452.8,0.075,0.22447257383966246,5.4,0.09617613258792346,92.45765495242244,80.6
824284,677958,2026-05-02,"Rocker, Kumar",away,140,Texas Rangers,116,Detroit Tigers,2,3,43,89.39302325581396,2039.5581395348838,0.06976744186046512,0.214168039538715,4.4,0.11102154097713657,89.99183561061758,86.4
822904,677958,2026-05-08,"Rocker, Kumar",home,140,Texas Rangers,112,Chicago Cubs,3,7,87,89.75632183908046,2174.287356321839,0.08045977011494253,0.19960343688037013,4.2,0.09747502934922958,89.8091902617804,79.0
822900,677958,2026-05-13,"Rocker, Kumar",home,140,Texas Rangers,109,Arizona Diamondbacks,3,4,97,90.66082474226805,2186.7525773195875,0.041237113402061855,0.21562082777036048,3.8,0.09428987493848315,89.52021366574107,79.8
822899,677958,2026-05-25,"Rocker, Kumar",home,140,Texas Rangers,117,Houston Astros,5,6,85,88.72470588235295,2184.035294117647,0.07058823529411765,0.21232876712328766,3.2,0.07779502957765841,89.79299717089569,79.8
822893,677958,2026-05-30,"Rocker, Kumar",home,140,Texas Rangers,118,Kansas City Royals,2,9,85,88.18705882352941,2130.752941176471,0.10588235294117647,0.2136470588235294,3.2,0.07145813118193647,89.63316562009356,79.2
822892,677958,2026-06-05,"Rocker, Kumar",home,140,Texas Rangers,114,Cleveland Guardians,5,9,94,88.87234042553192,2182.7978723404253,0.09574468085106383,0.20492487479131888,3.0,0.07358698272255274,89.34438690860895,79.4
824101,677958,2026-06-11,"Rocker, Kumar",away,140,Texas Rangers,118,Kansas City Royals,3,7,83,89.88674698795181,2252.987951807229,0.08433734939759036,0.21342646488164532,3.6,0.07878243052067246,89.24025034255256,89.6
822888,677958,2026-06-16,"Rocker, Kumar",home,140,Texas Rangers,142,Minnesota Twins,4,9,70,88.25285714285714,2158.8285714285716,0.12857142857142856,0.22504472271914133,3.6,0.07955794637720202,89.26633537232684,88.8
822795,677958,2026-06-28,"Rocker, Kumar",away,140,Texas Rangers,141,Toronto Blue Jays,5,15,92,89.9945652173913,2164.228260869565,0.16304347826086957,0.19826198905696812,3.8,0.09702480941107537,88.78474185244464,83.4
822879,677958,2026-07-05,"Rocker, Kumar",home,140,Texas Rangers,116,Detroit Tigers,4,9,85,89.30117647058825,2138.5529411764705,0.10588235294117647,0.22931086367739995,3.8,0.11551585800442576,89.03871371945232,84.8
822875,677958,2026-07-11,"Rocker, Kumar",home,140,Texas Rangers,117,Houston Astros,6,9,91,88.61318681318681,2067.4285714285716,0.0989010989010989,0.2152911951421474,4.2,0.11551585800442574,89.26153724886409,84.8
822871,677958,2026-07-21,"Rocker, Kumar",home,140,Texas Rangers,145,Chicago White Sox,6,11,75,88.78133333333334,2088.6266666666666,0.14666666666666667,0.23703112529928172,4.4,0.11614714161443276,89.20970652639507,84.2
822868,677958,2026-07-27,"Rocker, Kumar",home,140,Texas Rangers,136,Seattle Mariners,7,13,88,88.31136363636364,2107.056818181818,0.14772727272727273,0.22863624905470128,5.0,0.12861300506824805,88.98862379547136,82.6
824163,677958,2026-08-02,"Rocker, Kumar",away,140,Texas Rangers,117,Houston Astros,5,15,88,88.5125,2207.3863636363635,0.17045454545454544,0.21634954193093728,5.6,0.13244417389941687,89.00032509417267,86.2
822862,677958,2026-08-09,"Rocker, Kumar",home,140,Texas Rangers,110,Baltimore Orioles,5,7,69,88.3695652173913,2093.159420289855,0.10144927536231885,0.24267211997273347,5.6,0.13392638733815204,88.70391205069441,85.4
824968,677958,2026-08-14,"Rocker, Kumar",away,140,Texas Rangers,133,Athletics,3,7,94,90.71702127659574,2179.095744680851,0.07446808510638298,0.2271348071087993,5.8,0.13303977182238053,88.51758980005502,82.2
822860,677958,2026-08-19,"Rocker, Kumar",home,140,Texas Rangers,120,Washington Nationals,3,10,92,89.47173913043478,2135.6847826086955,0.10869565217391304,0.2160292921074044,5.2,0.12815316906343732,88.9383566927368,82.8
824203,677960,2026-04-25,"Weathers, Ryan",away,147,New York Yankees,117,Houston Astros,4,12,86,89.2,2407.093023255814,0.13953488372093023,0.1958568738229755,7.2,0.116581448786376,89.83227604892309,90.8
823554,677960,2026-05-02,"Weathers, Ryan",home,147,New York Yankees,110,Baltimore Orioles,5,9,90,89.00888888888889,2270.9,0.1,0.24483043837882548,6.6,0.12111180215393866,89.3065617632088,92.6
824844,677960,2026-05-11,"Weathers, Ryan",away,147,New York Yankees,110,Baltimore Orioles,9,14,101,88.32871287128714,2257.029702970297,0.13861386138613863,0.24434389140271492,6.8,0.12065725669939323,88.7156122682593,93.0
823549,677960,2026-05-18,"Weathers, Ryan",home,147,New York Yankees,141,Toronto Blue Jays,7,7,90,88.28333333333333,2406.2,0.07777777777777778,0.1810244470314319,7.2,0.12638002897662096,88.73595484251673,93.2
823544,677960,2026-05-24,"Weathers, Ryan",home,147,New York Yankees,139,Tampa Bay Rays,4,5,95,89.43894736842105,2353.8105263157895,0.05263157894736842,0.18583599574014908,6.6,0.12065898878749563,88.71134491343872,92.4
825000,677960,2026-05-30,"Weathers, Ryan",away,147,New York Yankees,133,Athletics,10,18,107,88.75981308411214,2282.542056074766,0.16822429906542055,0.2199000454338937,5.8,0.10171162036644302,88.85197649238609,92.4
823538,677960,2026-06-05,"Weathers, Ryan",home,147,New York Yankees,111,Boston Red Sox,4,7,93,89.44516129032257,2408.0967741935483,0.07526881720430108,0.2191958495460441,7.0,0.10744950343534107,88.76393910920851,96.6
822803,677960,2026-06-12,"Weathers, Ryan",away,147,New York Yankees,141,Toronto Blue Jays,2,4,82,90.8609756097561,2317.768292682927,0.04878048780487805,0.1943366951124903,6.8,0.10250326687620129,88.85119358949524,97.2
823533,677960,2026-06-18,"Weathers, Ryan",home,147,New York Yankees,145,Chicago White Sox,7,13,88,88.27272727272727,2367.3295454545455,0.14772727272727273,0.23878964637258476,5.4,0.08453659215994917,89.35764613718905,93.4
824259,677960,2026-06-24,"Weathers, Ryan",away,147,New York Yankees,116,Detroit Tigers,6,9,97,88.959793814433,2328.2474226804125,0.09278350515463918,0.22890331397335156,5.4,0.09852649114984817,89.35552492506783,93.0
823529,677960,2026-06-29,"Weathers, Ryan",home,147,New York Yankees,116,Detroit Tigers,3,8,55,89.72000000000001,2357.2545454545457,0.14545454545454545,0.22916666666666666,5.8,0.10655687639130232,89.25969421427021,93.4
823525,677960,2026-07-05,"Weathers, Ryan",home,147,New York Yankees,142,Minnesota Twins,5,14,88,88.86363636363636,2378.840909090909,0.1590909090909091,0.21636575422248108,4.4,0.1020029256691273,89.45173159744779,83.0
822709,677960,2026-07-10,"Weathers, Ryan",away,147,New York Yankees,120,Washington Nationals,6,10,91,86.58021978021978,2423.4945054945056,0.10989010989010989,0.213520197856554,4.6,0.11876734404644891,89.33542661211054,82.0
823522,677960,2026-07-20,"Weathers, Ryan",home,147,New York Yankees,134,Pittsburgh Pirates,5,20,99,89.2050505050505,2329.020202020202,0.20202020202020202,0.23985801217038538,5.4,0.13098926846349526,88.47927544620327,83.8
823435,677960,2026-07-25,"Weathers, Ryan",away,147,New York Yankees,143,Philadelphia Phillies,7,14,97,89.15876288659794,2422.5257731958764,0.14432989690721648,0.23859829940736924,5.0,0.1418478543220811,88.66574009266793,86.0
824568,677960,2026-07-30,"Weathers, Ryan",away,147,New York Yankees,145,Chicago White Sox,4,8,106,87.04716981132076,2326.443396226415,0.07547169811320754,0.2362921072043275,5.2,0.1521571326725966,88.70553390710091,86.0
823517,677960,2026-08-04,"Weathers, Ryan",home,147,New York Yankees,138,St. Louis Cardinals,6,8,88,87.77272727272727,2423.193181818182,0.09090909090909091,0.20334590009425071,5.4,0.138160563204329,88.17096786936506,96.2
823512,677960,2026-08-11,"Weathers, Ryan",home,147,New York Yankees,136,Seattle Mariners,4,8,106,88.49811320754716,2380.698113207547,0.07547169811320754,0.22853279242731575,5.6,0.12452419956796537,87.95278605118324,96.2
822774,677960,2026-08-16,"Weathers, Ryan",away,147,New York Yankees,141,Toronto Blue Jays,4,8,95,88.06526315789475,2227.978947368421,0.08421052631578947,0.19574559518693596,5.2,0.11764051721258491,88.33636473664873,99.2
823509,677960,2026-08-22,"Weathers, Ryan",home,147,New York Yankees,141,Toronto Blue Jays,3,6,72,89.50555555555555,2323.5416666666665,0.08333333333333333,0.1956342668863262,5.0,0.0940785820717024,88.10840726721757,98.4
823990,677976,2026-08-15,"Dobnak, Randy",away,118,Kansas City Royals,108,Los Angeles Angels,6,13,93,87.13010752688173,1923.6129032258063,0.13978494623655913,0.25178610088763803,3.0,0.08686777552335301,87.05929008980125,91.4
824074,677976,2026-08-20,"Dobnak, Randy",home,118,Kansas City Royals,133,Athletics,4,12,96,87.25729166666667,2022.8020833333333,0.125,0.22339326307088242,3.6,0.09399143143733149,86.92468659517759,90.8
824982,678022,2026-07-03,"Perkins, Jack",home,133,Athletics,146,Miami Marlins,8,9,91,91.04395604395604,2083.043956043956,0.0989010989010989,0.21614268440145104,5.8,0.128928663203173,91.06646254399195,74.6
825056,678022,2026-07-21,"Perkins, Jack",away,133,Athletics,109,Arizona Diamondbacks,4,12,87,90.86781609195403,2103.7011494252874,0.13793103448275862,0.19614147909967847,6.2,0.11670888298339277,90.94192041944983,77.8
824977,678022,2026-07-27,"Perkins, Jack",home,133,Athletics,111,Boston Red Sox,4,10,69,91.4159420289855,2273.4927536231885,0.14492753623188406,0.21903052064631956,6.2,0.11466546025031488,90.66548363784064,84.4
824972,678022,2026-08-01,"Perkins, Jack",home,133,Athletics,116,Detroit Tigers,9,14,91,90.92417582417583,2151.186813186813,0.15384615384615385,0.2279216065811759,5.8,0.12953332043786817,90.73973086716715,81.2
824727,678022,2026-08-07,"Perkins, Jack",away,133,Athletics,111,Boston Red Sox,3,6,70,90.7657142857143,2302.1285714285714,0.08571428571428572,0.21735096265367665,6.0,0.12440511530966303,90.96815577559205,83.8
824967,678022,2026-08-12,"Perkins, Jack",home,133,Athletics,139,Tampa Bay Rays,2,7,97,89.68556701030928,2308.061855670103,0.07216494845360824,0.18859551808298203,5.6,0.12426402183523624,91.00352085495715,81.6
822821,678394,2026-04-29,"Bello, Brayan",away,111,Boston Red Sox,141,Toronto Blue Jays,2,1,63,92.36190476190477,2044.6507936507937,0.015873015873015872,0.18981481481481483,3.0,0.13566716086860706,89.98307423725466,88.2
824923,678394,2026-05-17,"Bello, Brayan",away,111,Boston Red Sox,144,Atlanta Braves,1,6,98,90.94897959183673,2025.9591836734694,0.061224489795918366,0.20756880733944955,3.0,0.1018852423040798,90.6267595374617,82.4
824753,678394,2026-06-04,"Bello, Brayan",home,111,Boston Red Sox,110,Baltimore Orioles,4,9,108,91.69074074074075,2043.5462962962963,0.08333333333333333,0.2358450404427416,2.2,0.07459525654233323,90.96585778141043,84.8
824185,678906,2026-06-04,"Teng, Kai-Wei",home,117,Houston Astros,134,Pittsburgh Pirates,1,10,87,87.8344827586207,2474.3793103448274,0.11494252873563218,0.23531810766721045,4.6,0.10697483408896773,87.90865032431266,72.2
824023,678906,2026-06-09,"Teng, Kai-Wei",away,117,Houston Astros,108,Los Angeles Angels,5,11,93,88.57956989247312,2514.3978494623657,0.11827956989247312,0.2496069182389937,4.4,0.11567762555037989,88.18459449508441,81.2
824181,678906,2026-06-15,"Teng, Kai-Wei",home,117,Houston Astros,116,Detroit Tigers,9,14,81,87.59506172839507,2495.5061728395062,0.1728395061728395,0.22732447817836812,5.2,0.12663512683046182,88.34844498151554,87.2
824177,678906,2026-06-21,"Teng, Kai-Wei",home,117,Houston Astros,114,Cleveland Guardians,4,9,83,88.46746987951808,2336.144578313253,0.10843373493975904,0.21416174939257202,5.6,0.1322556596439771,88.07877311666823,88.2
824257,678906,2026-06-27,"Teng, Kai-Wei",away,117,Houston Astros,116,Detroit Tigers,1,4,58,86.78275862068965,2416.103448275862,0.06896551724137931,0.23186015831134565,5.2,0.13147049651956932,88.16103113751568,87.0
822963,679883,2026-06-23,"Avila, Luinder",away,118,Kansas City Royals,139,Tampa Bay Rays,6,9,87,90.52643678160919,2513.6666666666665,0.10344827586206896,0.19120725750174458,3.4,0.08189826375326761,91.33446833901546,73.8
824580,679883,2026-06-28,"Avila, Luinder",away,118,Kansas City Royals,145,Chicago White Sox,4,6,86,92.9046511627907,2439.313953488372,0.06976744186046512,0.23937722997080765,3.8,0.09162901481609237,91.13098857204963,76.6
824091,679883,2026-07-05,"Avila, Luinder",home,118,Kansas City Royals,143,Philadelphia Phillies,4,5,69,91.32608695652173,2478.072463768116,0.07246376811594203,0.234093637454982,3.6,0.09162901481609237,91.37912810693335,76.6
824817,679883,2026-07-10,"Avila, Luinder",away,118,Kansas City Royals,110,Baltimore Orioles,3,8,96,91.140625,2473.7395833333335,0.08333333333333333,0.23953945520921088,3.8,0.0918360541535665,91.64948835538056,76.4
824085,679883,2026-07-21,"Avila, Luinder",home,118,Kansas City Royals,137,San Francisco Giants,7,11,87,92.54712643678161,2499.5632183908046,0.12643678160919541,0.20985352862849535,4.4,0.09217619020798826,91.50659294721729,85.8
824246,679883,2026-07-26,"Avila, Luinder",away,118,Kansas City Royals,116,Detroit Tigers,2,8,89,92.45393258426967,2508.7191011235955,0.0898876404494382,0.23120204603580563,4.8,0.09108992015620096,91.68898526754064,85.0
824326,679883,2026-08-01,"Avila, Luinder",away,118,Kansas City Royals,115,Colorado Rockies,2,6,60,92.69666666666667,2473.4,0.1,0.22893291955120554,4.0,0.08837779307367481,92.07448442807274,85.4
824021,680570,2026-06-14,"Rodriguez, Grayson",home,108,Los Angeles Angels,139,Tampa Bay Rays,1,2,47,91.09361702127659,2063.191489361702,0.0425531914893617,0.19067961165048544,4.6,0.08717400761610941,89.83851633192253,89.4
823685,680570,2026-07-10,"Rodriguez, Grayson",away,108,Los Angeles Angels,142,Minnesota Twins,0,5,79,89.41898734177215,2251.73417721519,0.06329113924050633,0.2177666388192704,4.0,0.08049477249626023,90.28306252098798,83.0
824008,680570,2026-07-18,"Rodriguez, Grayson",home,108,Los Angeles Angels,116,Detroit Tigers,3,9,87,89.0528735632184,2145.4827586206898,0.10344827586206896,0.23311184939091917,3.0,0.07872001065363984,90.17716926769292,79.4
823196,680570,2026-07-24,"Rodriguez, Grayson",away,108,Los Angeles Angels,137,San Francisco Giants,3,8,80,89.25,2254.2125,0.1,0.2103060423750981,2.6,0.08122784764423546,89.93638034397297,79.2
824002,680570,2026-07-29,"Rodriguez, Grayson",home,108,Los Angeles Angels,117,Houston Astros,6,14,98,90.79795918367347,2148.1428571428573,0.14285714285714285,0.21691711100339311,2.6,0.07924982566621348,89.78418254177517,77.0
824805,680570,2026-08-04,"Rodriguez, Grayson",away,108,Los Angeles Angels,110,Baltimore Orioles,6,12,98,90.34897959183674,2144.6530612244896,0.12244897959183673,0.242080378250591,2.6,0.09042994988981597,89.92268742198812,78.2
823835,680570,2026-08-09,"Rodriguez, Grayson",away,108,Los Angeles Angels,146,Miami Marlins,8,15,83,89.35903614457831,2125.3493975903616,0.18072289156626506,0.21447841726618705,3.6,0.10640910751031096,89.77375993610015,88.4
823993,680570,2026-08-14,"Rodriguez, Grayson",home,108,Los Angeles Angels,118,Kansas City Royals,5,9,89,89.96741573033708,2097.5280898876404,0.10112359550561797,0.21026200873362447,5.2,0.1298954579754627,89.76176969666139,89.2
824153,680570,2026-08-20,"Rodriguez, Grayson",away,108,Los Angeles Angels,117,Houston Astros,6,8,99,91.91515151515152,2193.7676767676767,0.08080808080808081,0.21444882707079094,5.6,0.12943052190417254,89.94467813008512,89.6
822991,680573,2026-04-26,"Woods Richardson, Simeon",away,142,Minnesota Twins,139,Tampa Bay Rays,2,7,78,87.56025641025641,1857.7435897435898,0.08974358974358974,0.18333333333333332,2.6,0.0628497199557048,88.6491054743577,85.2
823713,680573,2026-05-01,"Woods Richardson, Simeon",home,142,Minnesota Twins,141,Toronto Blue Jays,2,3,88,87.64431818181818,1992.2613636363637,0.03409090909090909,0.18229166666666666,2.6,0.06875024513333841,88.21392784074632,84.2
822741,680573,2026-05-07,"Woods Richardson, Simeon",away,142,Minnesota Twins,120,Washington Nationals,2,6,61,89.48524590163935,2051.5409836065573,0.09836065573770492,0.22406639004149378,2.2,0.061932063315156605,88.09892784074633,84.2
823710,680573,2026-05-13,"Woods Richardson, Simeon",home,142,Minnesota Twins,146,Miami Marlins,1,9,88,89.83181818181818,2013.215909090909,0.10227272727272728,0.21719745222929937,2.2,0.06983948858034464,88.6045064328389,82.8
824595,680573,2026-05-28,"Woods Richardson, Simeon",away,142,Minnesota Twins,145,Chicago White Sox,4,4,67,89.45671641791046,1995.4626865671642,0.05970149253731343,0.24346172135045174,1.8,0.08594620794793358,88.58369615615905,82.0
824852,680694,2026-04-26,"Bradish, Kyle",home,110,Baltimore Orioles,111,Boston Red Sox,3,6,88,89.46477272727272,2419.2045454545455,0.06818181818181818,0.22473012757605496,5.6,0.11370490921892404,89.64690823276365,92.2
823554,680694,2026-05-02,"Bradish, Kyle",away,110,Baltimore Orioles,147,New York Yankees,4,8,89,91.25393258426966,2440.629213483146,0.0898876404494382,0.23621399176954733,5.4,0.10806416442155273,89.86492301918204,93.2
824846,680694,2026-05-08,"Bradish, Kyle",home,110,Baltimore Orioles,133,Athletics,10,13,96,89.77499999999999,2443.0208333333335,0.13541666666666666,0.2229965156794425,5.0,0.09147379127687247,90.09200583233226,94.8
824841,680694,2026-05-13,"Bradish, Kyle",home,110,Baltimore Orioles,147,New York Yankees,7,13,100,90.324,2492.9,0.13,0.23237277743715512,5.6,0.11022379127687247,90.06013083233226,94.8
822979,680694,2026-05-19,"Bradish, Kyle",away,110,Baltimore Orioles,139,Tampa Bay Rays,6,9,102,90.66470588235293,2442.7450980392155,0.08823529411764706,0.18397291196388263,6.2,0.11354337890573844,90.18142567769308,95.4
824838,680694,2026-05-25,"Bradish, Kyle",home,110,Baltimore Orioles,139,Tampa Bay Rays,3,8,92,90.24891304347825,2422.445652173913,0.08695652173913043,0.18547544409613376,6.0,0.10234428388311403,90.29648223877906,95.0
824832,680694,2026-05-31,"Bradish, Kyle",home,110,Baltimore Orioles,141,Toronto Blue Jays,4,11,94,89.6031914893617,2438.276595744681,0.11702127659574468,0.1928312159709619,6.0,0.10609922459457646,90.45331030202017,95.8
822808,680694,2026-06-06,"Bradish, Kyle",away,110,Baltimore Orioles,141,Toronto Blue Jays,3,5,81,90.35679012345679,2466.1728395061727,0.06172839506172839,0.19190654985398414,6.0,0.11152595182383776,90.12316208303858,96.8
824827,680694,2026-06-11,"Bradish, Kyle",home,110,Baltimore Orioles,136,Seattle Mariners,5,8,85,92.76235294117647,2386.6,0.09411764705882353,0.22701259061426937,4.6,0.09678829750285012,90.23952010772993,93.8
823127,680694,2026-06-17,"Bradish, Kyle",away,110,Baltimore Orioles,136,Seattle Mariners,12,17,100,91.178,2515.87,0.17,0.22218259629101283,4.2,0.08961182691461482,90.72719069596523,90.8
824016,680694,2026-06-22,"Bradish, Kyle",away,110,Baltimore Orioles,108,Los Angeles Angels,9,13,101,91.6950495049505,2384.29702970297,0.12871287128712872,0.24776119402985075,5.4,0.10596476809108539,90.82984951949464,90.4
824821,680694,2026-06-28,"Bradish, Kyle",home,110,Baltimore Orioles,120,Washington Nationals,2,5,85,91.83999999999999,2407.6470588235293,0.058823529411764705,0.21680049413218036,6.6,0.11431603800068506,91.11907681178909,92.2
824497,680694,2026-07-05,"Bradish, Kyle",away,110,Baltimore Orioles,113,Cincinnati Reds,5,11,106,90.07358490566037,2452.6132075471696,0.10377358490566038,0.24761051373954598,6.2,0.10267648856388907,91.56643851391675,90.4
824813,680694,2026-07-11,"Bradish, Kyle",home,110,Baltimore Orioles,118,Kansas City Royals,5,9,96,90.56666666666666,2427.5833333333335,0.09375,0.21206225680933852,6.6,0.11108552653267548,91.50979747035747,95.4
824732,680694,2026-07-22,"Bradish, Kyle",away,110,Baltimore Orioles,111,Boston Red Sox,4,9,89,90.11460674157303,2388.3483146067415,0.10112359550561797,0.2177765843179377,6.6,0.11101199712091077,91.07066021545549,97.6
824245,680694,2026-07-27,"Bradish, Kyle",away,110,Baltimore Orioles,116,Detroit Tigers,4,7,93,90.48602150537636,2332.6881720430106,0.07526881720430108,0.230126582278481,5.0,0.09723671622203436,90.85798156377011,95.4
822864,680694,2026-08-08,"Bradish, Kyle",away,110,Baltimore Orioles,140,Texas Rangers,4,14,98,91.55,2380.4897959183672,0.14285714285714285,0.22752420470262794,4.0,0.08654790540546883,90.61617596385528,93.8
822941,680694,2026-08-15,"Bradish, Kyle",away,110,Baltimore Orioles,139,Tampa Bay Rays,3,4,93,91.4774193548387,2294.483870967742,0.043010752688172046,0.18728222996515678,4.4,0.10335462809454446,90.55817596385528,96.4
824802,680694,2026-08-20,"Bradish, Kyle",home,110,Baltimore Orioles,147,New York Yankees,5,9,100,90.515,2357.17,0.09,0.2461767204757859,4.0,0.0912020616510468,90.83894285369095,93.8
824607,680732,2026-05-08,"Burke, Sean",home,145,Chicago White Sox,136,Seattle Mariners,4,8,74,88.87702702702703,2523.9864864864867,0.10810810810810811,0.2445993031358885,4.2,0.06683038227377444,88.73327466657321,92.8
824601,680732,2026-05-15,"Burke, Sean",home,145,Chicago White Sox,112,Chicago Cubs,5,5,91,90.11538461538461,2501.4725274725274,0.054945054945054944,0.2065972222222222,4.0,0.07966079510418726,88.64340534670389,89.4
823134,680732,2026-05-20,"Burke, Sean",away,145,Chicago White Sox,136,Seattle Mariners,5,8,83,88.9987951807229,2448.4457831325303,0.0963855421686747,0.23985239852398524,4.4,0.08195415391928522,88.9923518349982,89.2
824597,680732,2026-05-26,"Burke, Sean",home,145,Chicago White Sox,142,Minnesota Twins,8,9,100,90.84899999999999,2494.62,0.09,0.22700871248789933,5.0,0.09470952322258537,88.98689347983843,87.4
824592,680732,2026-05-31,"Burke, Sean",home,145,Chicago White Sox,116,Detroit Tigers,6,14,93,90.83118279569892,2564.8817204301076,0.15053763440860216,0.22921451538814883,6.0,0.09488774104436755,89.51372318280872,87.2
824587,680732,2026-06-13,"Burke, Sean",home,145,Chicago White Sox,119,Los Angeles Dodgers,6,5,92,88.56739130434782,2481.7934782608695,0.05434782608695652,0.20126019273535953,5.6,0.09999526792608798,89.93427792376669,88.2
824584,680732,2026-06-23,"Burke, Sean",home,145,Chicago White Sox,114,Cleveland Guardians,6,12,90,89.24666666666667,2552.9666666666667,0.13333333333333333,0.21718538565629228,6.0,0.08924321152185767,89.87235077923086,91.8
824822,680732,2026-06-29,"Burke, Sean",away,145,Chicago White Sox,110,Baltimore Orioles,8,12,89,90.60224719101124,2574.8651685393256,0.1348314606741573,0.2411655300681959,6.2,0.10492086719951335,89.69860718948726,91.6
824415,680732,2026-07-04,"Burke, Sean",away,145,Chicago White Sox,114,Cleveland Guardians,11,15,95,90.8157894736842,2577.547368421053,0.15789473684210525,0.218214607754734,6.8,0.11261005090060987,90.01929759154493,92.8
824575,680732,2026-07-10,"Burke, Sean",home,145,Chicago White Sox,133,Athletics,9,13,98,91.2234693877551,2569.2448979591836,0.1326530612244898,0.22748815165876776,7.4,0.1261889982690309,90.01265548628177,91.8
822786,680732,2026-07-19,"Burke, Sean",away,145,Chicago White Sox,141,Toronto Blue Jays,5,10,98,89.27755102040817,2519.0408163265306,0.10204081632653061,0.19621814195670045,8.0,0.12261208363220844,90.09111280469301,92.8
824571,680732,2026-07-25,"Burke, Sean",home,145,Chicago White Sox,117,Houston Astros,10,17,102,89.07745098039216,2589.0686274509803,0.16666666666666666,0.2140518761017376,7.8,0.13215068168012326,90.23314474790507,94.0
824568,680732,2026-07-30,"Burke, Sean",home,145,Chicago White Sox,147,New York Yankees,10,16,91,89.57142857142857,2532.802197802198,0.17582417582417584,0.2425437515405472,8.6,0.1388173483467899,90.19930161065017,96.4
824728,680732,2026-08-05,"Burke, Sean",away,145,Chicago White Sox,111,Boston Red Sox,4,8,91,90.97032967032966,2510.2747252747254,0.08791208791208792,0.21774193548387097,9.0,0.14701589137679363,89.99313788673365,96.8
824563,680732,2026-08-11,"Burke, Sean",home,145,Chicago White Sox,113,Cincinnati Reds,8,17,94,88.2936170212766,2543.6063829787236,0.18085106382978725,0.25283961835529306,7.6,0.13301936159079017,90.02404592606274,96.0
824236,680732,2026-08-16,"Burke, Sean",away,145,Chicago White Sox,116,Detroit Tigers,2,4,72,88.33888888888889,2501.2083333333335,0.05555555555555555,0.22587577906726844,7.4,0.14265896211184964,89.43807545276704,95.2
824559,680732,2026-08-21,"Burke, Sean",home,145,Chicago White Sox,121,New York Mets,4,14,98,89.4857142857143,2580.877551020408,0.14285714285714285,0.22622268470343393,6.8,0.13336190995765465,89.25034302646318,90.0
823954,680736,2026-05-10,"Wrobleski, Justin",home,119,Los Angeles Dodgers,144,Atlanta Braves,7,13,100,89.779,2360.03,0.13,0.20546163849154747,2.6,0.05193716840992979,89.15202964567519,91.4
824038,680736,2026-05-16,"Wrobleski, Justin",away,119,Los Angeles Dodgers,108,Los Angeles Angels,5,8,103,88.91553398058252,2307.339805825243,0.07766990291262135,0.2592159157401989,3.6,0.06768075815351954,88.95706041490595,95.8
823788,680736,2026-05-22,"Wrobleski, Justin",away,119,Los Angeles Dodgers,158,Milwaukee Brewers,4,8,100,90.925,2379.62,0.08,0.20217983651226157,4.2,0.07432584984715492,88.91527832213356,98.4
823946,680736,2026-05-29,"Wrobleski, Justin",home,119,Los Angeles Dodgers,143,Philadelphia Phillies,9,15,88,91.60000000000001,2442.2613636363635,0.17045454545454544,0.21851145038167938,4.4,0.08001657149663946,89.28130924996861,99.0
825076,680736,2026-06-04,"Wrobleski, Justin",away,119,Los Angeles Dodgers,109,Arizona Diamondbacks,4,4,84,90.2642857142857,2413.440476190476,0.047619047619047616,0.2019400352733686,5.0,0.10126344389030084,89.81378631418879,94.8
823371,680736,2026-06-11,"Wrobleski, Justin",away,119,Los Angeles Dodgers,134,Pittsburgh Pirates,1,7,80,91.22625000000001,2335.675,0.0875,0.23502994011976047,5.8,0.10114869919724287,90.29676393897364,95.0
823939,680736,2026-06-16,"Wrobleski, Justin",home,119,Los Angeles Dodgers,139,Tampa Bay Rays,5,5,67,90.77910447761194,2347.223880597015,0.07462686567164178,0.18921975122502827,4.6,0.09264869919724288,90.58621393897366,91.0
823690,680736,2026-06-23,"Wrobleski, Justin",away,119,Los Angeles Dodgers,142,Minnesota Twins,3,9,92,91.54130434782608,2385.3804347826085,0.09782608695652174,0.21704918032786885,4.6,0.09204009174904697,90.95892803837953,83.8
824984,680736,2026-06-30,"Wrobleski, Justin",away,119,Los Angeles Dodgers,133,Athletics,11,18,110,90.38545454545454,2403.5363636363636,0.16363636363636364,0.22276176024279212,4.4,0.09560530914035133,91.08218890794475,82.2
823929,680736,2026-07-07,"Wrobleski, Justin",home,119,Los Angeles Dodgers,115,Colorado Rockies,9,11,94,91.32978723404256,2376.755319148936,0.11702127659574468,0.22691218130311613,4.8,0.09424167277671495,90.83927981703565,86.6
823437,680736,2026-07-21,"Wrobleski, Justin",away,119,Los Angeles Dodgers,143,Philadelphia Phillies,7,11,89,89.64157303370787,2321.6067415730336,0.12359550561797752,0.2363684489147697,5.8,0.10812211857205437,91.05238012098702,88.6
823923,680736,2026-07-28,"Wrobleski, Justin",home,119,Los Angeles Dodgers,136,Seattle Mariners,7,12,102,90.7627450980392,2345.401960784314,0.11764705882352941,0.22882837871596304,7.0,0.11534121969564988,90.73544472772859,90.4
824647,680736,2026-08-03,"Wrobleski, Justin",away,119,Los Angeles Dodgers,112,Chicago Cubs,4,4,91,91.0791208791209,2288.6923076923076,0.04395604395604396,0.2173324306025728,7.4,0.12394525832602739,90.73217285181406,97.4
825050,680736,2026-08-09,"Wrobleski, Justin",away,119,Los Angeles Dodgers,109,Arizona Diamondbacks,3,4,76,91.28157894736842,2444.5394736842104,0.05263157894736842,0.19292748433303492,7.6,0.11317124972593184,90.63973615807302,97.2
823914,680736,2026-08-15,"Wrobleski, Justin",home,119,Los Angeles Dodgers,158,Milwaukee Brewers,6,15,107,93.19158878504673,2529.4859813084113,0.14018691588785046,0.2152428810720268,6.0,0.0909702927881328,90.8189610384558,90.4
822791,680755,2026-07-01,"Fisher, Braydon",home,141,Toronto Blue Jays,121,New York Mets,1,0,14,89.27857142857144,2454.714285714286,0.0,0.22274143302180685,1.4,0.13875086266390615,87.49838007403226,17.0
822784,680755,2026-07-22,"Fisher, Braydon",home,141,Toronto Blue Jays,139,Tampa Bay Rays,1,1,26,86.69615384615385,2285.423076923077,0.038461538461538464,0.18810839252828204,1.6,0.13875086266390615,87.60500345065563,17.6
822775,680755,2026-08-15,"Fisher, Braydon",home,141,Toronto Blue Jays,147,New York Yankees,0,0,12,86.10833333333333,2310.9166666666665,0.0,0.24413762875301337,1.0,0.11166056166056167,87.6051037851038,18.2
823861,681035,2026-05-24,"Scott, Christian",away,121,New York Mets,146,Miami Marlins,5,8,94,89.32978723404256,2245.2659574468084,0.0851063829787234,0.21890798786653184,5.0,0.09796458791681015,91.36463458162032,73.8
823622,681035,2026-05-30,"Scott, Christian",home,121,New York Mets,146,Miami Marlins,8,10,96,87.75729166666667,2178.2631578947367,0.10416666666666667,0.2160294795025334,5.8,0.10568353893115949,90.86687109819627,84.0
823293,681035,2026-06-05,"Scott, Christian",away,121,New York Mets,135,San Diego Padres,3,8,98,89.85204081632654,2396.734693877551,0.08163265306122448,0.2355855855855856,5.8,0.1021925479401685,90.30778889098906,88.4
823619,681035,2026-06-11,"Scott, Christian",home,121,New York Mets,138,St. Louis Cardinals,6,13,88,89.2159090909091,2205.034090909091,0.14772727272727273,0.2096052096052096,5.2,0.09168981025973046,89.74673363962022,91.6
823609,681035,2026-06-27,"Scott, Christian",home,121,New York Mets,143,Philadelphia Phillies,6,17,82,90.61585365853658,2449.2804878048782,0.2073170731707317,0.23139686684073107,5.4,0.1010105457040614,89.66137613195936,91.4
824904,681035,2026-07-03,"Scott, Christian",away,121,New York Mets,144,Atlanta Braves,7,12,82,89.68414634146342,2387.9024390243903,0.14634146341463414,0.21,5.6,0.1251900097209238,89.35417649329628,91.6
823605,681035,2026-07-08,"Scott, Christian",home,121,New York Mets,118,Kansas City Royals,5,10,90,89.69,2419.233333333333,0.1111111111111111,0.2119736465196219,6.0,0.13743702580810596,89.42504831478047,89.2
823440,681035,2026-07-16,"Scott, Christian",away,121,New York Mets,143,Philadelphia Phillies,7,10,79,89.02911392405063,2401.9620253164558,0.12658227848101267,0.23424167354803194,5.4,0.13882591469699485,89.81158998144711,88.0
823761,681035,2026-07-22,"Scott, Christian",away,121,New York Mets,158,Milwaukee Brewers,6,9,89,90.49887640449438,2340.7977528089887,0.10112359550561797,0.21065989847715735,6.2,0.14781583978095247,89.64700460299194,84.2
823598,681035,2026-07-29,"Scott, Christian",home,121,New York Mets,144,Atlanta Braves,7,13,98,90.12448979591838,2321.581632653061,0.1326530612244898,0.21346918489065606,6.2,0.13849510433662152,89.903598065709,84.4
824402,681035,2026-08-05,"Scott, Christian",away,121,New York Mets,114,Cleveland Guardians,7,12,96,90.27708333333334,2402.8020833333335,0.125,0.22107728337236535,6.4,0.12356230194737314,89.80532529318536,87.6
824887,681035,2026-08-10,"Scott, Christian",away,121,New York Mets,144,Atlanta Braves,6,14,82,89.58170731707317,2433.829268292683,0.17073170731707318,0.21433385756009884,6.4,0.1192940092644463,89.92391269155935,90.4
823590,681035,2026-08-16,"Scott, Christian",home,121,New York Mets,120,Washington Nationals,7,13,90,88.81555555555555,2344.988888888889,0.14444444444444443,0.21502269913330582,6.6,0.13121812850563871,89.90225415497397,88.8
824560,681035,2026-08-22,"Scott, Christian",away,121,New York Mets,145,Chicago White Sox,6,12,94,88.95851063829788,2441.2872340425533,0.1276595744680851,0.23808549805686235,6.6,0.1347905616983251,89.85954248127496,91.0
823311,681190,2026-04-27,"Vásquez, Randy",home,135,San Diego Padres,112,Chicago Cubs,4,9,106,90.82358490566037,2618.396226415094,0.08490566037735849,0.21377459749552774,6.0,0.13361436979191885,90.7101587841487,87.0
823228,681190,2026-05-04,"Vásquez, Randy",away,135,San Diego Padres,137,San Francisco Giants,2,7,88,90.78750000000001,2628.659090909091,0.07954545454545454,0.21770917952883834,5.2,0.12202407329596199,90.77927136967638,90.0
823304,681190,2026-05-09,"Vásquez, Randy",home,135,San Diego Padres,138,St. Louis Cardinals,6,10,94,90.29468085106383,2641.5425531914893,0.10638297872340426,0.21638655462184875,5.0,0.10419822444601676,90.95195209256795,91.0
823140,681190,2026-05-15,"Vásquez, Randy",away,135,San Diego Padres,136,Seattle Mariners,3,8,79,91.26455696202531,2611.5949367088606,0.10126582278481013,0.23717948717948717,4.6,0.10156177671243674,90.77001869756333,91.4
823299,681190,2026-05-20,"Vásquez, Randy",home,135,San Diego Padres,119,Los Angeles Dodgers,0,1,74,91.37297297297297,2560.5,0.013513513513513514,0.20915380521554017,4.0,0.10299141185763405,90.78763597232133,90.2
823294,681190,2026-05-26,"Vásquez, Randy",home,135,San Diego Padres,143,Philadelphia Phillies,2,6,99,91.30000000000001,2626.868686868687,0.06060606060606061,0.22271604938271605,3.0,0.07712268598890817,90.9086591383445,88.2
823460,681190,2026-06-02,"Vásquez, Randy",away,135,San Diego Padres,143,Philadelphia Phillies,3,6,80,90.04249999999999,2611.425,0.075,0.22373806275579808,2.6,0.07226276603464861,91.00394215721244,86.8
823291,681190,2026-06-07,"Vásquez, Randy",home,135,San Diego Padres,121,New York Mets,3,7,75,90.28933333333333,2607.28,0.09333333333333334,0.22021052631578947,2.8,0.07135367512555771,90.85494215721242,85.2
824828,681190,2026-06-13,"Vásquez, Randy",away,135,San Diego Padres,110,Baltimore Orioles,5,7,100,91.303,2661.4,0.07,0.23501110288675056,2.2,0.06874374604754352,90.85387265366633,81.4
822886,681190,2026-06-19,"Vásquez, Randy",away,135,San Diego Padres,140,Texas Rangers,1,5,72,91.15277777777777,2631.5694444444443,0.06944444444444445,0.22571325388226796,2.6,0.06249058149058149,90.86156126126127,85.6
823935,681190,2026-07-02,"Vásquez, Randy",away,135,San Diego Padres,119,Los Angeles Dodgers,0,3,50,92.212,2502.82,0.06,0.20414814814814816,2.8,0.07367676767676769,90.81752222222221,85.2
823841,681190,2026-07-25,"Vásquez, Randy",away,135,San Diego Padres,146,Miami Marlins,0,1,37,91.77567567567567,2651.6216216216217,0.02702702702702703,0.2173027989821883,2.4,0.07355555555555557,90.99992222222222,75.4
825054,681190,2026-08-04,"Vásquez, Randy",away,135,San Diego Padres,109,Arizona Diamondbacks,1,4,80,92.62125,2546.9625,0.05,0.19274853801169592,1.8,0.06396096096096096,91.34655735735734,66.8
823268,681190,2026-08-09,"Vásquez, Randy",home,135,San Diego Padres,117,Houston Astros,1,2,62,93.60645161290323,2513.7419354838707,0.03225806451612903,0.21431747443308136,1.4,0.0552942942942943,91.8129406906907,67.8
823262,681190,2026-08-21,"Vásquez, Randy",home,135,San Diego Padres,142,Minnesota Twins,3,5,87,93.19425287356322,2525.32183908046,0.05747126436781609,0.21287535993418347,0.6,0.0477459071975201,92.27363101327134,60.2
824194,681293,2026-05-15,"Arrighetti, Spencer",home,117,Houston Astros,140,Texas Rangers,5,12,102,85.73235294117647,2540.1862745098038,0.11764705882352941,0.23547782635852593,6.0,0.10254625509825732,84.24360515387467,94.4
824679,681293,2026-05-22,"Arrighetti, Spencer",away,117,Houston Astros,112,Chicago Cubs,5,11,89,84.0438202247191,2539.4269662921347,0.12359550561797752,0.21221374045801528,5.0,0.08807566686296321,84.86027574210996,94.8
822896,681293,2026-05-28,"Arrighetti, Spencer",away,117,Houston Astros,140,Texas Rangers,3,1,94,84.21914893617021,2494.276595744681,0.010638297872340425,0.22990745250852412,5.4,0.09612810131989205,84.78487312038712,93.4
824188,681293,2026-06-03,"Arrighetti, Spencer",home,117,Houston Astros,134,Pittsburgh Pirates,3,8,83,84.06506024096385,2629.265060240964,0.0963855421686747,0.235147486497715,4.4,0.0836724275610268,84.85370290762117,93.0
824025,681293,2026-06-08,"Arrighetti, Spencer",away,117,Houston Astros,108,Los Angeles Angels,7,11,95,85.17263157894736,2517.7894736842104,0.11578947368421053,0.24890131841789853,4.2,0.08685758197177322,84.55315173742312,92.2
824099,681293,2026-06-14,"Arrighetti, Spencer",away,117,Houston Astros,118,Kansas City Royals,7,12,101,85.96633663366337,2435.6930693069307,0.1188118811881188,0.21144555927164624,4.6,0.09281117563334652,84.6466027843954,92.6
824180,681293,2026-06-20,"Arrighetti, Spencer",home,117,Houston Astros,114,Cleveland Guardians,8,12,90,83.79444444444445,2419.8333333333335,0.13333333333333333,0.21300527240773287,5.0,0.0930441401062644,84.69339952289278,92.4
824255,681293,2026-06-26,"Arrighetti, Spencer",away,117,Houston Astros,116,Detroit Tigers,7,11,93,83.22150537634408,2492.6451612903224,0.11827956989247312,0.2315648982315649,5.6,0.09499170564933557,84.64352436683785,92.6
824173,681293,2026-07-03,"Arrighetti, Spencer",home,117,Houston Astros,139,Tampa Bay Rays,4,9,73,85.72602739726027,2447.095890410959,0.1232876712328767,0.18547381546134664,6.4,0.1165199600533621,84.44399565487262,92.4
822710,681293,2026-07-08,"Arrighetti, Spencer",away,117,Houston Astros,120,Washington Nationals,2,2,94,83.81063829787234,2498.3617021276596,0.02127659574468085,0.21523915461624027,6.6,0.12190038586620251,84.77618908613191,90.4
824169,681293,2026-07-18,"Arrighetti, Spencer",home,117,Houston Astros,110,Baltimore Orioles,6,9,85,85.88588235294118,2618.2823529411767,0.10588235294117647,0.24102564102564103,5.6,0.10299781027829655,84.5037904299169,90.2
824573,681293,2026-07-24,"Arrighetti, Spencer",away,117,Houston Astros,145,Chicago White Sox,0,1,33,82.78787878787878,2589.151515151515,0.030303030303030304,0.23655352480417755,5.4,0.1004119046289081,84.48769957377246,87.0
824203,681347,2026-04-25,"Burrows, Mike",home,117,Houston Astros,147,New York Yankees,8,13,92,88.5858695652174,2329.4347826086955,0.14130434782608695,0.24444444444444444,5.0,0.12600331401819714,90.16628879871831,90.0
824772,681347,2026-05-01,"Burrows, Mike",away,117,Houston Astros,111,Boston Red Sox,3,9,94,88.6627659574468,2202.7659574468084,0.09574468085106383,0.22126929674099485,5.4,0.13298758783873368,89.80197335005967,89.6
824522,681347,2026-05-08,"Burrows, Mike",away,117,Houston Astros,113,Cincinnati Reds,6,7,98,89.70714285714286,2178.1649484536083,0.07142857142857142,0.2467082467082467,4.8,0.12118414305656548,89.51405035107283,91.6
824196,681347,2026-05-14,"Burrows, Mike",home,117,Houston Astros,136,Seattle Mariners,4,11,102,89.23039215686275,2169.5392156862745,0.10784313725490197,0.23954599761051373,5.4,0.1193779033192913,89.53019156617957,93.8
823703,681347,2026-05-20,"Burrows, Mike",away,117,Houston Astros,142,Minnesota Twins,2,7,89,88.22359550561798,2010.8539325842696,0.07865168539325842,0.22780748663101605,5.6,0.10625265321925129,89.42137203836845,94.6
822897,681347,2026-05-27,"Burrows, Mike",away,117,Houston Astros,140,Texas Rangers,6,7,91,89.88681318681319,2212.6483516483518,0.07692307692307693,0.22893954410307235,4.6,0.09899448455077653,88.88195320845756,95.0
824189,681347,2026-06-02,"Burrows, Mike",home,117,Houston Astros,134,Pittsburgh Pirates,3,9,90,90.14,2285.8,0.1,0.23487092678798138,4.2,0.08611823037017452,89.14214193277671,94.8
824183,681347,2026-06-07,"Burrows, Mike",home,117,Houston Astros,133,Athletics,3,12,97,89.21340206185567,2026.3092783505156,0.12371134020618557,0.22150101419878296,4.2,0.08696929419996176,89.43758874128736,94.0
824100,681347,2026-06-13,"Burrows, Mike",away,117,Houston Astros,118,Kansas City Royals,5,9,92,89.85217391304347,2244.75,0.09782608695652174,0.21229260935143288,3.6,0.09742584795548458,89.33884058222992,93.8
822798,681347,2026-06-24,"Burrows, Mike",away,117,Houston Astros,141,Toronto Blue Jays,3,6,93,89.32795698924731,2173.989247311828,0.06451612903225806,0.19554956169925827,3.8,0.09542243789580854,89.46319693346607,91.8
824175,681347,2026-06-30,"Burrows, Mike",home,117,Houston Astros,142,Minnesota Twins,3,8,91,88.67802197802197,2133.934065934066,0.08791208791208792,0.21306471306471306,4.0,0.09259532662360846,89.68406923019192,92.6
822712,681347,2026-07-06,"Burrows, Mike",away,117,Houston Astros,120,Washington Nationals,3,2,83,88.85180722891566,2123.843373493976,0.024096385542168676,0.21485486624928857,3.4,0.09479312882141067,89.44231098843368,92.6
823390,681517,2026-04-28,"Leahy, Kyle",away,138,St. Louis Cardinals,134,Pittsburgh Pirates,7,9,82,89.1951219512195,2133.3536585365855,0.10975609756097561,0.24364592462751972,3.0,0.06808024875222472,89.5409818076866,83.8
823064,681517,2026-05-04,"Leahy, Kyle",home,138,St. Louis Cardinals,158,Milwaukee Brewers,5,6,94,89.52765957446809,2224.808510638298,0.06382978723404255,0.20310077519379846,4.2,0.07737324041631857,89.45595556501911,84.4
823305,681517,2026-05-10,"Leahy, Kyle",away,138,St. Louis Cardinals,135,San Diego Padres,5,15,95,89.42421052631578,2261.2,0.15789473684210525,0.22346368715083798,4.4,0.07776806384250853,89.63736376857253,83.8
823060,681517,2026-05-16,"Leahy, Kyle",home,138,St. Louis Cardinals,118,Kansas City Royals,2,7,90,89.19222222222223,2113.822222222222,0.07777777777777778,0.2153755868544601,5.0,0.10371320839402817,89.51262840904694,88.6
824516,681517,2026-05-23,"Leahy, Kyle",away,138,St. Louis Cardinals,113,Cincinnati Reds,8,12,87,89.64137931034483,2220.7816091954023,0.13793103448275862,0.23792016806722688,4.2,0.0975820169616319,89.40649454023838,90.0
823054,681517,2026-05-30,"Leahy, Kyle",home,138,St. Louis Cardinals,112,Chicago Cubs,4,6,78,88.50769230769231,2185.1923076923076,0.07692307692307693,0.21243977222952257,5.4,0.10943788677953196,89.39611871691409,89.6
823049,681517,2026-06-05,"Leahy, Kyle",home,138,St. Louis Cardinals,113,Cincinnati Reds,1,3,79,89.66455696202532,2155.240506329114,0.0379746835443038,0.2463456577815993,4.8,0.10287128265195222,89.25863278820864,88.8
823695,681517,2026-06-12,"Leahy, Kyle",away,138,St. Louis Cardinals,142,Minnesota Twins,5,7,77,88.98571428571428,2227.9220779220777,0.09090909090909091,0.22557525462089778,4.0,0.09770026191400448,89.28601226572009,85.8
823044,681517,2026-06-17,"Leahy, Kyle",home,138,St. Louis Cardinals,135,San Diego Padres,7,10,81,90.03209876543211,2246.58024691358,0.12345679012345678,0.2307398932112891,4.0,0.08430313272740161,89.1983130175998,82.2
823043,681517,2026-06-23,"Leahy, Kyle",home,138,St. Louis Cardinals,109,Arizona Diamondbacks,3,6,85,90.2164705882353,2221.6941176470586,0.07058823529411765,0.19642242862057105,5.0,0.09343893519653741,89.36628832624177,80.4
823037,681517,2026-06-28,"Leahy, Kyle",home,138,St. Louis Cardinals,146,Miami Marlins,5,8,87,89.86896551724138,2095.0459770114944,0.09195402298850575,0.21918249114901833,4.0,0.07997037535880921,89.48130658181987,80.0
824658,681517,2026-07-04,"Leahy, Kyle",away,138,St. Louis Cardinals,112,Chicago Cubs,6,7,77,89.54025974025974,2147.883116883117,0.09090909090909091,0.21289398280802294,4.2,0.08297656457189498,89.75356122372968,81.8
823033,681517,2026-07-10,"Leahy, Kyle",home,138,St. Louis Cardinals,144,Atlanta Braves,2,3,44,90.11363636363636,2147.568181818182,0.06818181818181818,0.2126865671641791,5.2,0.09356344604485241,89.72870177937656,81.4
824006,681517,2026-07-20,"Leahy, Kyle",away,138,St. Louis Cardinals,108,Los Angeles Angels,4,10,95,90.16105263157894,2201.821052631579,0.10526315789473684,0.2514542570068747,4.6,0.08901799149939785,89.95428619496099,74.8
823028,681517,2026-07-26,"Leahy, Kyle",home,138,St. Louis Cardinals,113,Cincinnati Reds,8,8,102,88.79117647058824,2106.8039215686276,0.0784313725490196,0.2464065708418891,4.0,0.08537926505365385,89.98007696819033,77.6
822782,681517,2026-07-31,"Leahy, Kyle",away,138,St. Louis Cardinals,141,Toronto Blue Jays,3,10,98,88.8969387755102,2152.8469387755104,0.10204081632653061,0.194320987654321,5.0,0.08694789250463426,89.69501814466093,81.0
823024,681517,2026-08-07,"Leahy, Kyle",home,138,St. Louis Cardinals,115,Colorado Rockies,8,13,82,89.2939024390244,2168.4146341463415,0.15853658536585366,0.22745901639344263,4.6,0.08896525117223923,89.5006127963147,83.2
823017,681517,2026-08-12,"Leahy, Kyle",home,138,St. Louis Cardinals,143,Philadelphia Phillies,6,8,81,89.58888888888889,2093.0123456790125,0.09876543209876543,0.22933746953246179,5.0,0.10249075006359179,89.45134133606763,84.2
824475,681517,2026-08-18,"Leahy, Kyle",away,138,St. Louis Cardinals,113,Cincinnati Reds,6,11,90,89.68555555555555,2215.688888888889,0.12222222222222222,0.253839590443686,5.8,0.10860747284698125,89.34639184111813,91.6
825014,682052,2026-05-02,"Lopez, Jacob",home,133,Athletics,114,Cleveland Guardians,5,8,96,85.29062499999999,2213.6979166666665,0.08333333333333333,0.20894308943089432,3.4,0.07999288309085786,85.48005946032842,90.0
824846,682052,2026-05-08,"Lopez, Jacob",away,133,Athletics,110,Baltimore Orioles,5,6,91,82.61318681318681,2297.21978021978,0.06593406593406594,0.24183460736622656,4.4,0.08786834096631575,85.51796468010863,91.0
825008,682052,2026-05-14,"Lopez, Jacob",home,133,Athletics,138,St. Louis Cardinals,2,4,86,83.7360465116279,2264.9883720930234,0.046511627906976744,0.21695129664769133,4.2,0.08148993676182459,84.7414716079634,90.8
824033,682052,2026-05-19,"Lopez, Jacob",away,133,Athletics,108,Los Angeles Angels,2,6,83,85.67831325301205,2261.734939759036,0.07228915662650602,0.2606530160486995,3.6,0.07204226234321993,84.32263924362232,88.8
825001,682052,2026-05-31,"Lopez, Jacob",home,133,Athletics,147,New York Yankees,3,5,56,84.91250000000001,2259.4285714285716,0.08928571428571429,0.22780797101449277,3.0,0.05826479955087408,84.43689012951884,88.4
824575,682052,2026-07-10,"Lopez, Jacob",away,133,Athletics,145,Chicago White Sox,1,3,12,84.11666666666666,2360.1666666666665,0.25,0.23590037217291726,3.4,0.07147077961731926,84.44613431556536,82.4
824978,682052,2026-07-19,"Lopez, Jacob",home,133,Athletics,120,Washington Nationals,6,13,84,82.7357142857143,2318.0,0.15476190476190477,0.21437874446470434,2.6,0.10480411295065259,84.2113426488987,65.6
823680,682052,2026-07-24,"Lopez, Jacob",away,133,Athletics,142,Minnesota Twins,4,11,91,84.34065934065934,2290.3296703296705,0.12087912087912088,0.21639344262295082,2.8,0.12256968071622036,84.23584814340418,64.2
824973,682052,2026-07-29,"Lopez, Jacob",home,133,Athletics,111,Boston Red Sox,8,18,97,84.04536082474226,2286.6701030927834,0.18556701030927836,0.21928499496475326,3.2,0.1374431793106492,84.35677070921047,65.2
824482,682052,2026-08-05,"Lopez, Jacob",away,133,Athletics,113,Cincinnati Reds,9,11,87,84.2816091954023,2300.1494252873563,0.12643678160919541,0.2512990080302315,4.4,0.16009875004720367,84.03018022355651,68.0
824969,682052,2026-08-10,"Lopez, Jacob",home,133,Athletics,139,Tampa Bay Rays,5,11,93,82.84946236559139,2281.010752688172,0.11827956989247312,0.18954987559375708,5.6,0.1675289635118999,83.90400206263698,74.2
824965,682052,2026-08-16,"Lopez, Jacob",home,133,Athletics,140,Texas Rangers,6,13,93,82.31827956989248,2270.6344086021504,0.13978494623655913,0.2274492878722486,6.4,0.1411848774903945,83.65056120242193,90.4
824151,682052,2026-08-22,"Lopez, Jacob",away,133,Athletics,117,Houston Astros,9,14,91,81.11428571428571,2292.4222222222224,0.15384615384615385,0.2144026186579378,6.4,0.13818948578532536,83.56707425925757,92.2
824525,682227,2026-04-29,"Williamson, Brandon",home,113,Cincinnati Reds,115,Colorado Rockies,4,9,58,85.83103448275861,2311.7413793103447,0.15517241379310345,0.25155004428697963,3.0,0.09100655574752088,86.95558769002595,92.0
823124,682243,2026-06-19,"Miller, Bryce",home,136,Seattle Mariners,111,Boston Red Sox,7,13,66,90.61060606060606,2185.0454545454545,0.19696969696969696,0.21906169190986333,6.4,0.12201800140317771,91.9713581763357,81.8
823366,682243,2026-06-25,"Miller, Bryce",away,136,Seattle Mariners,134,Pittsburgh Pirates,11,17,90,89.46111111111111,2099.277777777778,0.18888888888888888,0.23463865011142948,7.2,0.1441279901798332,91.79792383290136,78.8
823119,682243,2026-07-02,"Miller, Bryce",home,136,Seattle Mariners,108,Los Angeles Angels,8,14,90,89.44555555555556,1933.4555555555555,0.15555555555555556,0.2481089258698941,8.0,0.15690576795761096,91.1223682773458,82.4
823846,682243,2026-07-09,"Miller, Bryce",away,136,Seattle Mariners,146,Miami Marlins,3,8,81,89.37654320987654,2030.283950617284,0.09876543209876543,0.21379897785349233,8.4,0.1513971607588629,90.62781741662593,86.2
823115,682243,2026-07-17,"Miller, Bryce",home,136,Seattle Mariners,137,San Francisco Giants,6,12,91,90.91318681318681,2199.4945054945056,0.13186813186813187,0.2062742920599667,7.2,0.14561833228499896,90.13546648413315,83.6
822872,682243,2026-07-24,"Miller, Bryce",away,136,Seattle Mariners,140,Texas Rangers,0,5,89,91.67977528089888,2178.078651685393,0.056179775280898875,0.22367049009384776,7.0,0.15440954107620775,89.96140055006722,83.6
823111,682243,2026-07-31,"Miller, Bryce",home,136,Seattle Mariners,142,Minnesota Twins,3,8,87,88.91379310344827,1934.0689655172414,0.09195402298850575,0.21413173652694611,5.6,0.12625155673844812,90.17523439412578,88.2
823105,682243,2026-08-06,"Miller, Bryce",home,136,Seattle Mariners,116,Detroit Tigers,5,7,93,90.052688172043,2153.7204301075267,0.07526881720430108,0.227748082732977,4.0,0.1068645835583715,90.06577079259321,87.6
823511,682243,2026-08-12,"Miller, Bryce",away,136,Seattle Mariners,147,New York Yankees,5,12,89,90.22022471910113,1810.2247191011236,0.1348314606741573,0.24467369365328548,3.4,0.09080723588812059,90.1871973158907,88.2
823749,682243,2026-08-18,"Miller, Bryce",away,136,Seattle Mariners,158,Milwaukee Brewers,3,8,92,88.60217391304347,2139.7391304347825,0.08695652173913043,0.21631644004944375,3.8,0.09802044160319898,90.35593361773563,89.8
823364,683003,2026-06-27,"Jones, Jared",home,134,Pittsburgh Pirates,113,Cincinnati Reds,4,12,81,92.90864197530864,2503.1234567901233,0.14814814814814814,0.24909628655931645,4.2,0.1380933660933661,93.5845947973948,69.2
823442,683003,2026-07-02,"Jones, Jared",away,134,Pittsburgh Pirates,143,Philadelphia Phillies,6,8,73,93.01369863013699,2508.5342465753424,0.1095890410958904,0.23388581952117865,3.8,0.13135935935935933,93.62502449115784,70.0
823360,683003,2026-07-08,"Jones, Jared",home,134,Pittsburgh Pirates,144,Atlanta Braves,8,14,77,96.03636363636363,2578.7012987012986,0.18181818181818182,0.21080446271285966,4.2,0.12354743784880773,93.32722367664469,69.8
824414,683003,2026-07-18,"Jones, Jared",away,134,Pittsburgh Pirates,114,Cleveland Guardians,9,11,74,95.62432432432432,2508.5405405405404,0.14864864864864866,0.22344827586206897,5.0,0.13591107421244408,93.96756307058408,70.2
823352,683003,2026-07-24,"Jones, Jared",home,134,Pittsburgh Pirates,112,Chicago Cubs,5,7,83,93.65542168674699,2545.3614457831327,0.08433734939759036,0.2153311833291987,6.0,0.14430747060884047,94.12816126878228,70.0
823351,683003,2026-07-29,"Jones, Jared",home,134,Pittsburgh Pirates,109,Arizona Diamondbacks,5,8,77,92.81168831168831,2565.5714285714284,0.1038961038961039,0.19250551065393093,6.4,0.1345082738216919,94.24769005057611,77.6
823756,683003,2026-08-04,"Jones, Jared",away,134,Pittsburgh Pirates,158,Milwaukee Brewers,4,9,83,92.56024096385542,2528.3493975903616,0.10843373493975904,0.21023640119348175,6.6,0.12565786497128303,94.22829931785205,76.8
823345,683003,2026-08-09,"Jones, Jared",home,134,Pittsburgh Pirates,121,New York Mets,3,9,69,92.98115942028986,2547.289855072464,0.13043478260869565,0.22650439486139284,6.2,0.12542680374005677,94.13760778459573,78.8
823347,683003,2026-08-15,"Jones, Jared",home,134,Pittsburgh Pirates,111,Boston Red Sox,7,16,85,93.83058823529412,2480.6470588235293,0.18823529411764706,0.21533477321814254,5.2,0.11515012389815951,93.52656694138099,77.2
823910,683003,2026-08-22,"Jones, Jared",away,134,Pittsburgh Pirates,119,Los Angeles Dodgers,5,10,87,95.54252873563219,2414.1609195402298,0.11494252873563218,0.20534629404617255,4.8,0.12306745299195918,93.16781972357494,79.4
822906,683004,2026-04-27,"Leiter, Jack",home,140,Texas Rangers,147,New York Yankees,4,8,93,92.07956989247312,2401.537634408602,0.08602150537634409,0.24183006535947713,5.8,0.14952314165497899,91.98323589127095,91.8
824285,683004,2026-05-03,"Leiter, Jack",away,140,Texas Rangers,116,Detroit Tigers,10,15,100,93.242,2354.96,0.15,0.21342925659472423,5.0,0.12107526881720429,92.28849769585253,92.0
822905,683004,2026-05-09,"Leiter, Jack",home,140,Texas Rangers,112,Chicago Cubs,6,11,97,92.35979381443299,2394.505154639175,0.1134020618556701,0.19807073954983923,5.2,0.11107526881720431,92.43289769585253,95.0
824194,683004,2026-05-15,"Leiter, Jack",away,140,Texas Rangers,117,Houston Astros,6,7,98,92.4438775510204,2420.112244897959,0.07142857142857142,0.20727482678983833,5.6,0.11655138011306951,92.62141559852408,95.8
824355,683004,2026-05-20,"Leiter, Jack",away,140,Texas Rangers,115,Colorado Rockies,5,5,83,89.89156626506023,2301.3012048192772,0.060240963855421686,0.24714828897338403,6.2,0.11750376106545046,92.52409587063292,94.4
822898,683004,2026-05-26,"Leiter, Jack",home,140,Texas Rangers,117,Houston Astros,4,12,95,91.5578947368421,2387.7473684210527,0.12631578947368421,0.21120689655172414,6.2,0.09621862050320146,92.00336150459734,94.2
822895,683004,2026-05-31,"Leiter, Jack",home,140,Texas Rangers,118,Kansas City Royals,10,12,101,93.0049504950495,2398.7524752475247,0.1188118811881188,0.2127365020766036,6.2,0.10427747732266948,91.89902647347114,94.6
822891,683004,2026-06-06,"Leiter, Jack",home,140,Texas Rangers,114,Cleveland Guardians,2,3,92,92.34891304347826,2382.358695652174,0.03260869565217391,0.20641447368421054,6.2,0.09803985356029324,91.85161657248105,94.8
824752,683004,2026-06-12,"Leiter, Jack",away,140,Texas Rangers,111,Boston Red Sox,3,11,103,91.02233009708738,2388.5242718446602,0.10679611650485436,0.220700765203383,5.4,0.081881180319594,91.8494404182901,93.8
822889,683004,2026-06-18,"Leiter, Jack",home,140,Texas Rangers,142,Minnesota Twins,4,10,76,90.63157894736842,2342.5789473684213,0.13157894736842105,0.22335561027084067,4.8,0.0889546893348506,91.56513092750349,94.8
825052,683352,2026-08-05,"Bratt, Mitch",home,109,Arizona Diamondbacks,135,San Diego Padres,9,6,92,86.74673913043478,2285.771739130435,0.06521739130434782,0.220311027332705,2.4,0.06366446083965373,86.77366675547243,74.0
825046,683352,2026-08-11,"Bratt, Mitch",home,109,Arizona Diamondbacks,115,Colorado Rockies,4,8,78,86.45641025641027,2221.423076923077,0.10256410256410256,0.2258206653447896,3.6,0.050782013174597365,86.60968124822605,81.6
824725,683352,2026-08-17,"Bratt, Mitch",away,109,Arizona Diamondbacks,111,Boston Red Sox,0,1,65,86.34461538461538,2219.892307692308,0.015384615384615385,0.21714164185453,4.4,0.06784655782534892,86.51165295468053,85.6
823959,684007,2026-04-26,"Imanaga, Shota",away,112,Chicago Cubs,119,Los Angeles Dodgers,6,15,100,85.62200000000001,2077.0,0.15,0.21428571428571427,6.4,0.14453355402935666,87.23555803143725,91.8
824685,684007,2026-05-02,"Imanaga, Shota",home,112,Chicago Cubs,109,Arizona Diamondbacks,5,13,87,86.29310344827586,1876.1954022988505,0.14942528735632185,0.22076788830715532,6.2,0.1355091637854542,86.93556778753481,95.4
824681,684007,2026-05-07,"Imanaga, Shota",home,112,Chicago Cubs,113,Cincinnati Reds,10,22,99,86.18686868686869,1831.8383838383838,0.2222222222222222,0.24606580829756797,6.4,0.15669856908280552,86.72875369458129,94.4
824928,684007,2026-05-13,"Imanaga, Shota",away,112,Chicago Cubs,144,Atlanta Braves,6,13,96,87.059375,2052.8854166666665,0.13541666666666666,0.20360024829298573,6.6,0.16914301352724997,86.47152743195502,94.2
824680,684007,2026-05-18,"Imanaga, Shota",home,112,Chicago Cubs,158,Milwaukee Brewers,2,4,79,88.94050632911393,,0.05063291139240506,0.2050233644859813,5.6,0.145205938697318,86.54054528909788,93.8
824676,684007,2026-05-24,"Imanaga, Shota",home,112,Chicago Cubs,117,Houston Astros,6,15,94,86.94255319148937,1803.215053763441,0.1595744680851064,0.21225710014947682,5.8,0.14153941752752314,86.8203706928517,92.2
823055,684007,2026-05-29,"Imanaga, Shota",away,112,Chicago Cubs,138,St. Louis Cardinals,2,3,75,85.668,2186.213333333333,0.04,0.2106038291605302,5.8,0.1434543111445444,87.08448133114958,91.0
824672,684007,2026-06-04,"Imanaga, Shota",home,112,Chicago Cubs,133,Athletics,5,17,84,86.98928571428571,1951.1904761904761,0.20238095238095238,0.21868365180467092,5.2,0.12156925367328006,86.9594606414944,88.6
824348,684007,2026-06-10,"Imanaga, Shota",away,112,Chicago Cubs,115,Colorado Rockies,7,17,90,87.91333333333333,2206.0,0.18888888888888888,0.23527101335428122,4.2,0.1176009997050261,87.1199440469778,85.6
824666,684007,2026-06-15,"Imanaga, Shota",home,112,Chicago Cubs,115,Colorado Rockies,3,11,85,86.9435294117647,2241.5176470588235,0.12941176470588237,0.23454545454545456,4.4,0.12829544414947053,87.29073571364447,84.4
823611,684007,2026-06-24,"Imanaga, Shota",away,112,Chicago Cubs,121,New York Mets,4,8,69,85.54347826086956,2057.4202898550725,0.11594202898550725,0.2231404958677686,4.6,0.14405121481216598,86.89134033017463,85.6
824662,684007,2026-06-29,"Imanaga, Shota",home,112,Chicago Cubs,135,San Diego Padres,4,12,97,86.58762886597938,2058.2474226804125,0.12371134020618557,0.22931206380857427,4.2,0.13532472699224618,86.61152534405066,80.6
824658,684007,2026-07-04,"Imanaga, Shota",home,112,Chicago Cubs,138,St. Louis Cardinals,8,16,86,86.17906976744186,2106.360465116279,0.18604651162790697,0.2001865091700342,4.6,0.15206699503348328,86.79545111724653,85.0
824493,684007,2026-07-10,"Imanaga, Shota",away,112,Chicago Cubs,113,Cincinnati Reds,5,14,102,85.01372549019608,1997.5686274509803,0.13725490196078433,0.2510748065348237,5.2,0.1488001068828742,86.63340792787776,85.4
824653,684007,2026-07-19,"Imanaga, Shota",home,112,Chicago Cubs,142,Minnesota Twins,4,8,99,84.26969696969698,1984.060606060606,0.08080808080808081,0.21593625498007968,4.8,0.1384733094972533,86.05348635925033,87.8
823355,684007,2026-07-25,"Imanaga, Shota",away,112,Chicago Cubs,134,Pittsburgh Pirates,4,5,84,87.18452380952381,2216.0476190476193,0.05952380952380952,0.24212069386757878,5.0,0.128752572717693,85.51871987083678,90.6
824651,684007,2026-07-31,"Imanaga, Shota",home,112,Chicago Cubs,147,New York Yankees,6,16,101,86.1980198019802,2066.8217821782177,0.15841584158415842,0.24286759326993415,5.0,0.11746892882535345,85.84692898056763,93.6
824646,684007,2026-08-05,"Imanaga, Shota",home,112,Chicago Cubs,119,Los Angeles Dodgers,6,10,89,85.81460674157303,2175.8426966292136,0.11235955056179775,0.2040256175663312,5.4,0.12440982910094803,85.7690071677678,94.4
822697,684007,2026-08-11,"Imanaga, Shota",away,112,Chicago Cubs,120,Washington Nationals,5,13,86,84.73720930232558,1959.6279069767443,0.1511627906976744,0.21396348012889366,5.0,0.10967243688772617,85.69611456259402,95.0
824641,684007,2026-08-17,"Imanaga, Shota",home,112,Chicago Cubs,145,Chicago White Sox,10,20,96,86.62083333333334,2077.3125,0.20833333333333334,0.238358494577929,5.0,0.11245401463510418,85.64081132501992,91.8
824317,685299,2026-08-21,"Gordon, Tanner",home,115,Colorado Rockies,114,Cleveland Guardians,2,8,82,88.32682926829268,2163.817073170732,0.0975609756097561,0.21680497925311204,3.4,0.0869060656401082,88.22105747662556,80.8
823066,686218,2026-05-01,"Sheehan, Emmet",away,119,Los Angeles Dodgers,138,St. Louis Cardinals,8,19,97,87.36082474226804,2212.59793814433,0.1958762886597938,0.2188034188034188,5.6,0.14699605195336352,88.52793637047502,87.2
823957,686218,2026-05-08,"Sheehan, Emmet",home,119,Los Angeles Dodgers,144,Atlanta Braves,7,13,88,88.4875,2179.6704545454545,0.14772727272727273,0.20178448867536034,6.0,0.154846008480503,88.2487760177238,90.0
823950,686218,2026-05-14,"Sheehan, Emmet",home,119,Los Angeles Dodgers,137,San Francisco Giants,6,18,97,89.56494845360824,2240.917525773196,0.18556701030927836,0.21664548919949175,7.0,0.16806493241371262,88.48158214017278,88.0
823302,686218,2026-05-19,"Sheehan, Emmet",away,119,Los Angeles Dodgers,135,San Diego Padres,2,5,67,89.5089552238806,2323.820895522388,0.07462686567164178,0.23242300987797793,7.0,0.16881469811193198,88.49197442829703,92.0
823948,686218,2026-05-25,"Sheehan, Emmet",home,119,Los Angeles Dodgers,115,Colorado Rockies,8,17,92,88.51413043478261,2369.467391304348,0.18478260869565216,0.240731586752348,6.6,0.1603634478696369,88.77454469385238,90.0
825078,686218,2026-06-01,"Sheehan, Emmet",away,119,Los Angeles Dodgers,109,Arizona Diamondbacks,3,5,92,89.40760869565217,2335.391304347826,0.05434782608695652,0.20378927911275416,6.2,0.15771600921272777,88.6872717709079,88.2
823941,686218,2026-06-07,"Sheehan, Emmet",home,119,Los Angeles Dodgers,108,Los Angeles Angels,2,9,49,89.23469387755102,2374.0204081632655,0.1836734693877551,0.2479641693811075,5.2,0.12941031669816033,89.09662856158472,87.2
824586,686218,2026-06-14,"Sheehan, Emmet",away,119,Los Angeles Dodgers,145,Chicago White Sox,8,12,85,89.77882352941177,2325.929411764706,0.1411764705882353,0.23701175578308684,4.2,0.13659955603025678,89.24606733709494,79.4
823934,686218,2026-06-21,"Sheehan, Emmet",home,119,Los Angeles Dodgers,110,Baltimore Orioles,4,11,82,89.49146341463415,2357.8048780487807,0.13414634146341464,0.23874026413816457,4.6,0.12772144808604818,89.28884235225563,77.0
823281,686218,2026-06-28,"Sheehan, Emmet",away,119,Los Angeles Dodgers,135,San Diego Padres,5,15,84,88.97380952380952,2371.0833333333335,0.17857142857142858,0.2288021534320323,5.0,0.13962534324440273,89.28534399040635,80.0
823931,686218,2026-07-05,"Sheehan, Emmet",home,119,Los Angeles Dodgers,135,San Diego Padres,5,13,96,89.840625,2193.7708333333335,0.13541666666666666,0.22962962962962963,4.4,0.13838310721955804,89.37727980821174,78.4
823925,686218,2026-07-12,"Sheehan, Emmet",home,119,Los Angeles Dodgers,109,Arizona Diamondbacks,7,11,101,88.41584158415841,2139.8514851485147,0.10891089108910891,0.19532130777903045,4.8,0.15459687533550007,89.46388306908129,79.2
823436,686218,2026-07-20,"Sheehan, Emmet",away,119,Los Angeles Dodgers,143,Philadelphia Phillies,6,15,87,88.26896551724137,2107.8505747126437,0.1724137931034483,0.2363004544239508,5.8,0.1396443596757708,89.30011261040276,89.6
823599,686218,2026-07-26,"Sheehan, Emmet",away,119,Los Angeles Dodgers,121,New York Mets,5,12,87,88.24367816091954,2343.310344827586,0.13793103448275862,0.2238276299112801,5.4,0.1458918241788134,88.9981410079687,90.0
823919,686218,2026-08-02,"Sheehan, Emmet",home,119,Los Angeles Dodgers,111,Boston Red Sox,4,9,58,87.9448275862069,2374.5,0.15517241379310345,0.21902226524685384,5.6,0.14664876278268218,88.74858395722578,91.0
824171,686613,2026-07-04,"Brown, Hunter",home,117,Houston Astros,139,Tampa Bay Rays,3,5,82,91.46219512195121,2171.8048780487807,0.06097560975609756,0.18616857054646496,6.4,0.10229374900916628,91.99068540607787,92.0
822878,686613,2026-07-10,"Brown, Hunter",away,117,Houston Astros,140,Texas Rangers,4,10,98,91.4,2054.112244897959,0.10204081632653061,0.22266742987979393,5.2,0.0929202435094054,91.87665384223283,88.0
824168,686613,2026-07-19,"Brown, Hunter",home,117,Houston Astros,110,Baltimore Orioles,4,12,92,91.4945652173913,2278.4239130434785,0.13043478260869565,0.24219791944518537,4.4,0.09281558626189101,91.63767948325847,92.0
824571,686613,2026-07-25,"Brown, Hunter",away,117,Houston Astros,145,Chicago White Sox,7,19,90,92.91444444444444,2232.811111111111,0.2111111111111111,0.235992770462174,3.8,0.09498949930536928,91.56724470064977,92.0
824164,686613,2026-07-31,"Brown, Hunter",home,117,Houston Astros,140,Texas Rangers,5,8,104,92.9971153846154,2220.048076923077,0.07692307692307693,0.22621667889459526,4.4,0.11838819211582678,91.76919241306807,93.0
824158,686613,2026-08-05,"Brown, Hunter",home,117,Houston Astros,141,Toronto Blue Jays,8,10,93,94.1247311827957,2190.3333333333335,0.10752688172043011,0.19374703931785883,4.6,0.11629707934510239,92.05366403368048,93.2
823186,686613,2026-08-11,"Brown, Hunter",away,117,Houston Astros,137,San Francisco Giants,4,6,89,92.50561797752809,2164.179775280899,0.06741573033707865,0.21013680197353668,5.6,0.1256073337379689,92.58617124584937,95.4
824156,686613,2026-08-16,"Brown, Hunter",home,117,Houston Astros,136,Seattle Mariners,5,5,90,92.99666666666667,2170.511111111111,0.05555555555555555,0.22886108714408973,5.6,0.11868231654007848,92.80729484135499,93.6
824151,686613,2026-08-22,"Brown, Hunter",home,117,Houston Astros,133,Athletics,4,4,101,92.92673267326732,2208.1782178217823,0.039603960396039604,0.22303622303622303,5.8,0.10370647112945046,93.10771513121006,93.2
823782,686790,2026-06-02,"McDonald, Trevor",away,137,San Francisco Giants,158,Milwaukee Brewers,4,9,87,89.38275862068966,2301.896551724138,0.10344827586206896,0.2078983204720835,5.4,0.11782392192707643,90.64719337618517,84.8
824670,686790,2026-06-07,"McDonald, Trevor",away,137,San Francisco Giants,112,Chicago Cubs,6,10,87,89.66896551724138,2406.2988505747126,0.11494252873563218,0.2115987460815047,4.6,0.11629135487726801,90.20769571760704,86.0
823213,686790,2026-06-13,"McDonald, Trevor",home,137,San Francisco Giants,112,Chicago Cubs,4,6,92,89.20978260869565,2244.1304347826085,0.06521739130434782,0.2124087591240876,5.0,0.11551748438677067,90.08802347452067,83.2
823854,686790,2026-06-20,"McDonald, Trevor",away,137,San Francisco Giants,146,Miami Marlins,1,1,69,89.7231884057971,2317.623188405797,0.014492753623188406,0.2213660245183888,4.8,0.10189429598097358,89.79597999625979,83.6
823206,686790,2026-06-26,"McDonald, Trevor",home,137,San Francisco Giants,144,Atlanta Braves,3,4,90,90.53555555555555,2291.988888888889,0.044444444444444446,0.21227364185110664,4.2,0.08055042246318703,89.52879949560102,84.2
825064,686790,2026-07-01,"McDonald, Trevor",away,137,San Francisco Giants,109,Arizona Diamondbacks,5,10,90,89.62,2341.6666666666665,0.1111111111111111,0.19261130407325544,3.6,0.06850907879393638,89.70405014159587,85.0
823203,686790,2026-07-07,"McDonald, Trevor",home,137,San Francisco Giants,141,Toronto Blue Jays,0,1,58,90.02586206896552,2256.8275862068967,0.017241379310344827,0.19964454976303317,3.8,0.0700416458437448,89.75149841745794,85.6
823199,686790,2026-07-12,"McDonald, Trevor",home,137,San Francisco Giants,115,Colorado Rockies,4,7,73,88.81506849315069,2177.931506849315,0.0958904109589041,0.22766415500538212,2.6,0.050501415958687325,89.82287772780276,79.8
824087,686790,2026-07-20,"McDonald, Trevor",away,137,San Francisco Giants,118,Kansas City Royals,3,4,67,89.51044776119403,2244.5522388059703,0.05970149253731343,0.21315372424722662,2.6,0.05663601988959858,89.74393490469377,76.0
824609,686799,2026-04-27,"Kochanowicz, Jack",away,108,Los Angeles Angels,145,Chicago White Sox,5,9,90,92.22222222222223,2248.6111111111113,0.1,0.24558139534883722,3.8,0.09813192744373297,92.94139481393185,92.0
824043,686799,2026-05-03,"Kochanowicz, Jack",home,108,Los Angeles Angels,121,New York Mets,6,14,110,90.84363636363636,2361.672727272727,0.12727272727272726,0.21375921375921375,4.2,0.09685533169905212,92.94711585412097,91.2
822820,686799,2026-05-09,"Kochanowicz, Jack",away,108,Los Angeles Angels,141,Toronto Blue Jays,0,5,84,92.4047619047619,2210.2380952380954,0.05952380952380952,0.18207480592801695,4.0,0.09440290040941153,92.45816870824359,96.0
824037,686799,2026-05-15,"Kochanowicz, Jack",home,108,Los Angeles Angels,119,Los Angeles Dodgers,4,9,96,92.49583333333334,2350.875,0.09375,0.2057074910820452,3.6,0.09367608336680502,92.30585793130123,93.8
824032,686799,2026-05-20,"Kochanowicz, Jack",home,108,Los Angeles Angels,133,Athletics,7,13,94,94.43829787234043,2264.3829787234044,0.13829787234042554,0.22180248246087425,3.2,0.08974567099567099,92.12419985569986,93.6
824275,686799,2026-05-26,"Kochanowicz, Jack",away,108,Los Angeles Angels,116,Detroit Tigers,4,8,66,92.39090909090909,2197.2272727272725,0.12121212121212122,0.22791164658634538,4.4,0.10376888182739245,92.48095033925884,94.8
822976,686799,2026-05-31,"Kochanowicz, Jack",away,108,Los Angeles Angels,139,Tampa Bay Rays,1,4,68,93.99558823529412,2197.926470588235,0.058823529411764705,0.1869114877589454,4.2,0.10801130606981671,92.51468771299622,90.0
823942,686799,2026-06-06,"Kochanowicz, Jack",away,108,Los Angeles Angels,119,Los Angeles Dodgers,1,5,38,94.9921052631579,2316.8947368421054,0.13157894736842105,0.20114472608340148,3.2,0.0943214664976242,93.14507808732779,81.6
822738,687064,2026-05-17,"Young, Brandon",away,110,Baltimore Orioles,120,Washington Nationals,3,10,70,88.54571428571428,2184.8142857142857,0.14285714285714285,0.21651785714285715,3.6,0.09303780216204073,89.22045111541904,86.2
824839,687064,2026-05-24,"Young, Brandon",home,110,Baltimore Orioles,116,Detroit Tigers,4,8,105,87.50380952380952,1981.009523809524,0.0761904761904762,0.23225469728601253,4.0,0.10645771558195416,89.04626063922856,87.0
824833,687064,2026-05-30,"Young, Brandon",home,110,Baltimore Orioles,141,Toronto Blue Jays,7,10,86,86.47558139534884,2069.2558139534885,0.11627906976744186,0.1922365988909427,3.8,0.10019043447596336,88.82530211388294,89.4
822810,687064,2026-06-05,"Young, Brandon",away,110,Baltimore Orioles,141,Toronto Blue Jays,4,8,85,87.23176470588236,2034.0823529411764,0.09411764705882353,0.1926333615580017,4.8,0.11125112647823224,88.38090619783075,90.2
824831,687064,2026-06-10,"Young, Brandon",home,110,Baltimore Orioles,136,Seattle Mariners,5,11,88,87.28522727272728,1938.0681818181818,0.125,0.22729029764205644,4.6,0.10856927954591092,87.86704408524379,88.6
823128,687064,2026-06-16,"Young, Brandon",away,110,Baltimore Orioles,136,Seattle Mariners,2,5,92,88.33043478260869,1978.5978260869565,0.05434782608695652,0.22418772563176895,4.6,0.11088886717477689,87.40841943669645,86.8
823934,687064,2026-06-21,"Young, Brandon",away,110,Baltimore Orioles,119,Los Angeles Dodgers,5,7,95,89.66631578947367,2165.3473684210526,0.07368421052631578,0.20553493081336482,4.4,0.09318700382073962,87.36536353607534,91.2
824825,687064,2026-06-27,"Young, Brandon",home,110,Baltimore Orioles,120,Washington Nationals,8,20,93,88.4010752688172,2003.5483870967741,0.21505376344086022,0.21553884711779447,4.6,0.09268575068790755,87.79786478920818,89.2
824499,687064,2026-07-04,"Young, Brandon",away,110,Baltimore Orioles,113,Cincinnati Reds,5,10,102,89.92058823529412,2131.2549019607845,0.09803921568627451,0.24886604172966434,4.8,0.1124406894225912,88.18296356390184,90.6
824817,687064,2026-07-10,"Young, Brandon",home,110,Baltimore Orioles,118,Kansas City Royals,5,9,85,88.4635294117647,2030.2117647058824,0.10588235294117647,0.21212121212121213,5.0,0.11322500314808141,88.72072826978419,94.0
824168,687064,2026-07-19,"Young, Brandon",away,110,Baltimore Orioles,117,Houston Astros,7,10,95,90.04842105263158,2073.2,0.10526315789473684,0.2151531151003168,5.0,0.1094014737363167,88.95638869759168,93.4
824811,687064,2026-07-25,"Young, Brandon",home,110,Baltimore Orioles,144,Atlanta Braves,6,11,94,87.33191489361703,1952.6489361702127,0.11702127659574468,0.21355498721227623,6.0,0.11958454009787275,89.29998595159626,94.0
824809,687064,2026-07-31,"Young, Brandon",home,110,Baltimore Orioles,143,Philadelphia Phillies,5,11,94,88.22659574468085,1993.4787234042553,0.11702127659574468,0.2374631268436578,6.2,0.12825195331175854,88.83310577242491,93.8
824804,687064,2026-08-06,"Young, Brandon",home,110,Baltimore Orioles,108,Los Angeles Angels,4,12,98,88.17755102040816,2005.795918367347,0.12244897959183673,0.25286014475834695,5.6,0.10864545594273545,88.79820986759765,94.0
823673,687064,2026-08-11,"Young, Brandon",away,110,Baltimore Orioles,142,Minnesota Twins,4,13,104,88.81153846153846,2152.625,0.125,0.2132514260640632,5.4,0.11352740872384788,88.44960242462045,93.2
822939,687064,2026-08-17,"Young, Brandon",away,110,Baltimore Orioles,139,Tampa Bay Rays,3,8,82,88.36829268292682,2185.048780487805,0.0975609756097561,0.187245880590627,5.2,0.11735093813561259,88.51920423457521,97.0
824798,687064,2026-08-22,"Young, Brandon",home,110,Baltimore Orioles,139,Tampa Bay Rays,3,5,84,89.19880952380952,2132.7023809523807,0.05952380952380952,0.18734542456718878,4.4,0.11581050167861644,88.18317856063427,94.4
823790,687075,2026-05-12,"Sproat, Brandon",home,158,Milwaukee Brewers,135,San Diego Padres,6,13,85,92.97176470588235,2073.0823529411764,0.15294117647058825,0.22637661454792657,4.6,0.11055254699425818,92.11285224149427,79.0
824680,687075,2026-05-18,"Sproat, Brandon",away,158,Milwaukee Brewers,112,Chicago Cubs,5,5,78,94.03589743589744,,0.0641025641025641,0.20450885668276972,5.2,0.1271872939162828,92.27697262453121,78.8
823786,687075,2026-05-24,"Sproat, Brandon",home,158,Milwaukee Brewers,119,Los Angeles Dodgers,7,11,89,93.33595505617977,2090.4719101123596,0.12359550561797752,0.20469296055916125,5.0,0.1106744734034623,92.73188544504401,79.4
824190,687075,2026-05-30,"Sproat, Brandon",away,158,Milwaukee Brewers,117,Houston Astros,4,5,95,93.16947368421053,2159.063157894737,0.05263157894736842,0.2106202588130299,5.6,0.11170936400074202,93.15749750891156,82.0
824350,687075,2026-06-05,"Sproat, Brandon",away,158,Milwaukee Brewers,115,Colorado Rockies,2,6,87,91.85977011494253,2087.1609195402298,0.06896551724137931,0.23817496860611134,5.4,0.1076015334487523,93.42919712380244,84.6
824996,687075,2026-06-10,"Sproat, Brandon",away,158,Milwaukee Brewers,133,Athletics,3,7,41,93.5439024390244,2056.9268292682927,0.17073170731707318,0.22384615384615383,4.8,0.09244726847597552,93.07457219942253,86.8
823774,687075,2026-06-17,"Sproat, Brandon",home,158,Milwaukee Brewers,114,Cleveland Guardians,6,13,65,93.46615384615384,2077.6923076923076,0.2,0.20796783625730994,4.2,0.0960053746452725,93.18899974605094,78.0
824501,687075,2026-06-23,"Sproat, Brandon",away,158,Milwaukee Brewers,113,Cincinnati Reds,10,16,80,92.4425,2218.8875,0.2,0.2477815699658703,4.4,0.1231848618247597,93.07505102810221,75.4
823768,687075,2026-06-30,"Sproat, Brandon",home,158,Milwaukee Brewers,113,Cincinnati Reds,7,11,106,92.19150943396225,2204.301886792453,0.10377358490566038,0.24778481012658227,5.0,0.13846576070116418,92.89636001686625,73.6
825061,687075,2026-07-05,"Sproat, Brandon",away,158,Milwaukee Brewers,109,Arizona Diamondbacks,4,8,92,93.76195652173914,2136.6521739130435,0.08695652173913043,0.19407995117485505,5.6,0.14869416189282259,92.7007671668166,75.8
823357,687075,2026-07-11,"Sproat, Brandon",away,158,Milwaukee Brewers,134,Pittsburgh Pirates,3,6,83,93.93855421686746,2070.0843373493976,0.07228915662650602,0.23747980613893377,6.0,0.15229236279237282,93.08120444817592,76.8
823760,687075,2026-07-21,"Sproat, Brandon",home,158,Milwaukee Brewers,121,New York Mets,4,8,99,93.09191919191919,2101.3838383838383,0.08080808080808081,0.22113863995782815,6.0,0.1326038526542594,93.16013480374454,85.2
823195,687075,2026-07-27,"Sproat, Brandon",away,158,Milwaukee Brewers,137,San Francisco Giants,5,12,97,93.30721649484535,2024.9175257731958,0.12371134020618557,0.21065989847715735,5.6,0.10876546881587552,93.08528787289761,92.0
823757,687075,2026-08-03,"Sproat, Brandon",home,158,Milwaukee Brewers,134,Pittsburgh Pirates,4,6,64,92.928125,2151.484375,0.09375,0.2394144144144144,4.6,0.09350773685711264,93.25823117186668,95.4
823432,687223,2026-08-04,"Palmquist, Carson",away,120,Washington Nationals,143,Philadelphia Phillies,0,0,16,83.58125,2068.6875,0.0,0.23594161282603493,2.6,0.1141606366669445,82.79514758913666,43.4
825048,687312,2026-08-10,"Hughes, Gabriel",away,115,Colorado Rockies,109,Arizona Diamondbacks,3,6,88,89.11818181818181,2179.715909090909,0.06818181818181818,0.19302532207907597,5.4,0.08658554320887371,89.05681741120978,83.4
823182,687312,2026-08-16,"Hughes, Gabriel",away,115,Colorado Rockies,137,San Francisco Giants,2,4,81,89.47407407407407,2146.0246913580245,0.04938271604938271,0.20860495436766624,4.6,0.08107297067502459,88.8621559025057,82.2
824316,687312,2026-08-22,"Hughes, Gabriel",home,115,Colorado Rockies,114,Cleveland Guardians,2,3,86,89.51860465116279,2125.0116279069766,0.03488372093023256,0.21598849157418826,3.8,0.07631536754343772,88.85209266854004,82.0
824335,687473,2026-07-02,"Gusto, Ryan",away,146,Miami Marlins,115,Colorado Rockies,2,4,51,89.04705882352941,2374.549019607843,0.0784313725490196,0.23153451914380463,3.2,0.08358014534485123,88.53901647372236,64.2
823843,687473,2026-07-24,"Gusto, Ryan",home,146,Miami Marlins,135,San Diego Padres,4,5,57,89.01403508771931,2293.754385964912,0.08771929824561403,0.22507197068830148,3.4,0.0932058137940491,88.29570096570096,67.8
823837,687473,2026-07-29,"Gusto, Ryan",home,146,Miami Marlins,143,Philadelphia Phillies,3,7,79,88.07215189873418,2271.1392405063293,0.08860759493670886,0.23790622674274373,3.4,0.09559815829165674,88.47668980142664,66.0
824888,687473,2026-08-04,"Gusto, Ryan",away,146,Miami Marlins,144,Atlanta Braves,5,8,83,90.10361445783133,2215.2289156626507,0.0963855421686747,0.21195652173913043,3.8,0.08694605090537215,88.46057073062403,63.6
823835,687473,2026-08-09,"Gusto, Ryan",home,146,Miami Marlins,108,Los Angeles Angels,4,4,60,87.42333333333333,2360.0333333333333,0.06666666666666667,0.2526747097655361,3.6,0.07975257110381298,88.78070538689617,66.6
824480,687473,2026-08-15,"Gusto, Ryan",away,146,Miami Marlins,113,Cincinnati Reds,6,7,70,88.84285714285714,2270.6285714285714,0.1,0.25170367113651354,3.6,0.08356209491333677,88.73203872022951,66.0
823830,687473,2026-08-21,"Gusto, Ryan",home,146,Miami Marlins,120,Washington Nationals,2,6,62,88.8258064516129,2241.2580645161293,0.0967741935483871,0.21696410667736113,4.4,0.08787582040353287,88.69119838409506,69.8
824745,687562,2026-06-27,"Bennett, Jake",home,111,Boston Red Sox,147,New York Yankees,3,8,87,89.17241379310344,2108.632183908046,0.09195402298850575,0.23146944083224968,4.4,0.13116092161604306,88.83809918951201,79.0
824013,687562,2026-07-03,"Bennett, Jake",away,111,Boston Red Sox,108,Los Angeles Angels,6,11,92,88.48586956521739,2070.891304347826,0.11956521739130435,0.24872640095894516,4.4,0.1260223144490383,88.989052536368,79.4
824578,687562,2026-07-08,"Bennett, Jake",away,111,Boston Red Sox,145,Chicago White Sox,4,7,81,89.39999999999999,2058.4938271604938,0.08641975308641975,0.2360665304931427,5.4,0.13830745095055502,89.01738924010915,80.6
824766,687562,2026-07-17,"Bennett, Jake",home,111,Boston Red Sox,139,Tampa Bay Rays,3,3,65,88.34923076923077,2043.1846153846154,0.046153846153846156,0.18844643858665172,5.4,0.13367359334866086,89.15519745928722,82.2
824735,687562,2026-07-22,"Bennett, Jake",home,111,Boston Red Sox,110,Baltimore Orioles,4,12,83,86.7710843373494,2059.6626506024095,0.14457831325301204,0.2434759916492693,5.0,0.10492967903512632,88.9928917143992,79.4
824976,687562,2026-07-28,"Bennett, Jake",away,111,Boston Red Sox,133,Athletics,4,11,88,89.37045454545455,2127.806818181818,0.125,0.22659130007372819,4.0,0.09773423057461761,88.4357196929802,81.6
823919,687562,2026-08-02,"Bennett, Jake",away,111,Boston Red Sox,119,Los Angeles Dodgers,4,7,88,87.60909090909091,2099.590909090909,0.07954545454545454,0.2057651745957347,4.2,0.10434342597691645,88.47532784345042,81.8
824726,687562,2026-08-08,"Bennett, Jake",home,111,Boston Red Sox,133,Athletics,5,7,88,87.58068181818182,2069.2954545454545,0.07954545454545454,0.22804244750508015,3.8,0.0963394734077465,88.29997211222512,81.0
823346,687562,2026-08-14,"Bennett, Jake",away,111,Boston Red Sox,134,Pittsburgh Pirates,6,13,82,89.53414634146341,2130.8048780487807,0.15853658536585366,0.24100644624662093,4.0,0.09496461369955347,87.93610847586149,82.4
824761,687570,2026-05-22,"Prielipp, Connor",away,142,Minnesota Twins,111,Boston Red Sox,1,7,85,88.13529411764706,2525.3764705882354,0.08235294117647059,0.22276422764227644,5.8,0.09951030708628646,89.35433241987795,87.2
824596,687570,2026-05-27,"Prielipp, Connor",away,142,Minnesota Twins,145,Chicago White Sox,5,7,93,89.34838709677419,2526.47311827957,0.07526881720430108,0.245017015070491,4.8,0.09402967580938545,89.03090343852931,87.8
823700,687570,2026-06-02,"Prielipp, Connor",home,142,Minnesota Twins,145,Chicago White Sox,7,10,94,90.09148936170213,2658.872340425532,0.10638297872340426,0.2397020157756354,4.8,0.08289296305976947,89.03058085788416,89.6
823696,687570,2026-06-07,"Prielipp, Connor",home,142,Minnesota Twins,118,Kansas City Royals,7,5,77,89.11688311688312,2598.5454545454545,0.06493506493506493,0.21196094385679415,5.4,0.08878494341983492,89.06580180714766,90.2
823694,687570,2026-06-13,"Prielipp, Connor",home,142,Minnesota Twins,138,St. Louis Cardinals,2,7,98,90.45,2657.7755102040815,0.07142857142857142,0.21104536489151873,5.6,0.0867181929659877,88.93003864557804,87.0
825069,687570,2026-06-19,"Prielipp, Connor",away,142,Minnesota Twins,109,Arizona Diamondbacks,4,4,97,90.24639175257731,2332.0721649484535,0.041237113402061855,0.19949127906976744,4.4,0.08007367469356244,89.4284107386013,89.4
823686,687570,2026-06-28,"Prielipp, Connor",home,142,Minnesota Twins,115,Colorado Rockies,10,17,93,89.30967741935483,2687.7311827956987,0.1827956989247312,0.23067213632060588,5.0,0.07185050913868071,89.85063026558734,91.8
823684,687570,2026-07-08,"Prielipp, Connor",home,142,Minnesota Twins,114,Cleveland Guardians,6,6,83,91.53012048192771,2738.602409638554,0.07228915662650602,0.22189866045428072,6.0,0.09335588548276673,89.84288833010348,91.8
823678,687570,2026-07-26,"Prielipp, Connor",home,142,Minnesota Twins,133,Athletics,5,9,72,91.0013888888889,2542.777777777778,0.125,0.22591943957968477,5.8,0.08653712106338708,90.1306145541486,89.6
823109,687570,2026-08-01,"Prielipp, Connor",away,142,Minnesota Twins,136,Seattle Mariners,5,9,88,91.73636363636363,2624.4545454545455,0.10227272727272728,0.23054685617923393,5.4,0.0985501080763741,90.50751570854975,88.6
823751,687570,2026-08-09,"Prielipp, Connor",away,142,Minnesota Twins,158,Milwaukee Brewers,7,15,96,90.24062500000001,2644.2395833333335,0.15625,0.21318342151675485,6.0,0.10471893924520526,90.76478843582247,86.6
823671,687570,2026-08-15,"Prielipp, Connor",home,142,Minnesota Twins,143,Philadelphia Phillies,6,10,94,90.93404255319147,2737.159574468085,0.10638297872340426,0.22885789014821273,6.6,0.1277215165647929,90.76363508530702,86.4
823262,687570,2026-08-21,"Prielipp, Connor",away,142,Minnesota Twins,135,San Diego Padres,7,10,96,89.88229166666667,2654.7916666666665,0.10416666666666667,0.21761006289308177,5.8,0.1124389725245275,91.08850811207435,86.6
823186,687931,2026-08-11,"Whisenhunt, Carson",home,137,San Francisco Giants,117,Houston Astros,2,9,96,87.10625,2155.0416666666665,0.09375,0.21361348216239878,4.0,0.13718357771096107,87.21515221134693,78.8
824398,687931,2026-08-18,"Whisenhunt, Carson",away,137,San Francisco Giants,114,Cleveland Guardians,1,3,80,89.05,2278.3125,0.0375,0.21728971962616822,4.0,0.14181593065213755,87.15734338781753,81.0
824908,688107,2026-06-21,"Gasser, Robert",away,158,Milwaukee Brewers,144,Atlanta Braves,7,12,97,88.41134020618556,2195.9484536082473,0.12371134020618557,0.2100988700564972,4.8,0.1047341129001996,87.5727240169352,87.2
823771,688107,2026-06-29,"Gasser, Robert",home,158,Milwaukee Brewers,113,Cincinnati Reds,5,7,96,87.93333333333334,2295.1875,0.07291666666666667,0.24751841178354148,5.6,0.11681815309333546,87.7957515518432,90.8
823035,688107,2026-07-07,"Gasser, Robert",away,158,Milwaukee Brewers,138,St. Louis Cardinals,4,9,94,88.18085106382979,2267.6170212765956,0.09574468085106383,0.20084185207456404,5.8,0.11342395833678114,87.85253057806042,92.2
823358,688107,2026-07-12,"Gasser, Robert",away,158,Milwaukee Brewers,134,Pittsburgh Pirates,3,6,58,87.92068965517241,2310.7241379310344,0.10344827586206896,0.23711340206185566,5.6,0.10606687041060839,87.83352006793481,94.4
823764,688107,2026-07-19,"Gasser, Robert",home,158,Milwaukee Brewers,146,Miami Marlins,5,7,86,90.20232558139534,2313.4651162790697,0.08139534883720931,0.2137323002938819,4.8,0.10525114923893615,87.95185154735638,87.4
823758,688107,2026-07-25,"Gasser, Robert",home,158,Milwaukee Brewers,115,Colorado Rockies,4,8,77,88.26363636363637,2264.987012987013,0.1038961038961039,0.22538020443779605,4.8,0.09544326248463887,88.52970796798328,86.2
824000,688107,2026-08-01,"Gasser, Robert",away,158,Milwaukee Brewers,108,Los Angeles Angels,6,7,76,88.06184210526315,2298.0394736842104,0.09210526315789473,0.24981932064562756,4.2,0.09148021522262254,88.50016719947345,82.2
823752,688107,2026-08-08,"Gasser, Robert",home,158,Milwaukee Brewers,142,Minnesota Twins,3,5,94,88.40851063829787,2240.1382978723404,0.05319148936170213,0.21235347159603246,4.4,0.09531793452086815,88.52586895385942,78.2
823913,688107,2026-08-14,"Gasser, Robert",away,158,Milwaukee Brewers,119,Los Angeles Dodgers,7,12,102,88.24803921568626,2255.549019607843,0.11764705882352941,0.20454545454545456,4.2,0.08680729622299581,88.57140086875303,78.2
823747,688107,2026-08-20,"Gasser, Robert",home,158,Milwaukee Brewers,136,Seattle Mariners,4,6,77,89.44415584415584,2259.4545454545455,0.07792207792207792,0.22923238696109358,5.0,0.08964705281528791,88.6368707808558,87.0
823018,690928,2026-08-10,"Dobbins, Hunter",home,138,St. Louis Cardinals,143,Philadelphia Phillies,6,7,97,86.90309278350516,2443.78125,0.07216494845360824,0.22988505747126436,4.4,0.11032272721454991,89.60895182449988,87.4
824642,690928,2026-08-16,"Dobbins, Hunter",away,138,St. Louis Cardinals,112,Chicago Cubs,7,8,96,88.72395833333333,2496.0833333333335,0.08333333333333333,0.21718718105735865,4.8,0.1019709067786893,88.98400076094774,91.0
823420,690928,2026-08-21,"Dobbins, Hunter",away,138,St. Louis Cardinals,143,Philadelphia Phillies,3,6,78,87.62307692307692,2381.653846153846,0.07692307692307693,0.2248223986627664,5.2,0.09363757344535596,88.53879242761441,92.6
822746,690986,2026-05-02,"Harrison, Kyle",away,158,Milwaukee Brewers,120,Washington Nationals,5,9,93,89.29032258064517,2127.043010752688,0.0967741935483871,0.2246153846153846,6.0,0.1393155159436089,90.3246423194951,85.2
823792,690986,2026-05-09,"Harrison, Kyle",home,158,Milwaukee Brewers,147,New York Yankees,6,14,77,89.92077922077921,2222.7272727272725,0.18181818181818182,0.22837837837837838,5.4,0.1264864466073093,90.0093735022908,86.4
823789,690986,2026-05-14,"Harrison, Kyle",home,158,Milwaukee Brewers,135,San Diego Padres,7,16,99,91.33131313131312,2180.191919191919,0.16161616161616163,0.23281452658884566,5.4,0.14285008297094565,90.05019601311332,83.8
824678,690986,2026-05-20,"Harrison, Kyle",away,158,Milwaukee Brewers,112,Chicago Cubs,11,16,94,91.36063829787234,2309.7340425531916,0.1702127659574468,0.20867768595041322,6.6,0.15938384160996746,90.28724811306014,88.4
823785,690986,2026-05-26,"Harrison, Kyle",home,158,Milwaukee Brewers,138,St. Louis Cardinals,2,4,92,89.20217391304348,2248.978260869565,0.043478260869565216,0.21148957803762075,8.2,0.16564861702367903,90.30298688374573,92.8
823782,690986,2026-06-02,"Harrison, Kyle",home,158,Milwaukee Brewers,137,San Francisco Giants,12,19,106,90.98679245283019,2272.9245283018868,0.1792452830188679,0.20859444941808417,6.2,0.1307799127619485,90.22104542873066,91.0
824998,690986,2026-06-08,"Harrison, Kyle",away,158,Milwaukee Brewers,133,Athletics,4,8,71,90.27464788732394,2230.7042253521126,0.11267605633802817,0.22124600638977635,7.6,0.1472741306560447,90.56033940316766,93.6
823777,690986,2026-06-14,"Harrison, Kyle",home,158,Milwaukee Brewers,143,Philadelphia Phillies,3,9,80,89.67375,2265.4,0.1125,0.23330775134305448,7.2,0.13344570556001395,90.63111313647661,92.4
824909,690986,2026-06-20,"Harrison, Kyle",away,158,Milwaukee Brewers,144,Atlanta Braves,7,12,85,90.0635294117647,2210.3058823529414,0.1411764705882353,0.20921099607283114,6.4,0.12362247323678162,90.29960051021399,88.6
823770,690986,2026-06-27,"Harrison, Kyle",home,158,Milwaukee Brewers,112,Chicago Cubs,9,14,92,90.61304347826086,2254.217391304348,0.15217391304347827,0.212897253933971,5.6,0.11781521416293932,90.04017873299246,86.8
825062,690986,2026-07-03,"Harrison, Kyle",away,158,Milwaukee Brewers,109,Arizona Diamondbacks,3,7,72,91.11250000000001,2246.5138888888887,0.09722222222222222,0.19362898188632105,7.0,0.13955434459772192,90.32235264603594,86.8
823032,690986,2026-07-08,"Harrison, Kyle",away,158,Milwaukee Brewers,138,St. Louis Cardinals,2,7,70,88.18714285714286,2155.6714285714284,0.1,0.20218096080165046,5.2,0.12314973243839278,90.3474941554699,80.0
823753,690986,2026-08-05,"Harrison, Kyle",home,158,Milwaukee Brewers,134,Pittsburgh Pirates,10,10,69,89.06811594202898,2202.086956521739,0.14492753623188406,0.24085973853312653,4.8,0.12061452117078716,89.92999314943368,79.8
823264,690986,2026-08-11,"Harrison, Kyle",away,158,Milwaukee Brewers,135,San Diego Padres,3,4,90,88.39666666666666,2211.4777777777776,0.044444444444444446,0.21870794078061911,6.2,0.12710002841716397,89.80886633783948,77.6
823749,690986,2026-08-18,"Harrison, Kyle",home,158,Milwaukee Brewers,136,Seattle Mariners,8,9,79,89.58101265822785,2279.4430379746836,0.11392405063291139,0.22856531964934787,5.4,0.1077536231884058,89.47549378881988,78.6
823635,690997,2026-04-26,"McLean, Nolan",home,121,New York Mets,115,Colorado Rockies,7,15,91,89.97362637362637,2453.043956043956,0.16483516483516483,0.2492639842983317,7.6,0.10288564519803908,91.1032363121881,94.2
824042,690997,2026-05-02,"McLean, Nolan",away,121,New York Mets,108,Los Angeles Angels,6,6,78,92.5576923076923,2372.269230769231,0.07692307692307693,0.25625,7.4,0.10966220197459586,91.04462825358004,95.6
825088,690997,2026-05-08,"McLean, Nolan",away,121,New York Mets,109,Arizona Diamondbacks,6,6,100,90.523,2528.9,0.06,0.2159090909090909,7.8,0.10354144101512523,91.33079037103248,92.6
823630,690997,2026-05-14,"McLean, Nolan",home,121,New York Mets,116,Detroit Tigers,7,6,93,90.39784946236558,2471.2795698924733,0.06451612903225806,0.22306238185255198,7.4,0.10354144101512523,91.24479037103248,92.6
822736,690997,2026-05-19,"McLean, Nolan",away,121,New York Mets,120,Washington Nationals,5,5,100,90.259,2422.49,0.05,0.2162876784769963,7.2,0.09749729840052421,90.97467605297928,92.2
823625,690997,2026-05-25,"McLean, Nolan",home,121,New York Mets,113,Cincinnati Reds,6,11,78,90.56666666666666,2441.0384615384614,0.14102564102564102,0.2397778899545684,6.2,0.08325487415809997,90.74223362873684,92.4
823621,690997,2026-05-31,"McLean, Nolan",home,121,New York Mets,146,Miami Marlins,2,5,94,90.34255319148937,2435.478723404255,0.05319148936170213,0.21940163191296463,6.0,0.0784929693961952,90.8608416873449,89.8
823292,690997,2026-06-06,"McLean, Nolan",away,121,New York Mets,135,San Diego Padres,5,9,101,91.57623762376238,2560.1485148514853,0.0891089108910891,0.2344582593250444,5.2,0.07374665188392024,90.41781386410432,93.0
823617,690997,2026-06-12,"McLean, Nolan",home,121,New York Mets,144,Atlanta Braves,6,9,93,91.21075268817205,2553.05376344086,0.0967741935483871,0.20480061943476577,5.0,0.07956843406213807,90.6284613888568,93.2
824503,690997,2026-06-17,"McLean, Nolan",away,121,New York Mets,113,Cincinnati Reds,9,9,101,91.92079207920793,2486.4653465346537,0.0891089108910891,0.24408014571949,4.8,0.08602004696536387,90.79104203401809,93.2
823613,690997,2026-06-24,"McLean, Nolan",home,121,New York Mets,112,Chicago Cubs,9,17,104,92.04519230769232,2511.8653846153848,0.16346153846153846,0.20955165692007796,5.6,0.09384182914358169,91.12340044985969,93.4
822793,690997,2026-06-30,"McLean, Nolan",away,121,New York Mets,141,Toronto Blue Jays,7,10,91,90.93406593406593,2616.4065934065934,0.10989010989010989,0.19911783238815375,6.2,0.09832900863076117,91.41910557806482,98.6
824902,690997,2026-07-05,"McLean, Nolan",away,121,New York Mets,144,Atlanta Braves,5,8,96,90.3875,2540.4895833333335,0.08333333333333333,0.209948123283491,7.2,0.10966873273644273,91.53740812658012,98.0
823604,690997,2026-07-10,"McLean, Nolan",home,121,New York Mets,111,Boston Red Sox,7,8,98,91.40408163265306,2535.5102040816328,0.08163265306122448,0.21904205607476634,7.2,0.10851361722489157,91.29966060182764,97.0
823439,690997,2026-07-19,"McLean, Nolan",away,121,New York Mets,143,Philadelphia Phillies,10,12,93,91.69139784946236,2612.47311827957,0.12903225806451613,0.23469112489884003,7.4,0.10548530912745906,91.33832639072385,98.0
823600,690997,2026-07-25,"McLean, Nolan",home,121,New York Mets,119,Los Angeles Dodgers,7,15,96,90.61562500000001,2632.2083333333335,0.15625,0.20494258612081878,7.6,0.11346997856214447,91.29244754477473,96.4
823595,690997,2026-07-30,"McLean, Nolan",home,121,New York Mets,146,Miami Marlins,6,10,99,90.77474747474749,2567.5252525252527,0.10101010101010101,0.21649233763074677,7.2,0.11202767086983675,91.00653408323629,94.8
824401,690997,2026-08-06,"McLean, Nolan",away,121,New York Mets,114,Cleveland Guardians,8,8,94,90.80744680851063,2510.255319148936,0.0851063829787234,0.22157906922898818,7.0,0.11025166909383499,90.97467039137258,96.4
824886,690997,2026-08-11,"McLean, Nolan",away,121,New York Mets,144,Atlanta Braves,3,5,85,91.98235294117647,2513.0117647058823,0.058823529411764705,0.21477854440240374,7.6,0.110606279022913,91.0586597530747,96.0
823589,690997,2026-08-17,"McLean, Nolan",home,121,New York Mets,135,San Diego Padres,3,10,103,90.51456310679612,2639.5728155339807,0.0970873786407767,0.21704594246457706,6.8,0.10604445429302105,91.17431401477938,93.4
823229,691587,2026-04-25,"Pérez, Eury",away,146,Miami Marlins,137,San Francisco Giants,6,7,94,93.01595744680851,2481.531914893617,0.07446808510638298,0.21405750798722045,5.4,0.14310534400517422,92.21448055622929,86.4
823877,691587,2026-05-01,"Pérez, Eury",home,146,Miami Marlins,143,Philadelphia Phillies,6,15,96,91.41041666666666,2526.4270833333335,0.15625,0.21137521222410866,5.0,0.12359035887591321,92.47960752946196,86.6
823872,691587,2026-05-06,"Pérez, Eury",home,146,Miami Marlins,110,Baltimore Orioles,6,11,93,91.97204301075269,2482.1397849462364,0.11827956989247312,0.24302496328928047,5.4,0.128649882685437,92.36216705327146,89.0
823712,691587,2026-05-12,"Pérez, Eury",away,146,Miami Marlins,142,Minnesota Twins,8,10,87,93.22068965517241,2536.0344827586205,0.11494252873563218,0.22615287428932407,5.4,0.12493737561130006,92.46394407647465,88.6
822982,691587,2026-05-17,"Pérez, Eury",away,146,Miami Marlins,139,Tampa Bay Rays,5,9,102,93.26176470588236,2484.176470588235,0.08823529411764706,0.1879075281564908,6.6,0.11897851293737385,92.65834516540386,90.8
823863,691587,2026-05-22,"Pérez, Eury",home,146,Miami Marlins,121,New York Mets,5,14,86,92.29418604651163,2590.8372093023254,0.16279069767441862,0.20926517571884984,6.2,0.11043509557042708,92.57617429705653,94.4
822809,691587,2026-05-27,"Pérez, Eury",away,146,Miami Marlins,141,Toronto Blue Jays,8,16,73,93.81917808219178,2430.8356164383563,0.2191780821917808,0.19096209912536444,6.0,0.1280996180840342,92.43182001699715,92.8
823850,691587,2026-06-24,"Pérez, Eury",home,146,Miami Marlins,140,Texas Rangers,1,4,68,93.05882352941177,2528.485294117647,0.058823529411764705,0.22454484153742413,6.4,0.14068523452239035,92.91357230010217,88.2
824338,691587,2026-06-30,"Pérez, Eury",away,146,Miami Marlins,115,Colorado Rockies,8,19,86,92.01860465116279,2521.0232558139537,0.22093023255813954,0.2309824453341546,5.4,0.12879402642624865,93.13092840383399,83.2
824980,691587,2026-07-05,"Pérez, Eury",away,146,Miami Marlins,133,Athletics,8,12,92,91.91630434782608,2553.967391304348,0.13043478260869565,0.22406277244986922,5.4,0.14999156719075016,92.89051140303206,83.0
823844,691587,2026-07-11,"Pérez, Eury",home,146,Miami Marlins,114,Cleveland Guardians,6,13,99,93.96767676767676,2576.686868686869,0.13131313131313133,0.2236953455571227,6.0,0.15843146488895987,92.62141933142081,81.0
823764,691587,2026-07-19,"Pérez, Eury",away,146,Miami Marlins,158,Milwaukee Brewers,9,17,93,94.40645161290321,2553.47311827957,0.1827956989247312,0.21015625,6.2,0.1521359516167024,92.95611747565383,83.6
823841,691587,2026-07-25,"Pérez, Eury",home,146,Miami Marlins,135,San Diego Padres,2,6,104,94.62692307692308,2601.576923076923,0.057692307692307696,0.22481222481222482,6.4,0.1448594749632925,93.07357218179611,87.6
823595,691587,2026-07-30,"Pérez, Eury",away,146,Miami Marlins,121,New York Mets,6,14,97,93.35670103092784,2578.6082474226805,0.14432989690721648,0.2244449865820932,6.6,0.1446332306194011,93.38719209129839,94.8
824889,691587,2026-08-05,"Pérez, Eury",away,146,Miami Marlins,144,Atlanta Braves,9,17,91,93.22527472527473,2578.5164835164837,0.18681318681318682,0.21167369901547117,6.2,0.12931316348921645,93.65481136725138,97.0
823832,691587,2026-08-11,"Pérez, Eury",home,146,Miami Marlins,134,Pittsburgh Pirates,7,14,100,94.069,2604.6,0.14,0.24169505962521295,6.4,0.1405888443301147,93.91660544274112,96.8
824477,691587,2026-08-16,"Pérez, Eury",away,146,Miami Marlins,113,Cincinnati Reds,4,15,100,92.257,2547.06,0.15,0.2525627044711014,6.6,0.14232621806748844,93.93687008920577,97.0
823831,691587,2026-08-22,"Pérez, Eury",home,146,Miami Marlins,120,Washington Nationals,4,12,100,92.661,2570.34,0.12,0.21647433346597691,5.6,0.1357670782825422,93.50697976662512,98.4
823467,691725,2026-05-07,"Painter, Andrew",home,143,Philadelphia Phillies,133,Athletics,2,6,88,90.82159090909092,2232.8977272727275,0.06818181818181818,0.22501797268152407,4.2,0.08007936507936507,91.00620165945165,90.6
824763,691725,2026-05-13,"Painter, Andrew",away,143,Philadelphia Phillies,111,Boston Red Sox,4,12,62,89.64354838709677,2303.1612903225805,0.1935483870967742,0.22330097087378642,3.0,0.07466810966810966,91.10194841269842,91.4
823465,691725,2026-05-18,"Painter, Andrew",home,143,Philadelphia Phillies,113,Cincinnati Reds,3,3,69,90.13478260869566,2340.3623188405795,0.043478260869565216,0.2397987702627166,3.6,0.10671112042079782,90.56376920122888,85.8
823459,691725,2026-05-24,"Painter, Andrew",home,143,Philadelphia Phillies,114,Cleveland Guardians,3,7,82,89.71951219512195,2173.878048780488,0.08536585365853659,0.19931102362204725,3.4,0.09159724878518707,90.53524953249182,82.8
823944,691725,2026-05-31,"Painter, Andrew",away,143,Philadelphia Phillies,119,Los Angeles Dodgers,3,7,80,90.06375,2321.075,0.0875,0.20252025202520252,3.8,0.10033708618356105,90.24206863818287,80.0
823454,691725,2026-06-06,"Painter, Andrew",home,143,Philadelphia Phillies,145,Chicago White Sox,4,13,93,88.47849462365592,2251.1397849462364,0.13978494623655913,0.23941908713692947,3.0,0.09561486396133884,90.07663682000107,76.2
823450,691725,2026-06-17,"Painter, Andrew",home,143,Philadelphia Phillies,146,Miami Marlins,3,8,56,90.23035714285713,2327.0714285714284,0.14285714285714285,0.22194153735113678,3.4,0.10993548957228702,89.60801756291406,77.2
824809,691725,2026-07-31,"Painter, Andrew",away,143,Philadelphia Phillies,110,Baltimore Orioles,6,9,82,89.15609756097561,2431.7195121951218,0.10975609756097561,0.240625,3.2,0.09979724072436076,89.72537931406613,76.0
823429,691725,2026-08-05,"Painter, Andrew",home,143,Philadelphia Phillies,120,Washington Nationals,4,11,63,89.93650793650794,2221.15873015873,0.1746031746031746,0.21306690615177368,3.8,0.11305280806264284,89.52964230452213,78.6
823018,691725,2026-08-10,"Painter, Andrew",away,143,Philadelphia Phillies,138,St. Louis Cardinals,6,11,93,90.26774193548387,2228.6021505376343,0.11827956989247312,0.2020748759585025,4.0,0.13090027225157044,89.57304145279932,74.8
823670,691725,2026-08-16,"Painter, Andrew",away,143,Philadelphia Phillies,142,Minnesota Twins,2,5,94,89.81170212765957,2498.7021276595747,0.05319148936170213,0.21472522809251007,4.6,0.13705618623006505,89.61383983989609,77.4
823422,691725,2026-08-22,"Painter, Andrew",home,143,Philadelphia Phillies,138,St. Louis Cardinals,8,19,103,90.49611650485437,2397.640776699029,0.18446601941747573,0.20452691680261012,4.2,0.11973749485509366,89.88048134069683,77.6
824012,691951,2026-07-04,"Aldegheri, Sam",home,108,Los Angeles Angels,111,Boston Red Sox,2,6,88,86.6465909090909,2126.125,0.06818181818181818,0.21994408201304752,2.4,0.07536954783331595,86.36777630444297,78.4
823070,693433,2026-04-25,"Woo, Bryan",away,136,Seattle Mariners,138,St. Louis Cardinals,1,3,53,92.9377358490566,2349.8490566037735,0.05660377358490566,0.2203023758099352,5.2,0.11926266845315828,92.79684786416148,86.0
823146,693433,2026-05-01,"Woo, Bryan",home,136,Seattle Mariners,118,Kansas City Royals,2,6,84,91.33095238095238,2353.5238095238096,0.07142857142857142,0.21901528013582344,3.6,0.0992581219653201,92.6154793713222,80.0
823141,693433,2026-05-06,"Woo, Bryan",home,136,Seattle Mariners,144,Atlanta Braves,9,13,98,93.11326530612246,2272.418367346939,0.1326530612244898,0.19789473684210526,2.8,0.09285418107862062,92.5573020314207,79.4
824197,693433,2026-05-12,"Woo, Bryan",away,136,Seattle Mariners,117,Houston Astros,9,13,104,92.27788461538461,2327.6923076923076,0.125,0.20606435643564355,4.2,0.09287876922713302,92.49031653842833,82.4
823137,693433,2026-05-18,"Woo, Bryan",home,136,Seattle Mariners,145,Chicago White Sox,8,15,90,90.54777777777778,2322.688888888889,0.16666666666666666,0.2394526795895097,5.4,0.09831355183582867,92.53784998324439,84.8
824108,693433,2026-05-24,"Woo, Bryan",away,136,Seattle Mariners,118,Kansas City Royals,4,6,91,93.45054945054945,2377.1098901098903,0.06593406593406594,0.2169230769230769,5.8,0.1104704145809267,92.04152318585876,85.8
823132,693433,2026-05-30,"Woo, Bryan",home,136,Seattle Mariners,109,Arizona Diamondbacks,9,13,86,91.83255813953488,2275.1976744186045,0.1511627906976744,0.20181297709923665,6.4,0.11233647305075875,92.14408590615733,93.4
824271,693433,2026-06-05,"Woo, Bryan",away,136,Seattle Mariners,116,Detroit Tigers,7,11,90,92.16777777777779,2284.5666666666666,0.12222222222222222,0.2245508982035928,7.8,0.12828331690457934,92.24440705787384,93.8
824827,693433,2026-06-11,"Woo, Bryan",away,136,Seattle Mariners,110,Baltimore Orioles,4,8,82,94.0548780487805,2224.7804878048782,0.0975609756097561,0.23451159255036108,7.4,0.12619714910412583,92.05530955220489,92.2
823125,693433,2026-06-18,"Woo, Bryan",home,136,Seattle Mariners,110,Baltimore Orioles,9,11,89,92.34382022471911,2329.2359550561796,0.12359550561797752,0.2363061797752809,6.4,0.12070934422607707,92.41070823888407,87.8
823367,693433,2026-06-24,"Woo, Bryan",away,136,Seattle Mariners,134,Pittsburgh Pirates,4,11,86,94.12906976744186,2306.9883720930234,0.12790697674418605,0.2355598580187157,6.6,0.11209511201633923,92.76991672827235,87.6
823122,693433,2026-06-30,"Woo, Bryan",home,136,Seattle Mariners,108,Los Angeles Angels,5,14,106,91.98679245283019,2249.254716981132,0.1320754716981132,0.24900581217497705,6.6,0.12448969417836327,92.90562079165083,86.6
823847,693433,2026-07-07,"Woo, Bryan",away,136,Seattle Mariners,146,Miami Marlins,5,9,87,91.94597701149425,2304.229885057471,0.10344827586206896,0.2139750652363004,5.8,0.12067223037845103,92.9364676543099,90.6
823116,693433,2026-07-18,"Woo, Bryan",home,136,Seattle Mariners,137,San Francisco Giants,7,11,98,93.81836734693879,2268.0714285714284,0.11224489795918367,0.20625342841470104,5.4,0.11691744110642037,92.89210750105318,90.0
822869,693433,2026-07-25,"Woo, Bryan",away,136,Seattle Mariners,140,Texas Rangers,5,11,95,91.18736842105262,2191.557894736842,0.11578947368421053,0.22262396694214875,6.0,0.1198542255763059,92.84480536068483,93.2
823921,693433,2026-07-30,"Woo, Bryan",away,136,Seattle Mariners,119,Los Angeles Dodgers,8,14,91,92.6912087912088,2271.879120879121,0.15384615384615385,0.20466570466570466,5.2,0.11829301918955248,92.61351499995155,94.4
823106,693433,2026-08-05,"Woo, Bryan",home,136,Seattle Mariners,116,Detroit Tigers,5,8,91,92.86373626373627,2190.4395604395604,0.08791208791208792,0.22745373623799484,6.0,0.12348085460994604,92.32594280470492,95.4
823512,693433,2026-08-11,"Woo, Bryan",away,136,Seattle Mariners,147,New York Yankees,5,6,92,94.68369565217391,2177.4239130434785,0.06521739130434782,0.2447457627118644,6.0,0.11464817785274099,92.50133156688614,92.4
824156,693433,2026-08-16,"Woo, Bryan",away,136,Seattle Mariners,117,Houston Astros,5,11,75,94.28800000000001,2255.6,0.14666666666666667,0.21242315030739878,6.0,0.10700200094119676,93.04887529502209,93.4
824770,693645,2026-04-23,"Schlittler, Cam",away,147,New York Yankees,111,Boston Red Sox,5,8,96,94.31875000000001,2441.71875,0.08333333333333333,0.23444444444444446,7.2,0.17005605672240312,95.16306206386189,81.8
822908,693645,2026-04-28,"Schlittler, Cam",away,147,New York Yankees,140,Texas Rangers,8,17,92,96.32934782608694,2480.0978260869565,0.18478260869565216,0.24403669724770644,6.6,0.14848742927142272,94.86151794621483,87.4
823552,693645,2026-05-04,"Schlittler, Cam",home,147,New York Yankees,110,Baltimore Orioles,4,11,95,97.41894736842104,2459.7157894736843,0.11578947368421053,0.24434035909445745,6.8,0.1525325586054899,95.2261216886474,90.0
823792,693645,2026-05-09,"Schlittler, Cam",away,147,New York Yankees,158,Milwaukee Brewers,6,11,97,96.1298969072165,2445.6288659793813,0.1134020618556701,0.20056899004267426,6.2,0.144738072389951,95.73776830518877,92.2
823629,693645,2026-05-15,"Schlittler, Cam",away,147,New York Yankees,121,New York Mets,9,17,106,95.49150943396226,2446.7264150943397,0.16037735849056603,0.20726361928616155,5.8,0.12741848476108503,95.79057121604383,94.6
823547,693645,2026-05-20,"Schlittler, Cam",home,147,New York Yankees,141,Toronto Blue Jays,7,14,106,96.45377358490566,2485.443396226415,0.1320754716981132,0.18429844097995546,6.4,0.1315369672118864,95.93769030713736,97.2
824106,693645,2026-05-26,"Schlittler, Cam",away,147,New York Yankees,118,Kansas City Royals,6,6,77,94.92077922077921,2363.974025974026,0.07792207792207792,0.21372161895360317,6.8,0.1412853948848424,96.36469502411849,99.2
823541,693645,2026-06-02,"Schlittler, Cam",home,147,New York Yankees,114,Cleveland Guardians,3,5,76,94.31315789473685,2349.25,0.06578947368421052,0.20306345733041575,6.4,0.11991328873012756,96.08298130305694,96.2
823537,693645,2026-06-07,"Schlittler, Cam",home,147,New York Yankees,111,Boston Red Sox,5,7,92,95.70652173913044,2425.3152173913045,0.07608695652173914,0.21933560477001704,6.2,0.10991328873012755,95.4618234083201,92.4
822802,693645,2026-06-13,"Schlittler, Cam",away,147,New York Yankees,141,Toronto Blue Jays,7,10,101,97.0039603960396,2547.168316831683,0.09900990099009901,0.19449751623996944,6.0,0.10245026766334135,95.37714837470288,91.4
823534,693645,2026-06-19,"Schlittler, Cam",home,147,New York Yankees,113,Cincinnati Reds,12,13,96,97.22395833333333,2574.78125,0.13541666666666666,0.24406901509705248,5.6,0.09017677616324796,95.67963856711836,90.4
824747,693645,2026-06-25,"Schlittler, Cam",away,147,New York Yankees,111,Boston Red Sox,9,16,92,97.24347826086957,2599.521739130435,0.17391304347826086,0.2192622950819672,6.6,0.09084501515695864,95.8336755168039,88.4
823528,693645,2026-06-30,"Schlittler, Cam",home,147,New York Yankees,116,Detroit Tigers,5,6,85,94.51411764705882,2618.235294117647,0.07058823529411765,0.22889661713563073,7.2,0.11004320826819525,96.29821532482195,91.4
822958,693645,2026-07-06,"Schlittler, Cam",away,147,New York Yankees,139,Tampa Bay Rays,8,13,101,97.25742574257426,2597.841584158416,0.12871287128712872,0.1875753920386007,7.6,0.11100296059017667,96.33840727528636,93.2
822711,693645,2026-07-11,"Schlittler, Cam",away,147,New York Yankees,120,Washington Nationals,6,8,99,95.98686868686869,2608.282828282828,0.08080808080808081,0.21354733405875953,8.2,0.12152814354325459,96.64858807597511,95.0
823523,693645,2026-07-19,"Schlittler, Cam",home,147,New York Yankees,119,Los Angeles Dodgers,8,20,98,95.99795918367346,2573.387755102041,0.20408163265306123,0.203232644409115,8.0,0.11788777950685095,96.44516973414093,94.6
823434,693645,2026-07-24,"Schlittler, Cam",away,147,New York Yankees,143,Philadelphia Phillies,12,16,99,95.63737373737374,2650.2323232323233,0.16161616161616163,0.23720446869316705,7.2,0.13162077270412986,96.19996990420897,95.0
824567,693645,2026-07-29,"Schlittler, Cam",away,147,New York Yankees,145,Chicago White Sox,8,17,93,96.11397849462367,2653.7741935483873,0.1827956989247312,0.23595226255594232,7.8,0.12916139633171,95.87874899950978,96.4
823520,693645,2026-08-03,"Schlittler, Cam",home,147,New York Yankees,138,St. Louis Cardinals,6,8,83,95.57951807228916,2509.373493975904,0.0963855421686747,0.20290545367944748,8.4,0.15160288905783273,96.19872116902276,98.0
823513,693645,2026-08-09,"Schlittler, Cam",home,147,New York Yankees,144,Atlanta Braves,11,21,96,97.33854166666667,2595.1458333333335,0.21875,0.2127659574468085,8.0,0.14513742323414192,95.86313963496575,94.4
822775,693645,2026-08-15,"Schlittler, Cam",away,147,New York Yankees,141,Toronto Blue Jays,7,14,97,96.30824742268041,2624.1546391752577,0.14432989690721648,0.1954919809276116,9.0,0.17272580707252574,96.13347423092533,93.8
823510,693645,2026-08-21,"Schlittler, Cam",home,147,New York Yankees,141,Toronto Blue Jays,4,10,96,95.29583333333333,2609.75,0.10416666666666667,0.1954762398837933,8.8,0.1607754599233568,96.19553187872673,93.6
824933,693821,2026-04-25,"Elder, Bryce",home,144,Atlanta Braves,143,Philadelphia Phillies,2,6,92,88.73804347826086,2124.0652173913045,0.06521739130434782,0.21399594320486814,5.8,0.09422462870646911,87.77813446383576,85.0
824929,693821,2026-04-30,"Elder, Bryce",home,144,Atlanta Braves,116,Detroit Tigers,5,7,90,89.66,2252.266666666667,0.07777777777777778,0.21573828470380194,5.2,0.08799099853360373,88.08718894262044,86.8
823142,693821,2026-05-05,"Elder, Bryce",away,144,Atlanta Braves,136,Seattle Mariners,9,16,93,88.60645161290323,2128.1827956989246,0.17204301075268819,0.23830409356725146,4.6,0.07882745296556379,88.48682939205865,87.0
823954,693821,2026-05-10,"Elder, Bryce",away,144,Atlanta Braves,119,Los Angeles Dodgers,8,12,83,89.19518072289156,2174.277108433735,0.14457831325301204,0.20652898067954698,5.8,0.10007816037925932,88.72838287253403,90.4
824924,693821,2026-05-16,"Elder, Bryce",home,144,Atlanta Braves,111,Boston Red Sox,3,7,103,89.17864077669903,2122.5533980582522,0.06796116504854369,0.22518159806295399,6.0,0.10620901290327947,88.89197597913767,91.2
824922,693821,2026-05-22,"Elder, Bryce",home,144,Atlanta Braves,120,Washington Nationals,4,9,87,88.48045977011495,2136.8390804597702,0.10344827586206896,0.21328671328671328,5.4,0.1055155316272739,89.07566331815094,92.2
824756,693821,2026-05-27,"Elder, Bryce",away,144,Atlanta Braves,111,Boston Red Sox,1,2,59,90.18135593220339,2162.7796610169494,0.03389830508474576,0.2221110555277639,5.8,0.11316170853881813,89.02414657652176,91.2
824918,693821,2026-06-02,"Elder, Bryce",home,144,Atlanta Braves,141,Toronto Blue Jays,6,10,103,88.0252427184466,2274.8155339805826,0.0970873786407767,0.19134701159678857,5.0,0.10438581400021171,89.12841776296243,85.0
824916,693821,2026-06-07,"Elder, Bryce",home,144,Atlanta Braves,134,Pittsburgh Pirates,4,6,88,88.10909090909091,2136.875,0.06818181818181818,0.23458235753317722,4.4,0.08939468757782944,89.0121759840711,87.0
823615,693821,2026-06-14,"Elder, Bryce",away,144,Atlanta Braves,121,New York Mets,2,5,75,88.44933333333333,2067.2,0.06666666666666667,0.22149207576343255,3.6,0.07411538856359065,88.79495802131098,88.0
824908,693821,2026-06-21,"Elder, Bryce",home,144,Atlanta Braves,158,Milwaukee Brewers,6,10,95,88.72421052631579,2175.0105263157893,0.10526315789473684,0.2075993091537133,3.4,0.07385648888721526,88.64909653263784,82.4
823207,693821,2026-06-27,"Elder, Bryce",away,144,Atlanta Braves,137,San Francisco Giants,4,6,69,87.48985507246377,2174.144927536232,0.08695652173913043,0.2070209973753281,3.8,0.07421946529374882,88.69784668387801,84.0
823359,693821,2026-07-09,"Elder, Bryce",away,144,Atlanta Braves,134,Pittsburgh Pirates,3,6,69,88.4144927536232,2168.1884057971015,0.08695652173913043,0.2381600435492651,4.4,0.08483110862462576,88.15954651193007,86.0
824898,693821,2026-07-20,"Elder, Bryce",home,144,Atlanta Braves,135,San Diego Padres,4,8,77,89.87012987012987,2138.1688311688313,0.1038961038961039,0.22334333242432505,3.8,0.08280493724429651,88.2373965189654,79.2
824811,693821,2026-07-25,"Elder, Bryce",away,144,Atlanta Braves,110,Baltimore Orioles,8,9,98,89.79285714285714,2179.112244897959,0.09183673469387756,0.24191102123356925,3.8,0.08994779438715365,88.58960431117319,77.0
824892,693821,2026-07-31,"Elder, Bryce",home,144,Atlanta Braves,120,Washington Nationals,3,6,93,88.39677419354838,2176.440860215054,0.06451612903225806,0.21207865168539325,5.0,0.09498180799259584,88.85830907307795,81.6
824889,693821,2026-08-05,"Elder, Bryce",home,144,Atlanta Braves,146,Miami Marlins,3,4,84,87.90833333333333,2135.9761904761904,0.047619047619047616,0.215316573556797,4.4,0.08683240222010008,88.79282180652447,81.2
824887,693821,2026-08-10,"Elder, Bryce",home,144,Atlanta Braves,121,New York Mets,4,12,105,88.63619047619046,2083.657142857143,0.11428571428571428,0.22620904836193448,4.2,0.07896490739608351,88.87651745869839,84.2
824880,693821,2026-08-16,"Elder, Bryce",home,144,Atlanta Braves,109,Arizona Diamondbacks,5,3,75,87.35466666666667,2115.9466666666667,0.04,0.19184193753983428,4.4,0.08443074590540028,88.92085700321184,91.4
822951,693855,2026-07-12,"Seymour, Ian",home,139,Tampa Bay Rays,136,Seattle Mariners,3,8,78,85.59615384615384,2023.551282051282,0.10256410256410256,0.2315613693292513,6.2,0.13855332613497187,85.75215466096782,67.6
824738,693855,2026-07-18,"Seymour, Ian",away,139,Tampa Bay Rays,111,Boston Red Sox,4,8,61,87.03770491803279,2062.4918032786886,0.13114754098360656,0.21795580110497237,6.4,0.13506614664779237,85.6601854301986,78.2
824324,693855,2026-08-03,"Seymour, Ian",away,139,Tampa Bay Rays,115,Colorado Rockies,9,13,90,85.37222222222222,1975.8444444444444,0.14444444444444443,0.22758136267852963,6.2,0.1322047457536046,85.8902718683506,79.4
823104,693855,2026-08-09,"Seymour, Ian",away,139,Tampa Bay Rays,136,Seattle Mariners,7,14,98,86.08163265306122,1961.1326530612246,0.14285714285714285,0.22840909090909092,7.2,0.1388714124202713,85.98595088069628,81.2
822941,693855,2026-08-15,"Seymour, Ian",home,139,Tampa Bay Rays,110,Baltimore Orioles,9,14,93,86.54086021505377,1938.8709677419354,0.15053763440860216,0.24162679425837322,7.0,0.13611753978688057,86.03818102576636,84.2
822934,693855,2026-08-20,"Seymour, Ian",home,139,Tampa Bay Rays,141,Toronto Blue Jays,8,13,90,87.40222222222222,1939.611111111111,0.14444444444444443,0.19464210966931772,6.4,0.13431017305157972,86.12571477090476,84.0
823926,694297,2026-07-11,"Pfaadt, Brandon",away,109,Arizona Diamondbacks,119,Los Angeles Dodgers,2,7,77,89.04935064935066,2426.220779220779,0.09090909090909091,0.20277626565051715,3.8,0.08388437056661735,88.64325310531798,80.6
825059,694297,2026-07-18,"Pfaadt, Brandon",home,109,Arizona Diamondbacks,138,St. Louis Cardinals,3,3,87,88.91724137931034,2464.2758620689656,0.034482758620689655,0.203224909646928,3.6,0.087948541689612,88.81382911754105,79.0
823042,694297,2026-07-23,"Pfaadt, Brandon",away,109,Arizona Diamondbacks,138,St. Louis Cardinals,1,7,87,89.35057471264368,2464.0,0.08045977011494253,0.20539254559873116,3.8,0.07712357442640816,89.03120144403604,80.6
823350,694297,2026-07-28,"Pfaadt, Brandon",away,109,Arizona Diamondbacks,134,Pittsburgh Pirates,4,5,101,89.18217821782177,2427.4158415841584,0.04950495049504951,0.24155164207520227,2.8,0.06945315221177291,89.44527678260437,77.8
825095,694297,2026-08-03,"Pfaadt, Brandon",home,109,Arizona Diamondbacks,135,San Diego Padres,3,7,90,89.4211111111111,2464.488888888889,0.07777777777777778,0.2218487394957983,3.2,0.07329353625017675,89.20625788071418,84.8
825049,694297,2026-08-08,"Pfaadt, Brandon",home,109,Arizona Diamondbacks,119,Los Angeles Dodgers,2,9,93,89.76344086021506,2406.1290322580644,0.0967741935483871,0.20449438202247192,2.6,0.06662686958351008,89.18409121404751,88.4
824882,694297,2026-08-14,"Pfaadt, Brandon",away,109,Arizona Diamondbacks,144,Atlanta Braves,7,12,87,87.96206896551723,2476.448275862069,0.13793103448275862,0.21359649122807017,2.6,0.0677998901113693,89.32690925622039,91.6
824722,694297,2026-08-19,"Pfaadt, Brandon",away,109,Arizona Diamondbacks,111,Boston Red Sox,8,16,94,87.82659574468086,2509.0106382978724,0.1702127659574468,0.21382334516600543,3.4,0.0884895452837831,89.13587477346178,91.6
824018,694346,2026-06-24,"Gibson, Trey",away,110,Baltimore Orioles,108,Los Angeles Angels,5,8,66,91.78484848484848,2151.8030303030305,0.12121212121212122,0.2482154445165477,3.6,0.08344858705841429,91.0400492727247,89.0
824819,694346,2026-06-30,"Gibson, Trey",home,110,Baltimore Orioles,145,Chicago White Sox,5,8,78,92.56538461538462,2146.371794871795,0.10256410256410256,0.23789939892439102,4.2,0.09389790785256266,91.30391552141853,84.8
823783,694477,2026-05-27,"Patrick, Chad",home,158,Milwaukee Brewers,138,St. Louis Cardinals,4,15,61,92.84098360655739,2348.622950819672,0.2459016393442623,0.2102897102897103,3.6,0.10473004298793336,91.0044508169477,80.6
823230,694738,2026-04-26,"Roupp, Landen",home,137,San Francisco Giants,146,Miami Marlins,6,10,103,86.06990291262137,2394.9223300970875,0.0970873786407767,0.20175438596491227,6.2,0.09611154804761184,86.87195223523648,93.8
822988,694738,2026-05-02,"Roupp, Landen",away,137,San Francisco Giants,139,Tampa Bay Rays,6,11,88,86.56704545454545,2304.0454545454545,0.125,0.1907563025210084,6.0,0.09052902377576719,86.42025099957894,96.8
823224,694738,2026-05-09,"Roupp, Landen",home,137,San Francisco Giants,134,Pittsburgh Pirates,8,9,94,85.53617021276595,2362.904255319149,0.09574468085106383,0.234640522875817,5.8,0.09658165535471455,86.42923903785643,95.4
823950,694738,2026-05-14,"Roupp, Landen",away,137,San Francisco Giants,119,Los Angeles Dodgers,7,15,105,85.8047619047619,2369.0095238095237,0.14285714285714285,0.20461445051608987,6.6,0.09852629044965851,86.11281716643114,95.6
825086,694738,2026-05-19,"Roupp, Landen",away,137,San Francisco Giants,109,Arizona Diamondbacks,2,5,91,87.1989010989011,2422.8241758241757,0.054945054945054944,0.205607476635514,6.8,0.11100576499809856,86.2659534554295,99.2
823219,694738,2026-05-25,"Roupp, Landen",home,137,San Francisco Giants,109,Arizona Diamondbacks,7,13,93,87.40537634408602,2392.935483870968,0.13978494623655913,0.20310880829015543,5.8,0.10312685145880766,86.23535631671915,96.2
823781,694738,2026-06-01,"Roupp, Landen",away,137,San Francisco Giants,158,Milwaukee Brewers,4,9,96,87.3875,2389.3541666666665,0.09375,0.2100371747211896,6.0,0.11166636497796416,86.50245100301208,94.2
824669,694738,2026-06-06,"Roupp, Landen",away,137,San Francisco Giants,112,Chicago Cubs,5,9,98,88.23265306122448,2240.030612244898,0.09183673469387756,0.2116991643454039,5.6,0.10541636497796417,86.666541912103,95.8
823211,694738,2026-06-12,"Roupp, Landen",home,137,San Francisco Giants,112,Chicago Cubs,5,12,105,87.22857142857143,2246.6,0.11428571428571428,0.21256931608133087,5.0,0.10463477574652691,87.2058384817947,96.6
823853,694738,2026-06-19,"Roupp, Landen",away,137,San Francisco Giants,146,Miami Marlins,7,14,98,88.35,2217.1530612244896,0.14285714285714285,0.22143364088005676,4.6,0.09892049003224117,87.49060038655661,96.6
823209,694738,2026-06-25,"Roupp, Landen",home,137,San Francisco Giants,133,Athletics,6,10,108,87.6648148148148,2264.4166666666665,0.09259259259259259,0.22143318269851517,5.6,0.11650290761465876,87.72082016677639,98.0
825066,694738,2026-06-30,"Roupp, Landen",away,137,San Francisco Giants,109,Arizona Diamondbacks,4,7,84,88.70952380952382,2345.3809523809523,0.08333333333333333,0.19353806781829813,5.4,0.10706443688586545,87.77270786092215,101.0
823205,694738,2026-07-06,"Roupp, Landen",home,137,San Francisco Giants,141,Toronto Blue Jays,5,10,104,89.31153846153846,2213.721153846154,0.09615384615384616,0.19952138797487287,5.4,0.10498110355253212,88.03711262282691,98.6
823115,694738,2026-07-17,"Roupp, Landen",away,137,San Francisco Giants,136,Seattle Mariners,2,5,97,86.31340206185567,2296.3711340206187,0.05154639175257732,0.2314254265272427,5.4,0.10584452584452583,88.25288970288969,99.8
824083,694738,2026-07-22,"Roupp, Landen",away,137,San Francisco Giants,118,Kansas City Royals,7,8,91,86.98351648351648,2296.6923076923076,0.08791208791208792,0.21243523316062177,4.8,0.09329666133789845,88.06985582954655,98.2
823193,694738,2026-07-28,"Roupp, Landen",home,137,San Francisco Giants,158,Milwaukee Brewers,1,4,84,87.00357142857143,2300.690476190476,0.047619047619047616,0.2101431691337054,4.8,0.08230765034888747,87.79655912624985,96.8
823270,694738,2026-08-02,"Roupp, Landen",away,137,San Francisco Giants,135,San Diego Padres,6,10,99,86.4919191919192,2279.2680412371133,0.10101010101010101,0.2217644207464857,3.8,0.07331294135417847,87.66431044900116,92.0
823188,694738,2026-08-08,"Roupp, Landen",home,137,San Francisco Giants,116,Detroit Tigers,3,12,85,86.02941176470588,2250.3058823529414,0.1411764705882353,0.2272313296903461,4.2,0.07684829488953202,87.22078952548024,95.0
823185,694738,2026-08-14,"Roupp, Landen",home,137,San Francisco Giants,115,Colorado Rockies,5,13,91,85.4054945054945,2416.8571428571427,0.14285714285714285,0.2253307308609846,3.8,0.08585281977640982,86.56436418611374,91.2
824395,694738,2026-08-20,"Roupp, Landen",away,137,San Francisco Giants,114,Cleveland Guardians,2,6,90,90.46888888888888,2164.0333333333333,0.06666666666666667,0.21727310748640735,4.4,0.10411496999732295,86.3827826748415,90.0
823799,694819,2026-04-25,"Misiorowski, Jacob",home,158,Milwaukee Brewers,134,Pittsburgh Pirates,9,20,91,98.07142857142857,2549.4945054945056,0.21978021978021978,0.23084384093113483,8.4,0.16080304766833917,95.87210819787258,92.4
822744,694819,2026-05-01,"Misiorowski, Jacob",away,158,Milwaukee Brewers,120,Washington Nationals,8,19,85,97.56705882352942,2568.294117647059,0.2235294117647059,0.2202052091554854,8.0,0.1536952618371491,96.3623513589668,91.8
823794,694819,2026-05-08,"Misiorowski, Jacob",home,158,Milwaukee Brewers,147,New York Yankees,11,13,95,97.86421052631579,2569.2315789473682,0.1368421052631579,0.22375690607734808,8.2,0.17286922929647325,96.63235886835353,90.0
823791,694819,2026-05-13,"Misiorowski, Jacob",home,158,Milwaukee Brewers,135,San Diego Padres,10,18,93,97.5763440860215,2543.1720430107525,0.1935483870967742,0.22944297082228116,8.4,0.17647527411148106,97.22896334985433,88.8
824677,694819,2026-05-19,"Misiorowski, Jacob",away,158,Milwaukee Brewers,112,Chicago Cubs,8,12,74,96.89594594594595,2528.2567567567567,0.16216216216216217,0.20578947368421052,9.4,0.18360600416241485,97.74817953547968,92.2
823784,694819,2026-05-25,"Misiorowski, Jacob",home,158,Milwaukee Brewers,138,St. Louis Cardinals,12,19,96,98.89479166666666,2627.6666666666665,0.19791666666666666,0.2080536912751678,9.2,0.18717245721340398,97.59499759064825,87.6
824187,694819,2026-05-31,"Misiorowski, Jacob",away,158,Milwaukee Brewers,117,Houston Astros,8,13,88,97.8215909090909,2604.193181818182,0.14772727272727273,0.2104340201665936,9.8,0.18279974659069337,97.75967020969587,88.6
824351,694819,2026-06-06,"Misiorowski, Jacob",away,158,Milwaukee Brewers,115,Colorado Rockies,8,8,98,98.53979591836735,2537.6428571428573,0.08163265306122448,0.23696098562628337,9.8,0.16763931878320673,97.81057662680817,89.2
823778,694819,2026-06-12,"Misiorowski, Jacob",home,158,Milwaukee Brewers,143,Philadelphia Phillies,15,22,95,99.04842105263158,2568.547368421053,0.23157894736842105,0.2282780410742496,9.2,0.15659742834282003,97.94569370521847,89.8
824910,694819,2026-06-19,"Misiorowski, Jacob",away,158,Milwaukee Brewers,144,Atlanta Braves,7,16,91,99.16153846153847,2544.901098901099,0.17582417582417584,0.20801733477789816,10.2,0.1642035403971494,98.2401090985405,90.2
823773,694819,2026-06-26,"Misiorowski, Jacob",home,158,Milwaukee Brewers,112,Chicago Cubs,8,17,107,98.60841121495328,2620.5981308411215,0.1588785046728972,0.212792511700468,10.0,0.16693594312955215,98.69322760165899,93.6
823765,694819,2026-07-02,"Misiorowski, Jacob",home,158,Milwaukee Brewers,113,Cincinnati Reds,10,19,82,97.46585365853659,2551.0,0.23170731707317074,0.24876084262701362,9.2,0.15912831073079828,98.63595151131632,95.8
823062,694819,2026-07-07,"Misiorowski, Jacob",away,158,Milwaukee Brewers,138,St. Louis Cardinals,11,16,103,97.5514563106796,2589.0873786407765,0.1553398058252427,0.20084185207456404,9.6,0.17592431959997787,98.56480406120545,94.6
823762,694819,2026-07-20,"Misiorowski, Jacob",home,158,Milwaukee Brewers,121,New York Mets,6,14,65,97.80923076923078,2596.6923076923076,0.2153846153846154,0.21932392866648923,10.2,0.1906657501527815,98.3671361396679,95.6
823755,694819,2026-07-26,"Misiorowski, Jacob",home,158,Milwaukee Brewers,115,Colorado Rockies,12,25,83,100.73734939759036,2628.9036144578313,0.30120481927710846,0.22493827160493826,8.4,0.18742688375602037,98.11929808298774,89.6
823996,694819,2026-08-02,"Misiorowski, Jacob",away,158,Milwaukee Brewers,108,Los Angeles Angels,10,16,83,96.40602409638554,2579.4698795180725,0.1927710843373494,0.25089605734767023,9.4,0.2125030124466069,98.43446027019813,88.0
823751,694819,2026-08-09,"Misiorowski, Jacob",home,158,Milwaukee Brewers,142,Minnesota Twins,9,20,94,97.68510638297872,2591.7978723404253,0.2127659574468085,0.21189092534644613,9.8,0.21928152837949738,97.99398284648457,83.2
823914,694819,2026-08-15,"Misiorowski, Jacob",away,158,Milwaukee Brewers,119,Los Angeles Dodgers,6,16,98,98.11836734693878,2667.9489795918366,0.16326530612244897,0.205193699446573,9.6,0.2154932564542249,98.037833391373,85.6
823746,694819,2026-08-21,"Misiorowski, Jacob",home,158,Milwaukee Brewers,144,Atlanta Braves,6,14,96,96.99479166666667,2642.5625,0.14583333333333334,0.2161149281698938,8.6,0.21707835651366617,98.15121559862483,84.6
823800,694973,2026-04-24,"Skenes, Paul",away,134,Pittsburgh Pirates,158,Milwaukee Brewers,7,10,93,94.66774193548387,1967.8172043010752,0.10752688172043011,0.2104144527098831,4.6,0.11373586416689865,92.69530325976447,70.6
823391,694973,2026-04-30,"Skenes, Paul",home,134,Pittsburgh Pirates,138,St. Louis Cardinals,9,14,102,91.94509803921568,2061.4803921568628,0.13725490196078433,0.216696269982238,5.8,0.10821421348395763,92.92777056578016,81.8
825091,694973,2026-05-06,"Skenes, Paul",away,134,Pittsburgh Pirates,109,Arizona Diamondbacks,7,10,97,93.26288659793815,2048.2474226804125,0.10309278350515463,0.2157643312101911,6.6,0.10709376530468595,92.59860835544148,86.8
823385,694973,2026-05-12,"Skenes, Paul",home,134,Pittsburgh Pirates,115,Colorado Rockies,10,18,98,91.6,2123.9489795918366,0.1836734693877551,0.2568866111467008,6.8,0.11162036798272837,92.63463395089117,88.8
823381,694973,2026-05-17,"Skenes, Paul",home,134,Pittsburgh Pirates,143,Philadelphia Phillies,7,9,92,93.46195652173913,2086.1847826086955,0.09782608695652174,0.21485714285714286,7.6,0.11880960731482484,92.84327031452753,90.8
822814,694973,2026-05-23,"Skenes, Paul",away,134,Pittsburgh Pirates,141,Toronto Blue Jays,2,6,98,92.88775510204081,2117.8571428571427,0.061224489795918366,0.19234800838574423,8.0,0.12587482470612918,92.98753661887537,96.4
823378,694973,2026-05-28,"Skenes, Paul",home,134,Pittsburgh Pirates,112,Chicago Cubs,10,18,103,91.95728155339806,2136.766990291262,0.17475728155339806,0.21035892776010903,7.0,0.11661434632122684,92.63153925218674,97.4
824188,694973,2026-06-03,"Skenes, Paul",away,134,Pittsburgh Pirates,117,Houston Astros,7,12,109,91.95045871559634,2229.761467889908,0.11009174311926606,0.21258503401360543,7.2,0.1241148222397496,92.63397595502322,97.6
823374,694973,2026-06-09,"Skenes, Paul",home,134,Pittsburgh Pirates,119,Los Angeles Dodgers,7,16,103,92.47572815533981,2080.631067961165,0.1553398058252427,0.201980198019802,7.2,0.12551461416257187,92.37149037855487,100.0
823368,694973,2026-06-14,"Skenes, Paul",home,134,Pittsburgh Pirates,146,Miami Marlins,10,20,104,91.91730769230769,2074.4423076923076,0.19230769230769232,0.21721157459601653,6.6,0.11984788145006939,92.54663600962283,101.0
824342,694973,2026-06-20,"Skenes, Paul",away,134,Pittsburgh Pirates,115,Colorado Rockies,8,18,104,92.19903846153846,2075.028846153846,0.17307692307692307,0.23,7.2,0.1387442025203035,92.23770624373654,103.4
823363,694973,2026-06-26,"Skenes, Paul",home,134,Pittsburgh Pirates,113,Cincinnati Reds,7,13,96,91.9375,2108.2395833333335,0.13541666666666666,0.24783765801729873,8.4,0.16111468917650446,92.09996291563607,104.6
823446,694973,2026-07-01,"Skenes, Paul",away,134,Pittsburgh Pirates,143,Philadelphia Phillies,5,10,81,91.97037037037038,1971.5185185185185,0.12345679012345678,0.23289800995024876,7.8,0.15324656619915816,92.09600660495646,103.2
823361,694973,2026-07-07,"Skenes, Paul",home,134,Pittsburgh Pirates,144,Atlanta Braves,4,12,95,93.78210526315789,2040.1263157894737,0.12631578947368421,0.21133867616503413,7.4,0.1559195755999963,92.09998893591127,97.6
823358,694973,2026-07-12,"Skenes, Paul",home,134,Pittsburgh Pirates,158,Milwaukee Brewers,7,7,82,92.45487804878049,2088.731707317073,0.08536585365853659,0.20877051385525963,6.8,0.1501147723296846,92.36126435747488,96.0
824411,694973,2026-07-19,"Skenes, Paul",away,134,Pittsburgh Pirates,114,Cleveland Guardians,7,16,100,93.84299999999999,2069.67,0.16,0.22537878787878787,6.2,0.12872640459985346,92.46877842876945,91.6
823355,694973,2026-07-25,"Skenes, Paul",home,134,Pittsburgh Pirates,112,Chicago Cubs,11,21,105,91.21428571428571,2132.8380952380953,0.2,0.21597051597051597,6.0,0.12611101998446886,92.79757073646174,90.8
824486,694973,2026-07-31,"Skenes, Paul",away,134,Pittsburgh Pirates,113,Cincinnati Reds,7,15,100,92.609,2113.46,0.15,0.25122428991185114,6.8,0.13902768665113552,92.65292787931888,92.6
823753,694973,2026-08-05,"Skenes, Paul",away,134,Pittsburgh Pirates,158,Milwaukee Brewers,6,14,93,91.89354838709677,2163.1182795698924,0.15053763440860216,0.21028675466545288,7.2,0.14433632862644416,92.78065380524481,96.4
823832,694973,2026-08-11,"Skenes, Paul",away,134,Pittsburgh Pirates,146,Miami Marlins,4,4,65,92.52461538461539,1959.3076923076924,0.06153846153846154,0.21504897595725736,7.6,0.14918069761342773,92.4029424300326,96.0
823342,694973,2026-08-19,"Skenes, Paul",home,134,Pittsburgh Pirates,116,Detroit Tigers,5,11,81,93.58765432098765,2092.3703703703704,0.13580246913580246,0.2242246437552389,7.0,0.14441521918941275,92.41688989719957,92.6
824528,695076,2026-04-26,"Lowder, Rhett",home,113,Cincinnati Reds,116,Detroit Tigers,7,9,94,89.38723404255319,2375.3829787234044,0.09574468085106383,0.21125370187561698,3.6,0.08572666273115134,89.3511407212094,89.2
823388,695076,2026-05-02,"Lowder, Rhett",away,113,Cincinnati Reds,134,Pittsburgh Pirates,1,0,52,89.45961538461538,2377.4615384615386,0.0,0.23849693251533743,4.0,0.07231745936648037,89.15998287855726,90.8
824681,695076,2026-05-07,"Lowder, Rhett",away,113,Cincinnati Reds,112,Chicago Cubs,1,1,59,88.59661016949153,2311.6271186440677,0.01694915254237288,0.20271186440677966,3.4,0.06012233741526087,89.30093034572423,84.8
823047,695076,2026-06-07,"Lowder, Rhett",away,113,Cincinnati Reds,138,St. Louis Cardinals,4,6,70,90.21428571428571,2256.2,0.08571428571428572,0.2120822622107969,3.2,0.048775325818472284,89.24614711646464,77.6
824508,695076,2026-06-13,"Lowder, Rhett",home,113,Cincinnati Reds,109,Arizona Diamondbacks,6,10,96,89.62708333333335,2294.2708333333335,0.10416666666666667,0.20335021425788857,3.2,0.0525848496279961,89.24789314821066,73.6
823534,695076,2026-06-19,"Lowder, Rhett",away,113,Cincinnati Reds,147,New York Yankees,5,6,95,89.32842105263158,2394.8736842105263,0.06315789473684211,0.2271259418729817,3.8,0.06051495715487783,89.45696572885582,74.2
824500,695076,2026-06-24,"Lowder, Rhett",home,113,Cincinnati Reds,158,Milwaukee Brewers,6,12,100,88.318,2404.51,0.12,0.21096345514950166,3.4,0.05399759993203348,89.4452031308715,74.4
823768,695076,2026-06-30,"Lowder, Rhett",away,113,Cincinnati Reds,158,Milwaukee Brewers,8,8,82,89.4609756097561,2324.3658536585367,0.0975609756097561,0.2105592002499219,4.4,0.07799759993203348,89.21688005394843,84.0
824331,695076,2026-07-18,"Lowder, Rhett",away,113,Cincinnati Reds,115,Colorado Rockies,2,5,48,89.175,2326.2083333333335,0.10416666666666667,0.22727272727272727,5.8,0.09411996454551011,89.38975314200135,88.6
823031,695076,2026-07-24,"Lowder, Rhett",away,113,Cincinnati Reds,138,St. Louis Cardinals,4,7,76,89.59605263157896,2433.842105263158,0.09210526315789473,0.2037133891213389,5.4,0.09781044073598631,89.18189599914419,84.2
824488,695076,2026-07-30,"Lowder, Rhett",home,113,Cincinnati Reds,134,Pittsburgh Pirates,5,11,90,88.50333333333333,2479.588888888889,0.12222222222222222,0.24002799160251925,5.0,0.09539816003423192,89.17568985879333,80.2
824482,695076,2026-08-05,"Lowder, Rhett",home,113,Cincinnati Reds,133,Athletics,3,8,95,88.56315789473685,2423.3473684210526,0.08421052631578947,0.22650658046640498,5.0,0.10721102553130794,89.01067231493367,79.2
824562,695076,2026-08-12,"Lowder, Rhett",away,113,Cincinnati Reds,145,Chicago White Sox,4,5,94,88.20744680851064,2410.776595744681,0.05319148936170213,0.23971536579942185,4.4,0.10005313079446584,89.05970389388105,78.2
824478,695076,2026-08-17,"Lowder, Rhett",home,113,Cincinnati Reds,138,St. Louis Cardinals,5,4,99,89.40808080808081,2366.5050505050503,0.04040404040404041,0.2025343642611684,3.6,0.09117923354485505,88.80899813363195,80.6
825044,695076,2026-08-22,"Lowder, Rhett",away,113,Cincinnati Reds,109,Arizona Diamondbacks,1,1,92,90.06630434782609,2414.7391304347825,0.010869565217391304,0.19183673469387755,4.2,0.07842670829232978,88.8556142952481,90.8
824526,695505,2026-04-28,"Burns, Chase",home,113,Cincinnati Reds,115,Colorado Rockies,9,20,97,94.92371134020618,2619.134020618557,0.20618556701030927,0.24954128440366974,6.0,0.14422368514394665,94.76581974080366,88.2
823387,695505,2026-05-03,"Burns, Chase",away,113,Cincinnati Reds,134,Pittsburgh Pirates,7,14,94,94.54148936170212,2505.2872340425533,0.14893617021276595,0.23564064801178203,6.4,0.14956336264857262,94.68543380371669,92.0
824523,695505,2026-05-09,"Burns, Chase",home,113,Cincinnati Reds,117,Houston Astros,2,8,87,95.01034482758621,2621.022988505747,0.09195402298850575,0.2011873350923483,6.0,0.13337358519687292,94.59672018180424,93.4
824517,695505,2026-05-14,"Burns, Chase",home,113,Cincinnati Reds,120,Washington Nationals,7,18,95,94.81473684210526,2593.5789473684213,0.18947368421052632,0.21878715814506539,6.0,0.13437308544674798,94.58422392993018,92.4
823464,695505,2026-05-19,"Burns, Chase",away,113,Cincinnati Reds,143,Philadelphia Phillies,9,17,86,95.64186046511628,2707.686046511628,0.19767441860465115,0.21503017004936917,6.6,0.15617586826586474,94.59475750524778,94.0
823624,695505,2026-05-26,"Burns, Chase",away,113,Cincinnati Reds,121,New York Mets,8,10,90,95.49111111111112,2600.277777777778,0.1111111111111111,0.2152777777777778,6.8,0.1668447726053517,94.98642856734321,91.8
824509,695505,2026-06-03,"Burns, Chase",home,113,Cincinnati Reds,118,Kansas City Royals,9,18,98,94.40102040816326,2647.0714285714284,0.1836734693877551,0.21385017421602787,6.6,0.14782988142551207,95.09990852152421,90.4
823290,695505,2026-06-09,"Burns, Chase",away,113,Cincinnati Reds,135,San Diego Padres,7,12,105,94.17142857142858,2706.885714285714,0.11428571428571428,0.23187791437049599,7.0,0.15477734126050988,95.07181473081643,91.2
824505,695505,2026-06-15,"Burns, Chase",home,113,Cincinnati Reds,121,New York Mets,7,17,100,95.08200000000001,2676.31,0.17,0.2209965766451122,8.0,0.1592436795199516,94.9040314795849,94.8
823531,695505,2026-06-21,"Burns, Chase",away,113,Cincinnati Reds,147,New York Yankees,7,13,96,93.04895833333335,2602.4895833333335,0.13541666666666666,0.22598672720922108,8.0,0.15534894267784632,94.95748411116385,95.8
823364,695505,2026-06-27,"Burns, Chase",away,113,Cincinnati Reds,134,Pittsburgh Pirates,10,15,93,93.88709677419355,2678.8064516129034,0.16129032258064516,0.23646546359676415,7.6,0.14289739229024942,94.43890368480726,97.8
823765,695505,2026-07-02,"Burns, Chase",away,113,Cincinnati Reds,158,Milwaukee Brewers,4,8,89,94.58876404494382,2710.932584269663,0.0898876404494382,0.21036585365853658,8.0,0.15293323458415625,94.11810081742374,98.4
824496,695505,2026-07-08,"Burns, Chase",home,113,Cincinnati Reds,143,Philadelphia Phillies,2,4,106,94.78301886792453,2766.4622641509436,0.03773584905660377,0.23476494486361,7.0,0.13417606879649285,94.15564954477986,96.6
823114,695505,2026-07-21,"Burns, Chase",away,113,Cincinnati Reds,136,Seattle Mariners,6,16,91,93.5,2775.098901098901,0.17582417582417584,0.22918318794607453,6.0,0.11886609575067078,94.27796760407905,96.8
824490,695505,2026-07-28,"Burns, Chase",home,113,Cincinnati Reds,114,Cleveland Guardians,4,12,89,92.5943820224719,2656.067415730337,0.1348314606741573,0.2239179384538404,5.8,0.12003093091550592,93.96156760407905,95.0
824483,695505,2026-08-02,"Burns, Chase",home,113,Cincinnati Reds,134,Pittsburgh Pirates,9,13,88,92.87727272727273,2679.3863636363635,0.14772727272727273,0.23831139355424422,5.2,0.11991388971700405,93.87065234190676,93.6
822701,695505,2026-08-08,"Burns, Chase",away,113,Cincinnati Reds,120,Washington Nationals,6,14,96,92.903125,2730.46875,0.14583333333333334,0.2145041502839668,5.0,0.11720127974632957,93.66868753252258,92.6
824479,695505,2026-08-14,"Burns, Chase",home,113,Cincinnati Reds,146,Miami Marlins,8,11,93,94.8010752688172,2716.010752688172,0.11827956989247312,0.21549847627340007,5.4,0.1283904183231086,93.33155972353384,94.0
824476,695505,2026-08-19,"Burns, Chase",home,113,Cincinnati Reds,138,St. Louis Cardinals,8,15,104,93.8673076923077,2686.2115384615386,0.14423076923076922,0.20356020942408376,6.6,0.14449916249028247,93.33517100371236,91.4
823208,695611,2026-06-24,"Jump, Gage",away,133,Athletics,137,San Francisco Giants,9,11,97,91.3298969072165,2335.175257731959,0.1134020618556701,0.20503230193811628,5.2,0.11699212021257102,91.21209470446631,90.2
824986,695611,2026-06-29,"Jump, Gage",home,133,Athletics,119,Los Angeles Dodgers,5,9,91,90.4846153846154,2389.3076923076924,0.0989010989010989,0.2048044348629504,6.0,0.11467253258370502,91.18284681318235,92.0
824980,695611,2026-07-05,"Jump, Gage",home,133,Athletics,146,Miami Marlins,1,6,85,91.31058823529412,2310.0470588235294,0.07058823529411765,0.2159458664313033,6.0,0.12268804648157187,91.08400518422307,93.2
824576,695611,2026-07-11,"Jump, Gage",away,133,Athletics,145,Chicago White Sox,7,14,86,91.39883720930233,2302.6744186046512,0.16279069767441862,0.23557692307692307,5.6,0.1118056935403954,91.04841449794857,91.0
824981,695611,2026-07-17,"Jump, Gage",home,133,Athletics,120,Washington Nationals,8,9,87,90.46551724137932,2394.183908045977,0.10344827586206896,0.2131234995998933,5.8,0.10969716640861246,90.93058193980903,93.2
825055,695611,2026-07-22,"Jump, Gage",away,133,Athletics,109,Arizona Diamondbacks,5,7,83,91.61807228915663,2352.6385542168673,0.08433734939759036,0.19597457627118645,6.0,0.10982607391747486,90.99789099556153,89.2
824976,695611,2026-07-28,"Jump, Gage",home,133,Athletics,111,Boston Red Sox,7,16,90,91.14111111111112,2392.6,0.17777777777777778,0.21855146124523506,5.2,0.10401313142585891,91.05552607194957,86.4
824971,695611,2026-08-02,"Jump, Gage",home,133,Athletics,116,Detroit Tigers,5,6,88,89.89999999999999,2138.6363636363635,0.06818181818181818,0.22815417763945414,5.6,0.11978846720119467,91.1868252172487,86.2
824726,695611,2026-08-08,"Jump, Gage",away,133,Athletics,111,Boston Red Sox,11,18,100,91.20299999999999,2096.71,0.18,0.21630309988518945,6.4,0.1193071837787348,90.90470757018987,86.8
824968,695611,2026-08-14,"Jump, Gage",home,133,Athletics,140,Texas Rangers,1,6,101,91.43663366336634,2344.7425742574255,0.0594059405940594,0.22790085545075675,7.2,0.12274904424385107,90.8655401283294,89.6
824074,695611,2026-08-20,"Jump, Gage",away,133,Athletics,118,Kansas City Royals,3,4,86,91.78837209302326,2233.0348837209303,0.046511627906976744,0.20978147762747137,5.8,0.11394057719024915,91.05976341272682,92.4
823392,696149,2026-04-29,"Chandler, Bubba",home,134,Pittsburgh Pirates,138,St. Louis Cardinals,6,11,85,93.57411764705883,2357.6823529411763,0.12941176470588237,0.214548802946593,4.2,0.09843577811449297,95.14183762481754,84.6
825092,696149,2026-05-05,"Chandler, Bubba",away,134,Pittsburgh Pirates,109,Arizona Diamondbacks,4,10,92,94.6391304347826,2301.5978260869565,0.10869565217391304,0.21975308641975308,4.2,0.09715763722850895,94.43542658632808,85.4
823221,696149,2026-05-10,"Chandler, Bubba",away,134,Pittsburgh Pirates,137,San Francisco Giants,3,5,77,95.25584415584416,2339.12987012987,0.06493506493506493,0.21770164168451106,4.2,0.1020292977837735,94.04469845641714,87.2
823382,696149,2026-05-16,"Chandler, Bubba",home,134,Pittsburgh Pirates,143,Philadelphia Phillies,2,1,73,94.04520547945205,2271.6301369863013,0.0136986301369863,0.21382542472173405,4.0,0.08864268439716011,94.38641673813541,84.4
822816,696149,2026-05-22,"Chandler, Bubba",away,134,Pittsburgh Pirates,141,Toronto Blue Jays,11,20,99,96.1050505050505,2323.929292929293,0.20202020202020202,0.18833600856072766,3.8,0.07360463264677959,94.40901338958138,81.0
823376,696149,2026-05-27,"Chandler, Bubba",home,134,Pittsburgh Pirates,112,Chicago Cubs,5,9,91,94.84395604395604,2345.3626373626375,0.0989010989010989,0.2105997210599721,5.2,0.10375226279440972,94.72386964443763,85.2
824189,696149,2026-06-02,"Chandler, Bubba",away,134,Pittsburgh Pirates,117,Houston Astros,3,11,91,93.0945054945055,2399.252747252747,0.12087912087912088,0.21237024221453288,5.0,0.09765012963345303,94.97783732381706,86.4
823369,696149,2026-06-13,"Chandler, Bubba",home,134,Pittsburgh Pirates,146,Miami Marlins,6,12,84,92.68095238095238,2332.4523809523807,0.14285714285714285,0.21646341463414634,4.8,0.10008682337449462,94.66891233576163,86.2
824345,696149,2026-06-19,"Chandler, Bubba",away,134,Pittsburgh Pirates,115,Colorado Rockies,1,9,74,96.17972972972973,2429.7027027027025,0.12162162162162163,0.23211169284467714,5.4,0.11567123895891018,94.15393398078331,87.6
823366,696149,2026-06-25,"Chandler, Bubba",home,134,Pittsburgh Pirates,136,Seattle Mariners,4,7,75,95.556,2432.84,0.09333333333333334,0.22737742678512668,5.2,0.13725583725583726,94.58083883083883,87.8
823445,696149,2026-06-30,"Chandler, Bubba",away,134,Pittsburgh Pirates,143,Philadelphia Phillies,6,7,97,94.73917525773197,2366.7319587628867,0.07216494845360824,0.23331234256926953,3.8,0.11551846351846351,94.47102872982873,83.0
822715,696149,2026-07-05,"Chandler, Bubba",away,134,Pittsburgh Pirates,120,Washington Nationals,0,2,86,92.90348837209302,2294.3720930232557,0.023255813953488372,0.21617731721358666,4.0,0.1101712334289654,94.45007257258392,84.2
823356,696149,2026-07-11,"Chandler, Bubba",home,134,Pittsburgh Pirates,158,Milwaukee Brewers,6,12,97,96.15360824742268,2364.917525773196,0.12371134020618557,0.20874587458745875,3.4,0.09064657204383889,94.41186914810143,83.2
823519,696149,2026-07-22,"Chandler, Bubba",away,134,Pittsburgh Pirates,147,New York Yankees,5,8,84,95.58214285714286,2337.7261904761904,0.09523809523809523,0.23954169997335464,3.4,0.08681741151364744,95.10640032139547,85.8
823350,696149,2026-07-28,"Chandler, Bubba",home,134,Pittsburgh Pirates,109,Arizona Diamondbacks,3,7,91,94.15494505494506,2368.3406593406594,0.07692307692307693,0.19245095604668488,4.2,0.08154070623694216,94.98688294687811,87.8
823757,696149,2026-08-03,"Chandler, Bubba",away,134,Pittsburgh Pirates,158,Milwaukee Brewers,5,12,96,95.99479166666667,2428.8020833333335,0.125,0.20930771011808288,4.0,0.07825865495489086,94.70667195786712,91.0
823348,696149,2026-08-08,"Chandler, Bubba",home,134,Pittsburgh Pirates,121,New York Mets,5,10,85,95.73058823529412,2401.3764705882354,0.11764705882352941,0.22600408441116407,3.8,0.08882566526416921,94.95779523965406,90.8
823346,696149,2026-08-14,"Chandler, Bubba",home,134,Pittsburgh Pirates,111,Boston Red Sox,5,3,87,94.63448275862069,2269.310344827586,0.034482758620689655,0.21498584186451752,4.8,0.10770391423817742,95.52321521229428,90.6
823911,696149,2026-08-21,"Chandler, Bubba",away,134,Pittsburgh Pirates,119,Los Angeles Dodgers,5,6,88,96.2715909090909,2215.034090909091,0.06818181818181818,0.20429009193054137,4.6,0.08985819792107824,95.21939011453388,88.6
823682,696270,2026-07-11,"Johnson, Ryan",away,108,Los Angeles Angels,142,Minnesota Twins,1,7,75,88.16933333333333,2145.4,0.09333333333333334,0.21652892561983472,4.2,0.1306445367619977,87.5787400902129,85.4
824007,696270,2026-07-19,"Johnson, Ryan",home,108,Los Angeles Angels,116,Detroit Tigers,5,10,91,86.82197802197803,2312.846153846154,0.10989010989010989,0.2324117163974815,4.0,0.12181120342866433,87.91860675687956,84.4
823197,696270,2026-07-25,"Johnson, Ryan",away,108,Los Angeles Angels,137,San Francisco Giants,4,3,69,86.97826086956522,2281.159420289855,0.043478260869565216,0.2101993269479679,4.6,0.1213173152943268,87.47378887812911,84.8
823999,696270,2026-07-31,"Johnson, Ryan",home,108,Los Angeles Angels,158,Milwaukee Brewers,3,8,88,85.75568181818181,2292.875,0.09090909090909091,0.20832342449464922,3.8,0.0966796341349065,87.48810771870883,80.6
824804,696270,2026-08-06,"Johnson, Ryan",away,108,Los Angeles Angels,110,Baltimore Orioles,1,4,78,88.23076923076923,2288.4102564102564,0.05128205128205128,0.24289706567303213,3.8,0.09510836589697161,86.9167749465427,82.0
823997,696270,2026-08-11,"Johnson, Ryan",home,108,Los Angeles Angels,140,Texas Rangers,5,8,84,86.37261904761905,2383.0476190476193,0.09523809523809523,0.22731356693620844,2.8,0.07777856925683012,87.19120465476553,80.2
823991,696270,2026-08-16,"Johnson, Ryan",home,108,Los Angeles Angels,118,Kansas City Royals,4,3,85,86.76117647058824,2438.788235294118,0.03529411764705882,0.21217990101140521,3.6,0.0781595216377825,86.83186179762266,82.0
822858,696270,2026-08-22,"Johnson, Ryan",away,108,Los Angeles Angels,140,Texas Rangers,3,10,88,87.61363636363636,2364.2954545454545,0.11363636363636363,0.22958653646374402,3.4,0.06324032318917229,86.8197014873447,80.8
823068,700241,2026-04-26,"McGreevy, Michael",home,138,St. Louis Cardinals,136,Seattle Mariners,6,11,98,86.7826530612245,2262.591836734694,0.11224489795918367,0.23529411764705882,3.0,0.0537677466211949,86.48861218580271,85.8
823067,700241,2026-05-02,"McGreevy, Michael",home,138,St. Louis Cardinals,119,Los Angeles Dodgers,3,7,88,86.69772727272726,2151.818181818182,0.07954545454545454,0.20647773279352227,3.2,0.06580005954636496,86.51993446471427,86.2
823303,700241,2026-05-08,"McGreevy, Michael",away,138,St. Louis Cardinals,135,San Diego Padres,9,15,94,86.94468085106384,2227.063829787234,0.1595744680851064,0.21897810218978103,3.0,0.0710424837887892,86.63707991925972,88.8
825008,700241,2026-05-14,"McGreevy, Michael",away,138,St. Louis Cardinals,133,Athletics,3,7,74,85.01486486486488,2256.175675675676,0.0945945945945946,0.22489217498459643,4.6,0.0919683664167995,86.85722488068129,89.4
823057,700241,2026-05-20,"McGreevy, Michael",home,138,St. Louis Cardinals,134,Pittsburgh Pirates,1,5,91,86.9021978021978,2194.3076923076924,0.054945054945054944,0.23405376910911965,4.8,0.10169188303686785,86.5054852099761,86.8
823785,700241,2026-05-26,"McGreevy, Michael",away,138,St. Louis Cardinals,158,Milwaukee Brewers,6,12,89,87.18539325842697,2158.7191011235955,0.1348314606741573,0.20475227502527807,4.4,0.10018089402587882,86.46842477041565,89.0
823050,700241,2026-06-01,"McGreevy, Michael",home,138,St. Louis Cardinals,140,Texas Rangers,1,6,87,87.81494252873563,2168.137931034483,0.06896551724137931,0.228921124206709,4.4,0.10469820656887356,86.54897280985615,87.2
823047,700241,2026-06-07,"McGreevy, Michael",home,138,St. Louis Cardinals,113,Cincinnati Reds,5,6,83,87.42409638554217,2190.1927710843374,0.07228915662650602,0.2437603993344426,4.0,0.10258221910805851,86.77241586105784,87.0
823693,700241,2026-06-14,"McGreevy, Michael",away,138,St. Louis Cardinals,142,Minnesota Twins,2,5,89,87.39438202247192,2182.3595505617977,0.056179775280898875,0.22466960352422907,3.2,0.08512515681633843,86.86829896795349,84.8
824097,700241,2026-06-19,"McGreevy, Michael",away,138,St. Louis Cardinals,118,Kansas City Royals,2,2,95,87.44315789473684,2197.242105263158,0.021052631578947368,0.20914127423822715,3.0,0.07744219295359929,87.3442023994749,87.8
823039,700241,2026-06-26,"McGreevy, Michael",home,138,St. Louis Cardinals,146,Miami Marlins,4,7,94,88.07446808510639,2199.223404255319,0.07446808510638298,0.22137908281095348,3.2,0.07066370828037778,87.4523944179827,88.6
824905,700241,2026-07-01,"McGreevy, Michael",away,138,St. Louis Cardinals,144,Atlanta Braves,3,9,87,87.19080459770116,2151.229885057471,0.10344827586206896,0.21138471378317877,2.8,0.0585910331668229,87.6302093833186,89.6
823032,700241,2026-07-08,"McGreevy, Michael",home,138,St. Louis Cardinals,158,Milwaukee Brewers,6,9,90,87.28666666666666,2262.2,0.1,0.20842696629213484,3.2,0.06548758489096083,87.5053817971117,89.6
825060,700241,2026-07-17,"McGreevy, Michael",away,138,St. Louis Cardinals,109,Arizona Diamondbacks,5,5,94,87.63510638297873,2250.8297872340427,0.05319148936170213,0.19587053571428573,3.4,0.07102975356565963,87.47789585333659,91.0
823042,700241,2026-07-23,"McGreevy, Michael",home,138,St. Louis Cardinals,109,Arizona Diamondbacks,3,2,95,87.5136842105263,2151.547368421053,0.021052631578947368,0.1956578603191211,4.0,0.07043209638182028,87.52604072543795,92.0
823026,700241,2026-07-28,"McGreevy, Michael",home,138,St. Louis Cardinals,112,Chicago Cubs,2,3,63,87.11587301587302,2260.1111111111113,0.047619047619047616,0.21727748691099477,4.2,0.07043209638182028,87.54014598859585,92.0
823520,700241,2026-08-03,"McGreevy, Michael",away,138,St. Louis Cardinals,147,New York Yankees,5,8,91,88.84395604395604,2176.846153846154,0.08791208791208792,0.24315964787056865,3.8,0.06506228888435321,87.34842697474917,85.8
823020,700241,2026-08-09,"McGreevy, Michael",home,138,St. Louis Cardinals,115,Colorado Rockies,4,10,102,86.88823529411765,2236.078431372549,0.09803921568627451,0.2269979852249832,4.2,0.06195505129435701,87.67905726400015,86.6
824644,700241,2026-08-15,"McGreevy, Michael",away,138,St. Louis Cardinals,112,Chicago Cubs,6,9,102,87.18333333333334,2242.3039215686276,0.08823529411764706,0.21751644736842105,3.8,0.061562894431611906,87.59937098949035,89.0
824474,700241,2026-08-20,"McGreevy, Michael",away,138,St. Louis Cardinals,113,Cincinnati Reds,4,9,90,86.06666666666666,2208.8444444444444,0.1,0.25484006734006737,4.0,0.0685716553828009,87.50901637956127,90.6
824035,700712,2026-05-18,"Ureña, Walbert",home,108,Los Angeles Angels,133,Athletics,4,14,92,92.57826086956523,2006.1195652173913,0.15217391304347827,0.2239819004524887,4.8,0.1003531986311185,93.87439470989685,84.4
824030,700712,2026-05-23,"Ureña, Walbert",home,108,Los Angeles Angels,140,Texas Rangers,6,14,93,93.40860215053763,2015.989247311828,0.15053763440860216,0.22688629117959616,4.0,0.104701024718075,93.55374253598379,84.4
822978,700712,2026-05-29,"Ureña, Walbert",away,108,Los Angeles Angels,139,Tampa Bay Rays,5,12,92,94.36413043478261,2178.0,0.13043478260869565,0.18542074363992173,4.6,0.12246287258744977,93.45225308954812,86.8
824024,700712,2026-06-03,"Ureña, Walbert",home,108,Los Angeles Angels,115,Colorado Rockies,7,13,99,93.46868686868686,2095.7373737373737,0.13131313131313133,0.23809523809523808,4.8,0.1309027702856595,93.30537329415169,91.6
824023,700712,2026-06-09,"Ureña, Walbert",home,108,Los Angeles Angels,117,Houston Astros,7,7,107,93.9785046728972,2183.570093457944,0.06542056074766354,0.21710526315789475,5.2,0.12827650765939685,93.3182217790002,93.4
825071,700712,2026-06-15,"Ureña, Walbert",away,108,Los Angeles Angels,109,Arizona Diamondbacks,3,5,88,92.41136363636363,2084.784090909091,0.056818181818181816,0.20294784580498867,5.8,0.12597600442431417,93.55963699929391,96.6
824988,700712,2026-06-20,"Ureña, Walbert",away,108,Los Angeles Angels,133,Athletics,6,16,90,92.5311111111111,2071.511111111111,0.17777777777777778,0.2207572684246112,5.6,0.10690485817925491,93.52625755265358,95.8
824014,700712,2026-06-26,"Ureña, Walbert",home,108,Los Angeles Angels,133,Athletics,5,8,71,92.68591549295775,2069.281690140845,0.11267605633802817,0.22119669000636538,5.6,0.11235288685309004,93.35075934476828,95.2
823119,700712,2026-07-02,"Ureña, Walbert",away,108,Los Angeles Angels,136,Seattle Mariners,6,17,107,91.57476635514018,1927.018691588785,0.1588785046728972,0.229147571035747,5.6,0.10880114159895653,93.0151163564033,91.0
822880,700712,2026-07-08,"Ureña, Walbert",away,108,Los Angeles Angels,140,Texas Rangers,3,8,90,91.92777777777778,1981.4,0.08888888888888889,0.22033898305084745,5.4,0.1143142162709097,92.63633225369396,92.6
824005,700712,2026-07-21,"Ureña, Walbert",home,108,Los Angeles Angels,138,St. Louis Cardinals,5,15,98,96.46122448979592,2163.826530612245,0.15306122448979592,0.20344456404736275,4.6,0.11900788189915476,92.22618687467009,89.2
824001,700712,2026-07-27,"Ureña, Walbert",home,108,Los Angeles Angels,117,Houston Astros,5,10,91,95.27472527472527,2158.5714285714284,0.10989010989010989,0.21483312731767615,5.0,0.1382564904334776,93.03615904535654,91.2
823996,700712,2026-08-02,"Ureña, Walbert",home,108,Los Angeles Angels,158,Milwaukee Brewers,7,13,90,94.93444444444445,2106.8,0.14444444444444443,0.20840140023337222,4.8,0.12467895685594402,93.58488187807939,91.4
823834,700712,2026-08-08,"Ureña, Walbert",away,108,Los Angeles Angels,146,Miami Marlins,2,6,50,95.096,2064.9,0.12,0.21428571428571427,5.2,0.1310326344772273,94.03458766837673,95.2
823995,700712,2026-08-13,"Ureña, Walbert",home,108,Los Angeles Angels,140,Texas Rangers,5,7,100,95.48100000000001,2121.2,0.07,0.22789566755083995,4.4,0.12325693354264784,94.73883439734868,83.8
824155,700712,2026-08-19,"Ureña, Walbert",away,108,Los Angeles Angels,117,Houston Astros,7,13,94,94.06914893617021,2121.1170212765956,0.13829787234042554,0.21333054743000418,4.8,0.11947915576487005,95.44947884179314,85.8
824204,701542,2026-04-24,"Warren, Will",away,147,New York Yankees,117,Houston Astros,6,6,95,90.60105263157895,2656.0421052631577,0.06315789473684211,0.1923828125,6.2,0.09566725488631478,90.96132122660984,85.4
823557,701542,2026-05-01,"Warren, Will",home,147,New York Yankees,110,Baltimore Orioles,9,13,94,88.68617021276596,2494.7659574468084,0.13829787234042554,0.2412914188615123,6.8,0.08420244829151453,90.54586910232322,87.8
823550,701542,2026-05-06,"Warren, Will",home,147,New York Yankees,140,Texas Rangers,7,12,90,91.25,2544.9777777777776,0.13333333333333333,0.2384206529992407,7.4,0.09368020457778145,90.02881743059069,91.2
824843,701542,2026-05-12,"Warren, Will",away,147,New York Yankees,110,Baltimore Orioles,6,10,96,90.90416666666665,2521.0625,0.10416666666666667,0.2466708941027267,7.8,0.11093510653856575,90.3734056658848,92.2
823548,701542,2026-05-19,"Warren, Will",home,147,New York Yankees,141,Toronto Blue Jays,3,9,86,91.21976744186045,2515.5,0.10465116279069768,0.1845102505694761,7.8,0.10929652975953956,90.47064349360015,93.6
824107,701542,2026-05-25,"Warren, Will",away,147,New York Yankees,118,Kansas City Royals,3,7,85,90.55529411764705,2590.423529411765,0.08235294117647059,0.21518350930115637,6.2,0.10872138597359307,90.53223139057441,92.2
825001,701542,2026-05-31,"Warren, Will",away,147,New York Yankees,133,Athletics,5,8,83,90.66626506024096,2446.3012048192772,0.0963855421686747,0.22137745974955278,5.6,0.11256039526151876,90.52307968778803,90.2
824427,701542,2026-06-08,"Warren, Will",away,147,New York Yankees,114,Cleveland Guardians,5,4,91,89.87032967032967,2367.5164835164837,0.04395604395604396,0.20486249501793544,4.8,0.10417792922716859,90.91909865728303,88.0
822801,701542,2026-06-14,"Warren, Will",away,147,New York Yankees,141,Toronto Blue Jays,1,6,98,91.19081632653062,2512.3979591836733,0.061224489795918366,0.1958568738229755,4.4,0.08630247135171074,90.64316459134895,88.2
823532,701542,2026-06-20,"Warren, Will",home,147,New York Yankees,113,Cincinnati Reds,8,9,90,90.80111111111111,2487.2444444444445,0.1,0.247246891651865,3.4,0.07771403597756106,90.70049452332175,88.6
824743,701542,2026-06-26,"Warren, Will",away,147,New York Yankees,111,Boston Red Sox,0,7,90,89.16222222222223,2473.0666666666666,0.07777777777777778,0.2197505898213684,4.4,0.07678380341942152,90.61676325717187,89.4
823530,701542,2026-07-01,"Warren, Will",home,147,New York Yankees,116,Detroit Tigers,7,12,79,90.17848101265824,2337.9240506329115,0.1518987341772152,0.22860712054965646,3.8,0.07586877073968297,90.33814887808691,90.4
822956,701542,2026-07-07,"Warren, Will",away,147,New York Yankees,139,Tampa Bay Rays,3,3,75,89.732,2443.173333333333,0.04,0.18852703913952792,4.2,0.08697140914139105,90.24059206857036,89.6
822708,701542,2026-07-12,"Warren, Will",away,147,New York Yankees,120,Washington Nationals,2,5,83,88.62048192771084,2422.289156626506,0.060240963855421686,0.21351642434033388,3.8,0.08618020035018227,90.21292613450444,86.4
823433,701542,2026-07-26,"Warren, Will",away,147,New York Yankees,143,Philadelphia Phillies,5,4,68,90.3029411764706,2571.926470588235,0.058823529411764705,0.23819249425580802,4.0,0.08598349516208294,89.69885925474048,83.4
824651,701542,2026-07-31,"Warren, Will",away,147,New York Yankees,112,Chicago Cubs,7,8,88,87.575,2427.6022727272725,0.09090909090909091,0.2161662817551963,3.4,0.07774820104443587,89.59922526781239,79.0
823516,701542,2026-08-05,"Warren, Will",home,147,New York Yankees,138,St. Louis Cardinals,5,8,91,90.15054945054946,2515.5604395604396,0.08791208791208792,0.20406732117812063,4.8,0.08037446367069849,89.28178082336794,78.6
823511,701542,2026-08-12,"Warren, Will",home,147,New York Yankees,136,Seattle Mariners,3,8,81,89.90246913580248,2341.8765432098767,0.09876543209876543,0.22863534675615213,4.4,0.06757713441767305,89.27619451094617,81.0
824801,701542,2026-08-19,"Warren, Will",away,147,New York Yankees,110,Baltimore Orioles,5,9,90,88.41,2423.0444444444443,0.1,0.24191516169676605,4.4,0.07933022083742614,89.31028833810669,82.2
823034,701656,2026-07-09,"Henderson, Logan",away,158,Milwaukee Brewers,138,St. Louis Cardinals,4,8,76,85.21578947368421,2414.3289473684213,0.10526315789473684,0.20233576642335765,6.0,0.13741181252017165,88.45971970466707,70.8
823766,701656,2026-07-17,"Henderson, Logan",home,158,Milwaukee Brewers,146,Miami Marlins,4,6,73,87.7013698630137,2413.3561643835615,0.0821917808219178,0.21198910081743869,6.2,0.12989301552769045,87.62916331368963,79.0
823761,701656,2026-07-22,"Henderson, Logan",home,158,Milwaukee Brewers,121,New York Mets,9,12,80,87.76375,2403.5875,0.15,0.2205422314911366,5.4,0.1331734769552319,87.54654254945027,78.4
823193,701656,2026-07-28,"Henderson, Logan",away,158,Milwaukee Brewers,137,San Francisco Giants,7,11,93,88.95376344086023,2396.6451612903224,0.11827956989247312,0.21042033727661716,6.2,0.13614644992820488,87.59956281972053,79.6
823756,701656,2026-08-04,"Henderson, Logan",home,158,Milwaukee Brewers,134,Pittsburgh Pirates,8,12,83,88.53614457831326,2417.265060240964,0.14457831325301204,0.2402321946863139,6.2,0.12408807819241378,87.74293455551162,81.4
823265,701656,2026-08-10,"Henderson, Logan",away,158,Milwaukee Brewers,135,San Diego Padres,7,10,91,89.26043956043956,2373.043956043956,0.10989010989010989,0.21838301716350497,6.4,0.12006256437242797,87.63416347117428,81.0
823912,701656,2026-08-16,"Henderson, Logan",away,158,Milwaukee Brewers,119,Los Angeles Dodgers,6,14,93,88.60967741935485,2413.8279569892475,0.15053763440860216,0.2053665751109233,7.0,0.12098795477150256,88.44309348852536,84.0
823743,701656,2026-08-22,"Henderson, Logan",home,158,Milwaukee Brewers,144,Atlanta Braves,4,8,100,88.756,2441.14,0.08,0.21607105969840942,7.4,0.13465712548883943,88.62475499979358,88.0
822812,702056,2026-05-25,"Yesavage, Trey",home,141,Toronto Blue Jays,146,Miami Marlins,6,17,98,89.30918367346938,1987.8265306122448,0.17346938775510204,0.21764997521070897,5.8,0.14367319365836476,89.01949456008496,85.2
824833,702056,2026-05-30,"Yesavage, Trey",away,141,Toronto Blue Jays,110,Baltimore Orioles,4,6,92,90.62608695652175,2033.804347826087,0.06521739130434782,0.23826879271070614,6.4,0.16755626039857435,89.09403399748155,90.0
822810,702056,2026-06-05,"Yesavage, Trey",home,141,Toronto Blue Jays,110,Baltimore Orioles,5,12,91,89.3076923076923,1972.89010989011,0.13186813186813187,0.23494983277591974,6.0,0.14401437280578538,89.54290992537126,92.0
822803,702056,2026-06-12,"Yesavage, Trey",home,141,Toronto Blue Jays,147,New York Yankees,3,8,81,90.43580246913581,2102.740740740741,0.09876543209876543,0.22841444270015698,5.8,0.13590524055872208,89.68513804208213,92.8
824748,702056,2026-06-18,"Yesavage, Trey",away,141,Toronto Blue Jays,111,Boston Red Sox,6,16,95,89.47263157894737,2030.7684210526315,0.16842105263157894,0.2194392523364486,5.2,0.11702196334211154,89.94775308136386,91.4
822798,702056,2026-06-24,"Yesavage, Trey",home,141,Toronto Blue Jays,117,Houston Astros,5,12,105,88.52285714285713,2074.552380952381,0.11428571428571428,0.21686746987951808,4.8,0.12754827913158523,89.83027939715332,91.4
822792,702056,2026-06-29,"Yesavage, Trey",home,141,Toronto Blue Jays,121,New York Mets,3,13,94,89.94148936170212,1932.2659574468084,0.13829787234042554,0.2228243544788014,4.6,0.11571154443770766,89.67301409103086,92.8
823117,702056,2026-07-05,"Yesavage, Trey",away,141,Toronto Blue Jays,136,Seattle Mariners,7,10,96,89.25104166666667,1955.9270833333333,0.10416666666666667,0.23133886255924171,4.4,0.13032764064492322,89.53609457206694,93.2
823276,702056,2026-07-11,"Yesavage, Trey",away,141,Toronto Blue Jays,135,San Diego Padres,1,4,59,88.56271186440678,2059.271186440678,0.06779661016949153,0.22838970800809483,4.8,0.12478734760463014,89.52476444386181,94.2
822786,702056,2026-07-19,"Yesavage, Trey",home,141,Toronto Blue Jays,145,Chicago White Sox,9,19,95,90.73894736842107,2001.421052631579,0.2,0.23668478260869566,4.4,0.1185935832187754,89.15014632291602,89.8
824733,702056,2026-07-24,"Yesavage, Trey",away,141,Toronto Blue Jays,111,Boston Red Sox,9,17,93,89.5225806451613,1966.784946236559,0.1827956989247312,0.21677215189873417,5.0,0.12490937269245958,89.40340948081077,89.8
822702,702056,2026-07-29,"Yesavage, Trey",away,141,Toronto Blue Jays,120,Washington Nationals,4,10,97,88.35257731958764,2006.0824742268042,0.10309278350515463,0.21324755777936621,5.8,0.138611369620263,89.60335418127158,87.4
824161,702056,2026-08-04,"Yesavage, Trey",away,141,Toronto Blue Jays,117,Houston Astros,0,2,27,89.52962962962964,2127.259259259259,0.07407407407407407,0.21579917088899125,6.0,0.1315703518532088,89.2855717728487,88.0
825016,702070,2026-04-30,"Cameron, Noah",away,118,Kansas City Royals,133,Athletics,5,10,93,87.75913978494624,2263.8924731182797,0.10752688172043011,0.23163353500432152,4.6,0.09937607240591242,86.59554629927331,82.4
824113,702070,2026-05-10,"Cameron, Noah",home,118,Kansas City Royals,116,Detroit Tigers,4,9,95,87.78105263157896,2214.305263157895,0.09473684210526316,0.22146274777853725,4.6,0.10460237898255657,86.74458355858812,83.8
823060,702070,2026-05-16,"Cameron, Noah",away,118,Kansas City Royals,138,St. Louis Cardinals,4,9,82,87.94146341463414,2172.878048780488,0.10975609756097561,0.21449970041941283,4.4,0.1008693350324752,87.04079408490392,83.4
824110,702070,2026-05-22,"Cameron, Noah",home,118,Kansas City Royals,136,Seattle Mariners,8,12,96,86.82083333333333,2276.3854166666665,0.125,0.2391304347826087,4.4,0.10491010678347627,87.6102807976815,86.4
824104,702070,2026-05-27,"Cameron, Noah",home,118,Kansas City Royals,147,New York Yankees,4,8,94,85.6436170212766,2255.0,0.0851063829787234,0.23095352180162912,5.4,0.10558578245915196,87.32390692380763,90.8
824511,702070,2026-06-02,"Cameron, Noah",away,118,Kansas City Royals,113,Cincinnati Reds,8,8,87,85.88390804597701,2201.0919540229884,0.09195402298850575,0.2443458980044346,5.0,0.10442524087307845,87.18922123715386,92.0
823696,702070,2026-06-07,"Cameron, Noah",away,118,Kansas City Royals,142,Minnesota Twins,7,12,104,85.75192307692308,2169.2596153846152,0.11538461538461539,0.22796474358974358,5.6,0.10131066912669358,86.81417488936002,90.8
824100,702070,2026-06-13,"Cameron, Noah",home,118,Kansas City Royals,117,Houston Astros,1,8,86,86.03488372093024,2181.2558139534885,0.09302325581395349,0.21843761569788966,6.2,0.10544022378256404,86.40834897842883,92.6
824098,702070,2026-06-18,"Cameron, Noah",home,118,Kansas City Royals,138,St. Louis Cardinals,6,14,108,87.0925925925926,2196.5,0.12962962962962962,0.20669363736667892,5.6,0.1020936554331596,86.02703303968805,93.4
822965,702070,2026-06-24,"Cameron, Noah",away,118,Kansas City Royals,139,Tampa Bay Rays,5,8,108,87.48703703703704,2224.509259259259,0.07407407407407407,0.19154057771664373,5.2,0.10301958135908554,86.0813848915399,95.8
824096,702070,2026-06-30,"Cameron, Noah",home,118,Kansas City Royals,139,Tampa Bay Rays,0,6,86,86.57209302325582,2116.267441860465,0.06976744186046512,0.18788467768059605,5.4,0.10081311957815567,86.450068894692,98.6
824089,702070,2026-07-06,"Cameron, Noah",home,118,Kansas City Royals,143,Philadelphia Phillies,7,13,105,87.81238095238095,2205.847619047619,0.12380952380952381,0.23380867498514557,3.8,0.09637580335254754,86.58770589014776,98.4
824813,702070,2026-07-11,"Cameron, Noah",away,118,Kansas City Royals,110,Baltimore Orioles,9,16,100,86.197,2158.35,0.16,0.23915461624026696,3.8,0.09806078503752923,86.99979746523933,98.6
824086,702070,2026-07-19,"Cameron, Noah",home,118,Kansas City Royals,135,San Diego Padres,1,8,90,86.65555555555555,2107.2444444444445,0.08888888888888889,0.22563676633444074,5.4,0.11145613387473854,87.03222072105328,101.4
823674,702070,2026-07-30,"Cameron, Noah",away,118,Kansas City Royals,142,Minnesota Twins,7,12,97,86.86082474226804,2235.34375,0.12371134020618557,0.21385469466570117,4.4,0.10330798572659036,86.94481331364588,97.8
824082,702070,2026-08-05,"Cameron, Noah",home,118,Kansas City Royals,142,Minnesota Twins,9,17,106,86.14528301886791,2182.2830188679245,0.16037735849056603,0.2130957889865803,4.8,0.11323543895301266,86.81957085469207,95.6
823918,702070,2026-08-10,"Cameron, Noah",away,118,Kansas City Royals,119,Los Angeles Dodgers,2,10,101,86.83168316831683,2190.2475247524753,0.09900990099009901,0.20477664750110572,6.6,0.13135742227903285,86.7342088538145,99.6
823991,702070,2026-08-16,"Cameron, Noah",away,118,Kansas City Royals,108,Los Angeles Angels,8,17,115,86.36521739130434,2167.1304347826085,0.14782608695652175,0.25155880455815954,5.6,0.1263974977151479,86.53806929700167,98.8
824072,702070,2026-08-21,"Cameron, Noah",home,118,Kansas City Royals,116,Detroit Tigers,2,8,85,85.91647058823528,2158.858823529412,0.09411764705882353,0.2247868579746309,5.4,0.12396271510645225,86.57171277526254,101.8
824603,702273,2026-05-13,"Schultz, Noah",home,145,Chicago White Sox,118,Kansas City Royals,3,4,76,90.82105263157894,2580.2368421052633,0.05263157894736842,0.21807838179519595,4.6,0.09931695794221916,91.04181275324962,83.0
823137,702273,2026-05-18,"Schultz, Noah",away,145,Chicago White Sox,136,Seattle Mariners,6,7,91,90.6043956043956,2497.934065934066,0.07692307692307693,0.23700054734537493,4.4,0.09520912739022944,90.7028525478581,81.8
823220,702273,2026-05-24,"Schultz, Noah",away,145,Chicago White Sox,137,San Francisco Giants,1,1,70,91.29857142857142,2543.657142857143,0.014285714285714285,0.21290994273815722,4.4,0.0910815476528936,90.49178044922502,83.6
824818,702273,2026-07-01,"Schultz, Noah",away,145,Chicago White Sox,110,Baltimore Orioles,7,14,87,89.2919540229885,2482.689655172414,0.16091954022988506,0.241588360109124,3.0,0.07040927874533057,90.83031826435106,80.6
824579,702273,2026-07-07,"Schultz, Noah",home,145,Chicago White Sox,111,Boston Red Sox,3,7,92,91.50760869565218,2528.945652173913,0.07608695652173914,0.21949742658189525,4.0,0.08880008334303173,90.52066309193728,80.6
824574,702273,2026-07-12,"Schultz, Noah",home,145,Chicago White Sox,133,Athletics,4,5,74,89.28378378378379,2372.527027027027,0.06756756756756757,0.22803175472214618,4.0,0.07616937338155676,90.70471647663733,83.2
822871,702273,2026-07-21,"Schultz, Noah",away,145,Chicago White Sox,140,Texas Rangers,2,5,80,90.9075,2379.1,0.0625,0.22405534858967535,4.2,0.0791565711055966,90.3972627070783,82.8
824570,702273,2026-07-27,"Schultz, Noah",home,145,Chicago White Sox,147,New York Yankees,5,7,72,91.55833333333334,2530.4583333333335,0.09722222222222222,0.24237029501525942,3.4,0.07627195572098121,90.45788358619919,80.6
824566,702273,2026-08-07,"Schultz, Noah",home,145,Chicago White Sox,114,Cleveland Guardians,1,3,23,91.18260869565216,2558.6521739130435,0.13043478260869565,0.22224770642201835,4.2,0.09285925730828279,90.50983596715156,81.0
824913,702275,2026-06-17,"Ritchie, JR",home,144,Atlanta Braves,137,San Francisco Giants,4,7,90,89.83444444444444,2378.3555555555554,0.07777777777777778,0.20420747188973523,4.2,0.08492425033660303,88.58386541829384,89.8
823286,702275,2026-06-23,"Ritchie, JR",away,144,Atlanta Braves,135,San Diego Padres,7,9,98,90.50816326530611,2290.1530612244896,0.09183673469387756,0.2320794889992903,3.6,0.08250227780227094,88.8819902622389,90.0
824891,702275,2026-08-02,"Ritchie, JR",home,144,Atlanta Braves,120,Washington Nationals,4,5,81,88.92716049382716,2227.567901234568,0.06172839506172839,0.21136154553817849,4.2,0.0884984907204279,89.04032394622796,90.2
824446,800048,2026-04-27,"Messick, Parker",home,114,Cleveland Guardians,139,Tampa Bay Rays,9,9,95,89.49473684210527,2058.5789473684213,0.09473684210526316,0.18121442125237192,5.8,0.10977327368194241,88.65327330770364,89.6
825013,800048,2026-05-03,"Messick, Parker",away,114,Cleveland Guardians,133,Athletics,6,14,78,89.88333333333333,2092.0384615384614,0.1794871794871795,0.2220484753713839,6.6,0.10766801052404766,88.89853646559838,93.4
824443,800048,2026-05-08,"Messick, Parker",home,114,Cleveland Guardians,142,Minnesota Twins,7,10,95,88.63473684210526,2040.578947368421,0.10526315789473684,0.21994535519125682,6.6,0.11938962224565938,89.13981851688042,90.8
824438,800048,2026-05-13,"Messick, Parker",home,114,Cleveland Guardians,108,Los Angeles Angels,7,14,104,88.1625,2082.096153846154,0.1346153846153846,0.2551766138855055,7.0,0.13091844430079724,89.2958135043491,93.0
824276,800048,2026-05-19,"Messick, Parker",away,114,Cleveland Guardians,116,Detroit Tigers,6,8,81,88.0111111111111,2050.2345679012346,0.09876543209876543,0.2252405206564799,6.6,0.13105580693815985,89.14188493292053,91.4
823459,800048,2026-05-24,"Messick, Parker",away,114,Cleveland Guardians,143,Philadelphia Phillies,6,11,91,89.58791208791209,2115.5384615384614,0.12087912087912088,0.22188139059304704,7.0,0.1225735992402659,88.83728362573099,90.6
824431,800048,2026-05-30,"Messick, Parker",home,114,Cleveland Guardians,111,Boston Red Sox,4,13,93,90.53978494623657,2078.569892473118,0.13978494623655913,0.2203309692671395,6.4,0.12780205499503744,88.85591867489237,89.8
822892,800048,2026-06-05,"Messick, Parker",away,114,Cleveland Guardians,140,Texas Rangers,4,10,85,87.59764705882353,2025.3882352941177,0.11764705882352941,0.22974137931034483,6.0,0.11986160834491337,88.987208997473,92.8
824428,800048,2026-06-10,"Messick, Parker",home,114,Cleveland Guardians,147,New York Yankees,4,9,100,90.165,2035.6195652173913,0.09,0.2292332268370607,5.4,0.12233838853067189,88.77979104081666,90.8
823772,800048,2026-06-18,"Messick, Parker",away,114,Cleveland Guardians,158,Milwaukee Brewers,9,12,96,91.39583333333333,2158.3645833333335,0.125,0.20554355651547876,4.8,0.11341531160759497,89.18029104081666,90.0
824584,800048,2026-06-23,"Messick, Parker",away,114,Cleveland Guardians,145,Chicago White Sox,10,14,95,89.34526315789473,2099.136842105263,0.14736842105263157,0.24110807113543092,5.4,0.11866222518784189,89.8572354852611,93.0
824420,800048,2026-06-29,"Messick, Parker",home,114,Cleveland Guardians,140,Texas Rangers,5,8,83,91.03493975903613,2124.1927710843374,0.0963855421686747,0.2249288199936729,6.2,0.12396008522254402,89.80870569925763,93.8
824415,800048,2026-07-04,"Messick, Parker",home,114,Cleveland Guardians,145,Chicago White Sox,3,4,100,90.331,2065.67,0.04,0.23792270531400966,6.4,0.11528020440896714,89.90773666181755,91.8
823845,800048,2026-07-10,"Messick, Parker",away,114,Cleveland Guardians,146,Miami Marlins,1,8,91,90.40769230769232,2116.098901098901,0.08791208791208792,0.21252105558674902,6.2,0.09975079264426125,90.45440725005285,94.8
824409,800048,2026-07-21,"Messick, Parker",home,114,Cleveland Guardians,142,Minnesota Twins,6,7,88,92.25795454545454,2118.2613636363635,0.07954545454545454,0.21510416666666668,5.6,0.09933321022667883,90.50294571159131,93.0
822950,800048,2026-07-26,"Messick, Parker",away,114,Cleveland Guardians,139,Tampa Bay Rays,6,8,94,92.27446808510638,2123.053191489362,0.0851063829787234,0.18981246832235174,5.0,0.09024230113576974,90.67536995401555,91.4
824405,800048,2026-08-01,"Messick, Parker",home,114,Cleveland Guardians,109,Arizona Diamondbacks,6,10,91,91.08571428571427,2147.8901098901097,0.10989010989010989,0.19166867324825426,4.2,0.07778989352098811,91.26121093945787,91.2
824566,800048,2026-08-07,"Messick, Parker",away,114,Cleveland Guardians,145,Chicago White Sox,8,15,97,91.72577319587629,2095.2886597938145,0.15463917525773196,0.23873045078196872,4.4,0.08049080706527514,91.27136584479351,92.8
824238,800048,2026-08-13,"Messick, Parker",away,114,Cleveland Guardians,116,Detroit Tigers,6,11,102,90.93333333333334,2172.8529411764707,0.10784313725490197,0.22581354441512752,5.4,0.10341864211682154,91.55032048396876,92.2
824394,800048,2026-08-19,"Messick, Parker",home,114,Cleveland Guardians,137,San Francisco Giants,10,16,98,91.7561224489796,2198.1326530612246,0.16326530612244897,0.2092774690038478,6.4,0.10740485198538434,91.65544868909697,94.4
824761,801139,2026-05-22,"Tolle, Payton",home,111,Boston Red Sox,142,Minnesota Twins,9,14,85,93.64941176470587,2220.0235294117647,0.16470588235294117,0.2254335260115607,6.0,0.11444284976013408,92.75371407790132,82.0
824757,801139,2026-05-28,"Tolle, Payton",home,111,Boston Red Sox,144,Atlanta Braves,7,17,94,95.0,2280.404255319149,0.18085106382978725,0.20985915492957746,5.6,0.10867434881136746,92.7752093340683,80.4
824755,801139,2026-06-03,"Tolle, Payton",home,111,Boston Red Sox,110,Baltimore Orioles,5,15,99,93.19999999999999,2236.080808080808,0.15151515151515152,0.23679653679653678,6.2,0.12719750275379552,93.16991521642123,85.6
822969,801139,2026-06-09,"Tolle, Payton",away,111,Boston Red Sox,139,Tampa Bay Rays,3,5,94,92.86276595744681,2241.4827586206898,0.05319148936170213,0.1912613355317395,5.6,0.13822342462309087,93.5414814814815,88.8
824750,801139,2026-06-16,"Tolle, Payton",home,111,Boston Red Sox,141,Toronto Blue Jays,6,8,90,93.57555555555555,2175.5666666666666,0.08888888888888889,0.19524870081662954,5.4,0.12417036447073995,93.47255319148935,91.4
823123,801139,2026-06-21,"Tolle, Payton",away,111,Boston Red Sox,136,Seattle Mariners,2,5,79,93.91012658227848,2300.1012658227846,0.06329113924050633,0.22649863760217984,6.0,0.1278304951896942,93.65754665554165,92.4
824743,801139,2026-06-26,"Tolle, Payton",home,111,Boston Red Sox,147,New York Yankees,7,10,88,91.25,2158.5795454545455,0.11363636363636363,0.23160315374507226,4.6,0.10754754656720722,93.70968961905616,91.2
824740,801139,2026-07-01,"Tolle, Payton",home,111,Boston Red Sox,120,Washington Nationals,5,11,76,91.87894736842105,2226.2105263157896,0.14473684210526316,0.2171837708830549,4.6,0.09410460652852251,92.95968961905616,90.0
824579,801139,2026-07-07,"Tolle, Payton",away,111,Boston Red Sox,145,Chicago White Sox,6,12,91,92.86043956043956,2322.4835164835163,0.13186813186813187,0.23541543901001769,4.6,0.09274894464654483,92.69547909274038,85.4
823602,801139,2026-07-12,"Tolle, Payton",away,111,Boston Red Sox,121,New York Mets,7,16,66,92.95606060606062,2324.530303030303,0.24242424242424243,0.21737923375902277,5.2,0.10848427314783078,92.69501381333893,84.8
824736,801139,2026-07-20,"Tolle, Payton",home,111,Boston Red Sox,110,Baltimore Orioles,9,14,88,93.4159090909091,2282.2954545454545,0.1590909090909091,0.242152466367713,5.4,0.13919134385490148,92.57111482343994,80.0
824977,801139,2026-07-27,"Tolle, Payton",away,111,Boston Red Sox,133,Athletics,7,14,90,92.5,2273.5,0.15555555555555556,0.22533465542885472,6.8,0.15835129782498203,92.47227132516606,81.8
823920,801139,2026-08-01,"Tolle, Payton",away,111,Boston Red Sox,119,Los Angeles Dodgers,7,17,88,92.27272727272727,2238.5227272727275,0.19318181818181818,0.20538879697471046,6.8,0.1667351362088204,92.72227132516608,82.2
824727,801139,2026-08-07,"Tolle, Payton",home,111,Boston Red Sox,133,Athletics,14,19,84,92.80952380952381,2276.1309523809523,0.2261904761904762,0.22590909090909092,7.2,0.1764241314241314,92.8010273060273,84.6
822776,801139,2026-08-13,"Tolle, Payton",away,111,Boston Red Sox,141,Toronto Blue Jays,4,5,91,92.41868131868132,2325.3736263736264,0.054945054945054944,0.1953416831465612,8.8,0.1952886002886003,92.79084415584416,83.2
824722,801139,2026-08-19,"Tolle, Payton",home,111,Boston Red Sox,109,Arizona Diamondbacks,6,9,98,92.40816326530613,2344.0102040816328,0.09183673469387756,0.19247557680315944,8.2,0.1577927627927628,92.68336829836831,88.2
823594,804267,2026-08-01,"Thornton, Zac",home,121,New York Mets,146,Miami Marlins,2,7,94,86.93404255319149,2342.063829787234,0.07446808510638298,0.2163519005498446,4.4,0.10475748731846293,87.66333727097955,80.4
823349,804267,2026-08-07,"Thornton, Zac",away,121,New York Mets,134,Pittsburgh Pirates,3,4,63,88.0984126984127,2336.6507936507937,0.06349206349206349,0.24246395806028834,4.2,0.10465110433973952,87.59014578161785,83.2
824883,804267,2026-08-12,"Thornton, Zac",away,121,New York Mets,144,Atlanta Braves,2,5,80,86.755,2334.5375,0.0625,0.2141436464088398,3.4,0.08658028626892145,87.69264883412089,80.2
823586,804267,2026-08-18,"Thornton, Zac",home,121,New York Mets,135,San Diego Padres,7,12,99,87.14141414141415,2325.4242424242425,0.12121212121212122,0.21644652748189178,2.8,0.07712906675672633,87.42242932192578,79.8
824265,805673,2026-06-11,"Matthews, Zebby",away,142,Minnesota Twins,116,Detroit Tigers,4,7,81,88.37901234567902,2162.962962962963,0.08641975308641975,0.22772277227722773,5.2,0.0954578313253012,89.31784600219058,94.2
822888,805673,2026-06-16,"Matthews, Zebby",away,142,Minnesota Twins,140,Texas Rangers,4,9,93,89.0720430107527,2183.8602150537636,0.0967741935483871,0.2253155159613957,5.0,0.09828395061728394,89.19123883277216,93.8
823692,805673,2026-06-22,"Matthews, Zebby",home,142,Minnesota Twins,119,Los Angeles Dodgers,5,11,108,90.3712962962963,2325.1111111111113,0.10185185185185185,0.20513675783855903,4.6,0.09563878932696138,89.01704743492272,92.4
824176,805673,2026-06-29,"Matthews, Zebby",away,142,Minnesota Twins,117,Houston Astros,7,13,89,89.9,2316.7640449438204,0.14606741573033707,0.21575237511492493,4.4,0.09100915969733174,89.25267033054561,96.4
823526,805673,2026-07-04,"Matthews, Zebby",away,142,Minnesota Twins,147,New York Yankees,5,6,79,90.65949367088608,2188.1898734177216,0.0759493670886076,0.2345415778251599,4.4,0.09622264284339915,89.5364703305456,94.2
823685,805673,2026-07-10,"Matthews, Zebby",home,142,Minnesota Twins,108,Los Angeles Angels,3,10,102,89.99117647058824,2213.3823529411766,0.09803921568627451,0.2510530749789385,5.0,0.10141251626112066,89.67636906472282,90.0
824653,805673,2026-07-19,"Matthews, Zebby",away,142,Minnesota Twins,112,Chicago Cubs,4,7,87,91.14137931034483,2221.183908045977,0.08045977011494253,0.21434118560704116,4.8,0.10373640878109162,89.99880188970467,94.2
823680,805673,2026-07-24,"Matthews, Zebby",home,142,Minnesota Twins,133,Athletics,1,5,92,91.22934782608696,2255.532608695652,0.05434782608695652,0.22601170781369306,4.8,0.10047352409440272,90.4126691496231,93.0
823111,805673,2026-07-31,"Matthews, Zebby",away,142,Minnesota Twins,136,Seattle Mariners,10,15,101,90.57029702970297,2289.4059405940593,0.1485148514851485,0.22916160388821386,4.0,0.09097271894142364,90.58427945558122,89.8
823750,805673,2026-08-07,"Matthews, Zebby",away,142,Minnesota Twins,158,Milwaukee Brewers,4,5,83,89.28674698795182,2168.6746987951806,0.060240963855421686,0.2116591928251121,4.6,0.09146220609238594,90.71833886152181,92.2
823672,805673,2026-08-12,"Matthews, Zebby",home,142,Minnesota Twins,110,Baltimore Orioles,4,4,94,90.07127659574469,2274.063829787234,0.0425531914893617,0.24237063246351173,4.4,0.08832052544574875,90.44378952493496,93.0
823667,805673,2026-08-18,"Matthews, Zebby",home,142,Minnesota Twins,144,Atlanta Braves,4,6,90,90.75666666666667,2324.633333333333,0.06666666666666667,0.21427050053248137,4.6,0.07722332060636619,90.45980954996625,91.4
823067,808963,2026-05-02,"Sasaki, Roki",away,119,Los Angeles Dodgers,138,St. Louis Cardinals,4,10,104,91.88749999999999,1608.298076923077,0.09615384615384616,0.22102649006622516,4.4,0.1231982674535866,90.97754391707583,87.8
823953,808963,2026-05-11,"Sasaki, Roki",home,119,Los Angeles Dodgers,137,San Francisco Giants,5,11,91,93.23296703296704,1742.5164835164835,0.12087912087912088,0.21512027491408936,4.4,0.12191621617153532,90.9517105837425,93.0
824034,808963,2026-05-17,"Sasaki, Roki",away,119,Los Angeles Dodgers,108,Los Angeles Angels,8,16,91,90.85054945054945,1710.2967032967033,0.17582417582417584,0.2574370709382151,4.4,0.11942537368069281,91.50008176811369,93.2
823787,808963,2026-05-23,"Sasaki, Roki",away,119,Los Angeles Dodgers,158,Milwaukee Brewers,4,8,87,92.3551724137931,1804.9080459770114,0.09195402298850575,0.20053475935828877,4.8,0.1248029748029748,91.81146825396826,92.6
823945,808963,2026-05-30,"Sasaki, Roki",home,119,Los Angeles Dodgers,143,Philadelphia Phillies,7,18,84,93.30238095238094,1893.8809523809523,0.21428571428571427,0.22049835448989186,5.2,0.125245061451958,92.00301555723969,94.4
823943,808963,2026-06-05,"Sasaki, Roki",home,119,Los Angeles Dodgers,108,Los Angeles Angels,10,17,98,92.28061224489795,1654.6836734693877,0.17346938775510204,0.24655244463017134,5.6,0.13981937602627256,92.3257139699381,91.4
824588,808963,2026-06-12,"Sasaki, Roki",away,119,Los Angeles Dodgers,145,Chicago White Sox,4,10,91,92.9989010989011,1681.1758241758241,0.10989010989010989,0.23792834890965733,6.8,0.15528248434652375,92.40433641891771,90.2
823936,808963,2026-06-19,"Sasaki, Roki",home,119,Los Angeles Dodgers,110,Baltimore Orioles,6,16,90,93.87222222222222,1837.2,0.17777777777777778,0.2374175633460604,6.6,0.15308468214872156,92.35752323210451,90.2
823285,808963,2026-06-26,"Sasaki, Roki",away,119,Los Angeles Dodgers,135,San Diego Padres,2,6,81,92.78518518518518,1897.4814814814815,0.07407407407407407,0.231433506044905,6.2,0.15347540253944195,92.96185778643905,90.0
823935,808963,2026-07-02,"Sasaki, Roki",home,119,Los Angeles Dodgers,135,San Diego Padres,3,5,88,92.2159090909091,1694.1136363636363,0.056818181818181816,0.22619808306709266,5.8,0.1498994127565556,93.04786034071749,88.8
823928,808963,2026-07-08,"Sasaki, Roki",home,119,Los Angeles Dodgers,115,Colorado Rockies,5,11,78,92.91025641025641,1634.7435897435898,0.14102564102564102,0.22757847533632286,5.0,0.11840590626304912,92.8305659684231,89.6
823524,808963,2026-07-17,"Sasaki, Roki",away,119,Los Angeles Dodgers,147,New York Yankees,5,16,94,94.16063829787234,1750.2978723404256,0.1702127659574468,0.23976769911504425,4.0,0.11191715691715691,92.95649480149481,85.6
823601,808963,2026-07-24,"Sasaki, Roki",away,119,Los Angeles Dodgers,121,New York Mets,9,19,94,91.70851063829788,1591.212765957447,0.20212765957446807,0.22230828814872192,4.2,0.12398168813062431,93.18884224128905,86.2
823921,808963,2026-07-30,"Sasaki, Roki",home,119,Los Angeles Dodgers,136,Seattle Mariners,7,16,90,93.04888888888888,1708.6666666666667,0.17777777777777778,0.2287116564417178,4.8,0.12885166448996235,92.75609992450418,87.0
825051,808963,2026-08-07,"Sasaki, Roki",away,119,Los Angeles Dodgers,109,Arizona Diamondbacks,5,9,86,93.10697674418604,1697.0581395348838,0.10465116279069768,0.1923865967631639,5.8,0.1495924052307031,92.80884066524493,88.8
823915,808963,2026-08-13,"Sasaki, Roki",home,119,Los Angeles Dodgers,158,Milwaukee Brewers,2,11,101,92.57623762376238,1834.3663366336634,0.10891089108910891,0.21481796891632957,6.2,0.15915900142520628,92.9870541959003,88.4
824318,808963,2026-08-19,"Sasaki, Roki",away,119,Los Angeles Dodgers,115,Colorado Rockies,6,16,99,91.9030303030303,1728.858585858586,0.16161616161616163,0.22508841273143332,5.6,0.15273605143789987,92.92025043860151,93.0
823961,808967,2026-04-27,"Yamamoto, Yoshinobu",home,119,Los Angeles Dodgers,146,Miami Marlins,4,9,88,90.9875,2068.2954545454545,0.10227272727272728,0.20245979186376536,5.6,0.13160810920336086,90.33567095937427,96.8
824201,808967,2026-05-04,"Yamamoto, Yoshinobu",away,119,Los Angeles Dodgers,117,Houston Astros,8,13,95,91.2557894736842,2246.0315789473684,0.1368421052631579,0.1947863866763215,5.2,0.12048370728948528,90.59801306463741,95.4
823951,808967,2026-05-12,"Yamamoto, Yoshinobu",home,119,Los Angeles Dodgers,137,San Francisco Giants,8,13,93,91.87956989247311,2108.7526881720432,0.13978494623655913,0.21304926764314247,6.4,0.1248636225949904,90.74480314328231,97.0
823301,808967,2026-05-18,"Yamamoto, Yoshinobu",away,119,Los Angeles Dodgers,135,San Diego Padres,8,12,107,91.96728971962617,2208.0467289719627,0.11214953271028037,0.2318154937906564,6.8,0.13014019947116823,91.05679959600374,96.2
823786,808967,2026-05-24,"Yamamoto, Yoshinobu",away,119,Los Angeles Dodgers,158,Milwaukee Brewers,3,7,92,89.91304347826087,2252.108695652174,0.07608695652173914,0.20241216570529627,7.0,0.11603164447476275,91.23525753992898,96.8
823944,808967,2026-05-31,"Yamamoto, Yoshinobu",home,119,Los Angeles Dodgers,143,Philadelphia Phillies,10,17,104,91.91634615384615,2198.7596153846152,0.16346153846153846,0.22201665124884365,6.2,0.11342725360089276,91.20063851280887,95.0
823942,808967,2026-06-06,"Yamamoto, Yoshinobu",home,119,Los Angeles Dodgers,108,Los Angeles Angels,4,13,93,90.81182795698925,2247.1935483870966,0.13978494623655913,0.24896949711459193,7.4,0.12566501583865503,91.38640774357809,98.2
824587,808967,2026-06-13,"Yamamoto, Yoshinobu",away,119,Los Angeles Dodgers,145,Chicago White Sox,7,12,109,91.9348623853211,2258.605504587156,0.11009174311926606,0.23696319018404907,6.6,0.12625358403333525,91.29761544023911,97.8
823937,808967,2026-06-20,"Yamamoto, Yoshinobu",home,119,Los Angeles Dodgers,110,Baltimore Orioles,6,9,102,90.88333333333334,2262.1666666666665,0.08823529411764706,0.23807890222984562,6.4,0.12031494340987663,91.30867393880871,101.0
823283,808967,2026-06-27,"Yamamoto, Yoshinobu",away,119,Los Angeles Dodgers,135,San Diego Padres,4,7,89,90.26516853932584,2222.14606741573,0.07865168539325842,0.22979884077736107,6.0,0.11553209569134996,91.09188266155014,100.0
823932,808967,2026-07-04,"Yamamoto, Yoshinobu",home,119,Los Angeles Dodgers,135,San Diego Padres,10,14,100,92.38799999999999,2118.53,0.14,0.22786783042394015,6.2,0.11604504146565382,91.16230767376314,99.4
823926,808967,2026-07-11,"Yamamoto, Yoshinobu",home,119,Los Angeles Dodgers,109,Arizona Diamondbacks,6,8,103,91.02135922330098,2133.8155339805826,0.07766990291262135,0.19543509272467904,6.2,0.11135273377334613,91.2566384429939,98.6
823523,808967,2026-07-19,"Yamamoto, Yoshinobu",away,119,Los Angeles Dodgers,147,New York Yankees,7,6,102,91.42843137254903,2080.4313725490197,0.058823529411764705,0.23972602739726026,6.6,0.09892972510855857,91.29854469625624,100.6
823600,808967,2026-07-25,"Yamamoto, Yoshinobu",away,119,Los Angeles Dodgers,121,New York Mets,5,13,100,90.554,2207.52,0.13,0.223303457106274,6.6,0.0886760823670583,91.19725849370182,99.2
823920,808967,2026-08-01,"Yamamoto, Yoshinobu",home,119,Los Angeles Dodgers,111,Boston Red Sox,3,5,96,92.16979166666665,2182.2916666666665,0.052083333333333336,0.21970251158254084,6.4,0.0970290235435289,91.13139182703517,98.8
825049,808967,2026-08-08,"Yamamoto, Yoshinobu",away,119,Los Angeles Dodgers,109,Arizona Diamondbacks,6,8,107,92.21495327102804,2040.6261682242991,0.07476635514018691,0.19285552792222474,6.2,0.09171535313154387,91.51231645250333,100.2
823913,808967,2026-08-14,"Yamamoto, Yoshinobu",home,119,Los Angeles Dodgers,158,Milwaukee Brewers,9,10,97,91.25567010309278,2313.0103092783506,0.10309278350515463,0.21434599156118145,5.4,0.07866862415958126,91.47770710670895,101.6
823911,808967,2026-08-21,"Yamamoto, Yoshinobu",home,119,Los Angeles Dodgers,134,Pittsburgh Pirates,9,14,107,91.68971962616821,2092.2056074766356,0.1308411214953271,0.2405416168857029,6.0,0.0837532002780879,91.5245692826673,100.4
824852,813349,2026-04-26,"Early, Connelly",away,111,Boston Red Sox,110,Baltimore Orioles,4,8,92,88.36739130434783,2158.163043478261,0.08695652173913043,0.24248302618816683,4.8,0.08530314970918969,88.00942479597317,89.4
824771,813349,2026-05-02,"Early, Connelly",home,111,Boston Red Sox,117,Houston Astros,3,8,77,88.75454545454546,2006.8181818181818,0.1038961038961039,0.19521604938271606,4.4,0.08811112072368243,87.9414447235094,88.6
824768,813349,2026-05-08,"Early, Connelly",home,111,Boston Red Sox,139,Tampa Bay Rays,8,8,96,88.35416666666667,2058.4270833333335,0.08333333333333333,0.1822695035460993,4.2,0.08843579604835775,88.47712654169122,86.4
824925,813349,2026-05-15,"Early, Connelly",away,111,Boston Red Sox,144,Atlanta Braves,6,8,86,88.61976744186046,2035.7558139534883,0.09302325581395349,0.2078853046594982,4.8,0.08417223015688488,88.56470406107107,88.4
824111,813349,2026-05-20,"Early, Connelly",away,111,Boston Red Sox,118,Kansas City Royals,5,11,93,88.78709677419356,2128.0860215053763,0.11827956989247312,0.21734417344173443,5.0,0.08865923426085205,88.59830460826669,88.6
824756,813349,2026-05-27,"Early, Connelly",home,111,Boston Red Sox,144,Atlanta Braves,7,10,97,89.11546391752579,2064.7113402061855,0.10309278350515463,0.2096466093600764,5.2,0.09709775693499885,88.5765935283228,88.8
824754,813349,2026-06-02,"Early, Connelly",home,111,Boston Red Sox,110,Baltimore Orioles,6,11,96,90.04166666666667,2168.3958333333335,0.11458333333333333,0.2358117025956885,5.8,0.10032500928820369,88.72620805095839,89.8
822972,813349,2026-06-08,"Early, Connelly",away,111,Boston Red Sox,139,Tampa Bay Rays,6,12,96,91.04479166666665,2156.6770833333335,0.125,0.19011725293132328,6.4,0.10246245517564959,88.98363229338263,93.6
824751,813349,2026-06-14,"Early, Connelly",home,111,Boston Red Sox,140,Texas Rangers,3,5,91,87.85274725274725,2180.6263736263736,0.054945054945054944,0.226890756302521,6.0,0.1107957885089829,89.52175729338263,93.6
823126,813349,2026-06-20,"Early, Connelly",away,111,Boston Red Sox,136,Seattle Mariners,7,13,98,89.6734693877551,2286.3673469387754,0.1326530612244898,0.22562866000688941,5.4,0.10318014833520321,89.36835325555998,94.6
824747,813349,2026-06-25,"Early, Connelly",home,111,Boston Red Sox,147,New York Yankees,9,17,98,90.00408163265305,2210.887755102041,0.17346938775510204,0.23120425815036594,5.8,0.10605484660160655,89.54562777827229,95.6
824742,813349,2026-06-30,"Early, Connelly",home,111,Boston Red Sox,120,Washington Nationals,5,7,61,88.79672131147541,2135.6065573770493,0.11475409836065574,0.21745696164300815,6.2,0.12013016745159602,89.72335132129774,95.8
822899,837227,2026-05-25,"Imai, Tatsuya",away,117,Houston Astros,140,Texas Rangers,2,4,97,90.37525773195875,2137.8865979381444,0.041237113402061855,0.23246287762416795,4.0,0.13009056929269697,90.93009574468086,71.8
824187,837227,2026-05-31,"Imai, Tatsuya",home,117,Houston Astros,158,Milwaukee Brewers,5,8,110,90.9590909090909,2254.518181818182,0.07272727272727272,0.2099056603773585,3.6,0.11941907305419039,90.80271485864017,76.4
824184,837227,2026-06-06,"Imai, Tatsuya",home,117,Houston Astros,133,Athletics,8,17,92,89.53152173913043,2067.891304347826,0.18478260869565216,0.21970321516900249,3.0,0.10204963398262368,91.1079372957775,79.6
824102,837227,2026-06-12,"Imai, Tatsuya",away,117,Houston Astros,118,Kansas City Royals,1,4,38,92.41052631578947,2132.0789473684213,0.10526315789473684,0.21340996168582377,4.6,0.1336007503163487,90.84289029225224,90.6
824179,837227,2026-06-19,"Imai, Tatsuya",home,117,Houston Astros,114,Cleveland Guardians,11,18,89,90.66741573033707,2005.2247191011236,0.20224719101123595,0.2102454642475987,4.2,0.13215338189529607,90.96149555541012,82.2
824258,837227,2026-06-25,"Imai, Tatsuya",away,117,Houston Astros,116,Detroit Tigers,10,15,96,90.12604166666667,2030.2916666666667,0.15625,0.22967959527824622,5.4,0.1212514687461919,90.78876248526133,85.2
824174,837227,2026-07-01,"Imai, Tatsuya",home,117,Houston Astros,142,Minnesota Twins,2,4,57,89.57719298245614,1949.8245614035088,0.07017543859649122,0.21346618357487923,7.0,0.14425404606577955,90.7389192722029,85.0
822713,837227,2026-07-07,"Imai, Tatsuya",away,117,Houston Astros,120,Washington Nationals,3,9,84,89.8797619047619,2091.4285714285716,0.10714285714285714,0.21496904895891952,6.4,0.14374367923962322,90.46253968687594,74.4
824165,837227,2026-07-21,"Imai, Tatsuya",home,117,Houston Astros,146,Miami Marlins,8,14,96,89.47291666666666,2061.4166666666665,0.14583333333333334,0.21587634267749542,5.4,0.12821572892906422,90.53218772000226,72.8
824001,837227,2026-07-27,"Imai, Tatsuya",away,117,Houston Astros,108,Los Angeles Angels,1,3,33,92.0,2140.4242424242425,0.09090909090909091,0.25024975024975027,6.8,0.1363297640167835,89.9446657901777,84.4
